-- phpMyAdmin SQL Dump
-- version 5.2.0
-- https://www.phpmyadmin.net/
--
-- Servidor: localhost
-- Tiempo de generación: 27-04-2023 a las 16:26:31
-- Versión del servidor: 10.4.27-MariaDB
-- Versión de PHP: 8.1.12

SET SQL_MODE = "NO_AUTO_VALUE_ON_ZERO";
START TRANSACTION;
SET time_zone = "+00:00";


/*!40101 SET @OLD_CHARACTER_SET_CLIENT=@@CHARACTER_SET_CLIENT */;
/*!40101 SET @OLD_CHARACTER_SET_RESULTS=@@CHARACTER_SET_RESULTS */;
/*!40101 SET @OLD_COLLATION_CONNECTION=@@COLLATION_CONNECTION */;
/*!40101 SET NAMES utf8mb4 */;

--
-- Base de datos: `cepo_de_oro`
--

-- --------------------------------------------------------

--
-- Estructura de tabla para la tabla `Account`
--

CREATE TABLE `Account` (
  `number` int(11) NOT NULL,
  `dni` varchar(10) NOT NULL
) ENGINE=InnoDB DEFAULT CHARSET=utf8mb4 COLLATE=utf8mb4_general_ci;

--
-- Volcado de datos para la tabla `Account`
--

INSERT INTO `Account` (`number`, `dni`) VALUES
(0, '0000000000'),
(14, '0103005567'),
(9, '0401123609'),
(35, '0703368118'),
(48, '0803130632'),
(31, '0804528958'),
(4, '1703253326'),
(16, '1703277978'),
(21, '1703919538'),
(18, '1706360177'),
(30, '1706772884'),
(40, '1707949101'),
(47, '1707953327'),
(17, '1708049141'),
(5, '1708550197'),
(51, '1709878704'),
(20, '1709972655'),
(2, '1711651347'),
(1, '1712646221'),
(41, '1713072856'),
(46, '1713328449'),
(19, '1713829677'),
(49, '1713848875'),
(38, '1714681986'),
(43, '1714728027'),
(26, '1714932025'),
(45, '1715406227'),
(50, '1720896222'),
(13, '1722815907'),
(53, '1725264194'),
(24, '1725975658'),
(28, '1727196279'),
(34, '1727625434'),
(12, '1751905850'),
(23, '1752387504'),
(33, '1755007893'),
(37, '1755176342'),
(22, '1756525109'),
(3, '1760203248');

-- --------------------------------------------------------

--
-- Estructura de tabla para la tabla `Discharge`
--

CREATE TABLE `Discharge` (
  `number` int(11) NOT NULL,
  `date` date NOT NULL,
  `place` varchar(20) NOT NULL,
  `beneficiary` varchar(40) NOT NULL,
  `amount` float NOT NULL,
  `is_transfer` tinyint(1) DEFAULT 0
) ENGINE=InnoDB DEFAULT CHARSET=utf8mb4 COLLATE=utf8mb4_general_ci;

--
-- Volcado de datos para la tabla `Discharge`
--

INSERT INTO `Discharge` (`number`, `date`, `place`, `beneficiary`, `amount`, `is_transfer`) VALUES
(-1, '2022-11-12', 'Loreto', 'Susana Cueva', 4, 0),
(1, '2022-07-02', 'Loreto', 'Impresiones Leo', 52, 0),
(2, '2022-07-02', 'Loreto', 'Berta Espin', 115, 0),
(3, '2022-07-02', 'Loreto', 'Mayra Cornejo', 115, 0),
(4, '2022-07-02', 'Loreto', 'Mayra Soledad Vasco', 115, 0),
(5, '2022-07-02', 'ANULADO', 'ANULADO', 0, 0),
(6, '2022-07-02', 'Loreto', 'Karen Lugmaña', 150, 0),
(7, '2022-07-02', 'ANULADO', 'ANULADO', 0, 0),
(8, '2022-07-02', 'Loreto', 'Marlene Arcos', 100, 0),
(9, '2022-08-06', 'Loreto', 'Nayeli Arteaga', 136, 0),
(10, '2022-08-06', 'Loreto', 'Martha Vasco', 136, 0),
(11, '2022-08-06', 'Loreto', 'Yolanda Espin', 300, 0),
(12, '2022-08-06', 'Loreto', 'Mayra Sanchez', 92, 0),
(13, '2022-08-06', 'Loreto', 'Sandra Sanchez', 76, 0),
(14, '2022-08-06', 'Loreto', 'Bertha Espin', 300, 0),
(15, '2022-08-06', 'Loreto', 'Susana Cueva', 3.75, 0),
(16, '2022-09-03', 'Loreto', 'Sandra Sanchez', 200, 0),
(17, '2022-10-01', 'Loreto', 'Carmen Espin', 178, 0),
(18, '2022-10-01', 'Loreto', 'Laura Fernandez', 200, 0),
(19, '2022-10-01', 'Loreto', 'Nayeli Arteaga', 200, 0),
(20, '2022-10-01', 'Loreto', 'Maria Soledad Vasco', 300, 0),
(21, '2022-10-01', 'Loreto', 'Bertha Espin', 1500, 0),
(22, '2022-10-01', 'Loreto', 'Paola Pachacama', 600, 0),
(23, '2022-11-12', 'Loreto', 'Sandra Sanchez (Cecilia)', 340, 0),
(24, '2022-11-12', 'Loreto', 'Marlene Arcos', 1000, 0),
(25, '2022-11-12', 'Loreto', 'Martha Vasco', 500, 0),
(26, '2022-11-12', 'Loreto', 'Gabriel Culqui (Sandra Betancourt)', 200, 0),
(27, '2022-11-12', 'Loreto', 'Carlos Celi (Sandra Sanchez)', 200, 0),
(28, '2022-11-12', 'Loreto', 'Mariuxi Celi Culqui', 200, 0),
(29, '2022-12-03', 'Loreto', 'Ismael Silva', 100, 0),
(30, '2022-12-03', 'Loreto', 'Maria Soledad Vasco', 1200, 0),
(31, '2022-12-03', 'Loreto', 'Luis Cuascota', 51.74, 0),
(32, '2022-12-03', 'Loreto', 'Susana Cueva', 1000, 1),
(33, '2022-12-03', 'Loreto', 'Bertha Espin', 250, 0),
(34, '2023-01-07', 'Loreto', 'Edison Logacho', 241, 0),
(35, '2023-01-07', 'ANULADO', 'ANULADO', 0, 0),
(36, '2023-01-07', 'Loreto', 'Dario Pachacama', 241, 0),
(37, '2023-01-07', 'Loreto', 'Yolanda Espin', 1000, 0),
(38, '2023-02-04', 'Loreto', 'Cecilia Sanchez (Sandra Sanchez)', 1000, 0),
(39, '2023-02-04', 'Loreto', 'Jacqueline Ñacato', 1200, 1),
(40, '2023-02-04', 'Loreto', 'Luis Anibal Espin', 300, 0),
(41, '2023-02-04', 'Loreto', 'Susana Cueva', 5, 0),
(42, '2023-03-04', 'Loreto', 'Nayeli Arteaga', 500, 0),
(43, '2023-03-04', 'Loreto', 'Laura Fernandez', 1200, 0),
(44, '2023-03-04', 'Loreto', 'Mayra Sanchez', 500, 0),
(45, '2023-03-04', 'Loreto', 'Susana Cueva', 5, 0),
(46, '2023-03-04', 'Loreto', 'Impresiones Leo', 20, 1),
(47, '2023-04-01', 'Loreto', 'SUSANA CUEVA', 5, 0);

-- --------------------------------------------------------

--
-- Estructura de tabla para la tabla `Discharge_detail`
--

CREATE TABLE `Discharge_detail` (
  `discharge_number` int(11) NOT NULL,
  `description` varchar(100) NOT NULL,
  `value` float NOT NULL
) ENGINE=InnoDB DEFAULT CHARSET=utf8mb4 COLLATE=utf8mb4_general_ci;

--
-- Volcado de datos para la tabla `Discharge_detail`
--

INSERT INTO `Discharge_detail` (`discharge_number`, `description`, `value`) VALUES
(1, 'Pago de impresion de comprobantes', 52),
(2, 'Prestamo para ingreso a la caja', 115),
(3, 'Prestamo para ingreso a la caja', 115),
(4, 'Prestamo para ingreso a la caja', 115),
(6, 'Prestamo para ingreso a la caja', 150),
(8, 'Prestamo para ingreso a la caja', 100),
(9, 'Prestamo para ingreso a la caja', 136),
(10, 'Prestamo para ingreso a la caja', 136),
(11, 'Emprendimiento personal', 300),
(12, 'Prestamo para ingreso a la caja', 92),
(13, 'Prestamo para ingreso a la caja', 76),
(14, 'Inversion para comercio negocio', 300),
(15, 'Alquiler de sillas', 3.75),
(16, 'Prestamo a seis meses plazo para estudios', 200),
(17, 'Prestamo para ingreso a la caja', 178),
(18, 'Emprendimiento/Negocio', 200),
(19, 'Emprendimiento personal', 200),
(20, 'Emprendimiento/Agricultura', 300),
(21, 'Credito Negocio', 1500),
(22, 'Estudios', 600),
(23, 'Compra de fertilizantes agricolas', 340),
(24, 'Construccion', 1000),
(25, 'Comercio', 500),
(26, 'Prestamo para ingreso a la caja', 200),
(27, 'Prestamo para ingreso a la caja', 200),
(28, 'Prestamo para ingreso a la caja', 200),
(29, 'Prestamo para ingreso a la caja', 100),
(30, 'Prestamo Solicitud 18, tabla 29', 1200),
(31, 'Pago de compras de papeleria', 51.74),
(32, 'Prestamo $1000', 1000),
(33, 'Presupuesto para evento Navideño', 250),
(34, 'Ingreso como socio a la caja', 241),
(36, 'Ingreso como socio a la caja', 241),
(37, 'Prestamo', 1000),
(38, 'Prestamo 12 meses plazo, para insumos agricolas', 1000),
(39, 'Prestamo 24 meses plazo, negocio inflables', 1200),
(40, 'Prestamo 6 meses plazo, consumo', 300),
(41, 'Alquiler Local', 5),
(-1, 'Alquiler Local', 4),
(42, 'Prestamo 12 meses plazo para emprendimiento', 500),
(43, 'Prestamo 12 meses plazo para estudios', 1200),
(44, 'Prestamo 8 meses plazo', 500),
(45, 'Alquiler de local', 5),
(46, 'Impresion de comprobantes', 20),
(47, 'Alquiler de local', 5);

-- --------------------------------------------------------

--
-- Estructura de tabla para la tabla `Entry`
--

CREATE TABLE `Entry` (
  `number` int(11) NOT NULL,
  `account_number` int(11) DEFAULT NULL,
  `amount` float NOT NULL,
  `date` date NOT NULL,
  `place` varchar(20) DEFAULT 'Loreto',
  `is_transfer` tinyint(1) DEFAULT 0
) ENGINE=InnoDB DEFAULT CHARSET=utf8mb4 COLLATE=utf8mb4_general_ci;

--
-- Volcado de datos para la tabla `Entry`
--

INSERT INTO `Entry` (`number`, `account_number`, `amount`, `date`, `place`, `is_transfer`) VALUES
(-2, 20, 200, '2022-10-01', 'Loreto', 0),
(-1, 21, 178, '2022-10-01', 'Loreto', 0),
(1, 19, 115, '2022-07-02', 'Loreto', 0),
(2, 17, 115, '2022-07-02', 'Loreto', 0),
(3, 16, 115, '2022-07-02', 'Loreto', 0),
(4, 18, 115, '2022-07-02', 'Loreto', 0),
(5, 14, 115, '2022-07-02', 'Loreto', 0),
(6, 12, 115, '2022-07-02', 'Loreto', 0),
(7, 1, 115, '2022-07-02', 'Loreto', 0),
(8, 4, 115, '2022-07-02', 'Loreto', 0),
(9, 24, 115, '2022-07-02', 'Loreto', 0),
(10, 22, 115, '2022-07-02', 'Loreto', 0),
(11, 13, 115, '2022-07-02', 'Loreto', 0),
(12, 23, 115, '2022-07-02', 'Loreto', 0),
(13, 5, 115, '2022-07-02', 'Loreto', 0),
(14, 9, 115, '2022-07-02', 'Loreto', 0),
(15, 20, 115, '2022-07-02', 'Loreto', 0),
(16, 41, 115, '2022-07-02', 'Loreto', 0),
(17, 26, 115, '2022-07-02', 'Loreto', 0),
(18, 40, 121, '2022-08-06', 'Loreto', 0),
(19, 49, 136, '2022-08-06', 'Loreto', 0),
(20, 28, 136, '2022-08-06', 'Loreto', 0),
(21, 47, 136, '2022-08-06', 'Loreto', 0),
(22, 2, 136, '2022-08-06', 'Loreto', 0),
(23, 1, 22, '2022-08-06', 'Loreto', 0),
(24, 20, 138.3, '2022-08-06', 'Loreto', 0),
(25, 12, 42.47, '2022-08-06', 'Loreto', 0),
(26, 14, 21, '2022-08-06', 'Loreto', 0),
(27, 4, 80.8, '2022-08-06', 'Loreto', 0),
(28, 5, 21, '2022-08-06', 'Loreto', 0),
(29, 16, 21, '2022-08-06', 'Loreto', 0),
(30, 18, 21, '2022-08-06', 'Loreto', 0),
(31, 26, 73, '2022-08-06', 'Loreto', 0),
(32, 9, 21, '2022-08-06', 'Loreto', 0),
(33, 41, 21, '2022-08-06', 'Loreto', 0),
(34, 24, 49, '2022-08-06', 'Loreto', 0),
(35, 22, 30, '2022-08-06', 'Loreto', 0),
(36, 43, 136, '2022-08-06', 'Loreto', 0),
(37, 48, 136, '2022-08-06', 'Loreto', 0),
(38, 45, 136, '2022-08-06', 'Loreto', 0),
(39, 46, 136, '2022-08-06', 'Loreto', 0),
(40, 13, 21, '2022-08-06', 'Loreto', 0),
(41, 17, 21, '2022-08-06', 'Loreto', 0),
(42, 23, 21, '2022-08-06', 'Loreto', 0),
(43, 20, 1, '2022-08-06', 'Loreto', 0),
(44, 28, 91.72, '2022-09-03', 'Loreto', 0),
(45, 40, 36, '2022-09-03', 'Loreto', 0),
(46, 49, 21, '2022-09-03', 'Loreto', 0),
(47, 43, 21, '2022-09-03', 'Loreto', 0),
(48, 2, 21, '2022-09-03', 'Loreto', 0),
(49, 20, 56, '2022-09-03', 'Loreto', 0),
(50, 48, 21, '2022-09-03', 'Loreto', 0),
(51, 46, 37.72, '2022-09-03', 'Loreto', 0),
(52, 45, 41.24, '2022-09-03', 'Loreto', 0),
(53, 4, 80.8, '2022-09-03', 'Loreto', 0),
(54, 12, 42.47, '2022-09-03', 'Loreto', 0),
(55, 16, 21, '2022-09-03', 'Loreto', 0),
(56, 18, 21, '2022-09-03', 'Loreto', 0),
(57, 14, 21, '2022-09-03', 'Loreto', 0),
(58, 26, 73, '2022-09-03', 'Loreto', 0),
(59, 19, 43, '2022-09-03', 'Loreto', 0),
(60, 1, 77, '2022-09-03', 'Loreto', 0),
(61, 9, 21, '2022-09-03', 'Loreto', 0),
(62, 41, 21, '2022-09-03', 'Loreto', 0),
(63, 5, 21, '2022-09-03', 'Loreto', 0),
(64, 20, 21, '2022-09-03', 'Loreto', 0),
(65, 13, 21, '2022-09-03', 'Loreto', 0),
(66, 23, 21, '2022-09-03', 'Loreto', 0),
(67, 17, 21, '2022-09-03', 'Loreto', 0),
(68, 30, 157, '2022-09-03', 'Loreto', 0),
(69, 46, 1, '2022-09-03', 'Loreto', 0),
(70, 46, 75.05, '2022-10-01', 'Loreto', 0),
(71, 48, 21, '2022-10-01', 'Loreto', 0),
(72, 45, 41.24, '2022-10-01', 'Loreto', 0),
(73, 26, 21, '2022-10-01', 'Loreto', 0),
(74, 9, 21, '2022-10-01', 'Loreto', 0),
(75, 41, 21, '2022-10-01', 'Loreto', 0),
(76, 14, 21, '2022-10-01', 'Loreto', 0),
(77, 12, 42.47, '2022-10-01', 'Loreto', 0),
(78, 28, 91.72, '2022-10-01', 'Loreto', 0),
(79, 0, 0, '2022-10-01', 'ANULADO', 0),
(80, 47, 189.44, '2022-10-01', 'Loreto', 0),
(81, 2, 21, '2022-10-01', 'Loreto', 0),
(82, 20, 56, '2022-10-01', 'Loreto', 0),
(83, 4, 21, '2022-10-01', 'Loreto', 0),
(84, 49, 21, '2022-10-01', 'Loreto', 0),
(85, 16, 21, '2022-10-01', 'Loreto', 0),
(86, 18, 21, '2022-10-01', 'Loreto', 0),
(87, 30, 21, '2022-10-01', 'Loreto', 0),
(88, 40, 21, '2022-10-01', 'Loreto', 0),
(89, 20, 21, '2022-10-01', 'Loreto', 0),
(90, 43, 21, '2022-10-01', 'Loreto', 0),
(91, 17, 21, '2022-10-01', 'Loreto', 0),
(92, 1, 77, '2022-10-01', 'Loreto', 0),
(93, 19, 21, '2022-10-01', 'Loreto', 0),
(94, 13, 21, '2022-10-01', 'Loreto', 0),
(95, 23, 21, '2022-10-01', 'Loreto', 0),
(96, 41, 21, '2022-11-12', 'Loreto', 0),
(97, 9, 21, '2022-11-12', 'Loreto', 0),
(98, 26, 21, '2022-11-12', 'Loreto', 0),
(99, 16, 21, '2022-11-12', 'Loreto', 0),
(100, 18, 21, '2022-11-12', 'Loreto', 0),
(101, 49, 21, '2022-11-12', 'Loreto', 0),
(102, 21, 54.23, '2022-11-12', 'Loreto', 0),
(103, 30, 21, '2022-11-12', 'Loreto', 0),
(104, 40, 21, '2022-11-12', 'Loreto', 0),
(105, 46, 37.72, '2022-11-12', 'Loreto', 0),
(106, 46, 30.4, '2022-11-12', 'Loreto', 0),
(107, 43, 21, '2022-11-12', 'Loreto', 0),
(108, 47, 21, '2022-11-12', 'Loreto', 0),
(109, 12, 42.47, '2022-11-12', 'Loreto', 0),
(110, 48, 158.34, '2022-11-12', 'Loreto', 0),
(111, 2, 21, '2022-11-12', 'Loreto', 0),
(112, 1, 77, '2022-11-12', 'Loreto', 0),
(113, 14, 58.33, '2022-11-12', 'Loreto', 0),
(114, 45, 41.24, '2022-11-12', 'Loreto', 0),
(115, 0, 0, '2022-11-12', 'ANULADO', 0),
(116, 24, 156.5, '2022-11-12', 'Loreto', 0),
(117, 4, 127, '2022-11-12', 'Loreto', 0),
(118, 28, 58.33, '2022-11-12', 'Loreto', 0),
(119, 5, 43, '2022-11-12', 'Loreto', 0),
(120, 20, 113.5, '2022-11-12', 'Loreto', 1),
(121, 0, 0, '2022-11-12', 'ANULADO', 0),
(122, 13, 118.71, '2022-11-12', 'Loreto', 0),
(123, 23, 21, '2022-11-12', 'Loreto', 0),
(124, 48, 34.33, '2022-11-12', 'Loreto', 0),
(125, 3, 200, '2022-11-12', 'Loreto', 0),
(126, 31, 200, '2022-11-12', 'Loreto', 0),
(127, 35, 200, '2022-11-12', 'Loreto', 0),
(128, 21, 54.23, '2022-12-03', 'Loreto', 0),
(129, 40, 21, '2022-12-03', 'Loreto', 0),
(130, 49, 21, '2022-12-03', 'Loreto', 0),
(131, 46, 21, '2022-12-03', 'Loreto', 0),
(132, 48, 70.3, '2022-12-03', 'Loreto', 0),
(133, 31, 75, '2022-12-03', 'Loreto', 0),
(134, 45, 41.24, '2022-12-03', 'Loreto', 0),
(135, 26, 96.56, '2022-12-03', 'Loreto', 0),
(136, 30, 21, '2022-12-03', 'Loreto', 0),
(137, 28, 58.33, '2022-12-03', 'Loreto', 0),
(138, 41, 21, '2022-12-03', 'Loreto', 0),
(139, 9, 21, '2022-12-03', 'Loreto', 0),
(140, 3, 91.31, '2022-12-03', 'Loreto', 0),
(141, 2, 21, '2022-12-03', 'Loreto', 0),
(142, 23, 21, '2022-12-03', 'Loreto', 0),
(143, 13, 118.71, '2022-12-03', 'Loreto', 1),
(144, 33, 221, '2022-12-03', 'Loreto', 0),
(145, 4, 127, '2022-12-03', 'Loreto', 0),
(146, 5, 21, '2022-12-03', 'Loreto', 0),
(147, 12, 42.47, '2022-12-03', 'Loreto', 0),
(148, 14, 58.33, '2022-12-03', 'Loreto', 0),
(149, 1, 77, '2022-12-03', 'Loreto', 0),
(150, 20, 113.5, '2022-12-03', 'Loreto', 0),
(151, 4, 100, '2022-12-03', 'Loreto', 0),
(152, 20, 1375, '2022-12-03', 'Loreto', 1),
(153, 19, 43, '2022-12-03', 'Loreto', 1),
(154, 43, 21, '2022-12-03', 'Loreto', 1),
(155, 17, 66, '2023-01-07', 'Loreto', 1),
(156, 30, 21, '2023-01-07', 'Loreto', 0),
(157, 13, 118.71, '2023-01-07', 'Loreto', 1),
(158, 26, 95.45, '2023-01-07', 'Loreto', 0),
(159, 34, 242, '2023-01-07', 'Loreto', 0),
(160, 40, 21, '2023-01-07', 'Loreto', 0),
(161, 21, 54.23, '2023-01-07', 'Loreto', 0),
(162, 16, 43, '2023-01-07', 'Loreto', 0),
(163, 18, 43, '2023-01-07', 'Loreto', 0),
(164, 46, 21, '2023-01-07', 'Loreto', 0),
(165, 31, 175, '2023-01-07', 'Loreto', 0),
(166, 45, 41.24, '2023-01-07', 'Loreto', 0),
(167, 48, 69.45, '2023-01-07', 'Loreto', 0),
(168, 47, 250, '2023-01-07', 'Loreto', 0),
(169, 14, 58.33, '2023-01-07', 'Loreto', 0),
(170, 12, 42.47, '2023-01-07', 'Loreto', 0),
(171, 43, 21, '2023-01-07', 'Loreto', 0),
(172, 49, 21, '2023-01-07', 'Loreto', 0),
(173, 33, 48, '2023-01-07', 'Loreto', 0),
(174, 35, 267, '2023-01-07', 'Loreto', 0),
(175, 0, 0, '2023-01-07', 'ANULADO', 0),
(176, 37, 241, '2023-01-07', 'Loreto', 0),
(177, 41, 21, '2023-01-07', 'Loreto', 0),
(178, 9, 21, '2023-01-07', 'Loreto', 0),
(179, 23, 21, '2023-01-07', 'Loreto', 0),
(180, 20, 21, '2023-01-07', 'Loreto', 0),
(181, 38, 241, '2023-01-07', 'Loreto', 0),
(182, 2, 82.67, '2023-01-07', 'Loreto', 0),
(183, 4, 95, '2023-01-07', 'Loreto', 0),
(184, 3, 157.65, '2023-01-07', 'Loreto', 1),
(185, 5, 21, '2023-01-07', 'Loreto', 0),
(186, 24, 52.5, '2023-01-07', 'Loreto', 0),
(187, 50, 241, '2023-01-07', 'Loreto', 0),
(188, 1, 128, '2023-01-07', 'Loreto', 0),
(189, 19, 43, '2023-02-04', 'Loreto', 0),
(190, 28, 120.99, '2023-02-04', 'Loreto', 0),
(191, 34, 21, '2023-02-04', 'Loreto', 0),
(192, 40, 21, '2023-02-04', 'Loreto', 0),
(193, 30, 21, '2023-02-04', 'Loreto', 0),
(194, 38, 65.99, '2023-02-04', 'Loreto', 0),
(195, 18, 21, '2023-02-04', 'Loreto', 0),
(196, 16, 21, '2023-02-04', 'Loreto', 0),
(197, 4, 187, '2023-02-04', 'Loreto', 0),
(198, 21, 54.23, '2023-02-04', 'Loreto', 0),
(199, 51, 262, '2023-02-04', 'Loreto', 0),
(200, 35, 21, '2023-02-04', 'Loreto', 0),
(201, 31, 21, '2023-02-04', 'Loreto', 0),
(202, 37, 21, '2023-02-04', 'Loreto', 0),
(203, 45, 21, '2023-02-04', 'Loreto', 0),
(204, 46, 21, '2023-02-04', 'Loreto', 0),
(205, 48, 153.6, '2023-02-04', 'Loreto', 0),
(206, 5, 21, '2023-02-04', 'Loreto', 0),
(207, 12, 21, '2023-02-04', 'Loreto', 0),
(208, 14, 58.33, '2023-02-04', 'Loreto', 0),
(209, 50, 65.99, '2023-02-04', 'Loreto', 0),
(210, 48, 128.5, '2023-02-04', 'Loreto', 0),
(211, 9, 21, '2023-02-04', 'Loreto', 0),
(212, 41, 21, '2023-02-04', 'Loreto', 0),
(213, 43, 21, '2023-02-04', 'Loreto', 0),
(214, 1, 124.33, '2023-02-04', 'Loreto', 0),
(215, 24, 73.5, '2023-02-04', 'Loreto', 0),
(216, 26, 95.45, '2023-02-04', 'Loreto', 0),
(217, 47, 128, '2023-02-04', 'Loreto', 0),
(218, 49, 21, '2023-02-04', 'Loreto', 0),
(219, 33, 48, '2023-02-04', 'Loreto', 0),
(220, 3, 21, '2023-02-04', 'Loreto', 0),
(221, 20, 21, '2023-02-04', 'Loreto', 0),
(222, 5, 1, '2023-02-04', 'Loreto', 0),
(223, 19, 1, '2023-02-04', 'Loreto', 0),
(224, 2, 81.84, '2023-02-04', 'Loreto', 1),
(225, 23, 21, '2023-02-04', 'Loreto', 0),
(226, 13, 118.71, '2023-02-04', 'Loreto', 1),
(227, 2, 81, '2023-03-04', 'Loreto', 1),
(228, 40, 21, '2023-03-04', 'Loreto', 0),
(229, 34, 21, '2023-03-04', 'Loreto', 0),
(230, 30, 21, '2023-03-04', 'Loreto', 0),
(231, 16, 21, '2023-03-04', 'Loreto', 0),
(232, 18, 21, '2023-03-04', 'Loreto', 0),
(233, 21, 54.23, '2023-03-04', 'Loreto', 0),
(234, 28, 91.66, '2023-03-04', 'Loreto', 0),
(235, 47, 125, '2023-03-04', 'Loreto', 0),
(236, 37, 21, '2023-03-04', 'Loreto', 0),
(237, 46, 21, '2023-03-04', 'Loreto', 0),
(238, 48, 124.33, '2023-03-04', 'Loreto', 0),
(239, 35, 21, '2023-03-04', 'Loreto', 1),
(240, 45, 21, '2023-03-04', 'Loreto', 0),
(241, 31, 21, '2023-03-04', 'Loreto', 0),
(242, 4, 92, '2023-03-04', 'Loreto', 0),
(243, 1, 101.66, '2023-03-04', 'Loreto', 0),
(244, 24, 21, '2023-03-04', 'Loreto', 0),
(245, 38, 65.19, '2023-03-04', 'Loreto', 0),
(246, 51, 21, '2023-03-04', 'Loreto', 0),
(247, 26, 93.23, '2023-03-04', 'Loreto', 0),
(248, 9, 21, '2023-03-04', 'Loreto', 0),
(249, 41, 21, '2023-03-04', 'Loreto', 0),
(250, 33, 48, '2023-03-04', 'Loreto', 0),
(251, 49, 21, '2023-03-04', 'Loreto', 0),
(252, 50, 65.19, '2023-03-04', 'Loreto', 0),
(253, 12, 21, '2023-03-04', 'Loreto', 0),
(254, 14, 91.66, '2023-03-04', 'Loreto', 0),
(255, 20, 21, '2023-03-04', 'Loreto', 0),
(256, 3, 21, '2023-03-04', 'Loreto', 1),
(257, 13, 118.71, '2023-03-04', 'Loreto', 1),
(258, 23, 21, '2023-03-04', 'Loreto', 0),
(259, 17, 43, '2023-03-04', 'Loreto', 1),
(260, 19, 95, '2023-03-04', 'Loreto', 1),
(261, 48, 122.66, '2023-04-01', 'Loreto', 0),
(262, 31, 21, '2023-04-01', 'Loreto', 0),
(263, 38, 63.38, '2023-04-01', 'Loreto', 0),
(264, 45, 72.5, '2023-04-01', 'Loreto', 0),
(265, 45, 21, '2023-04-01', 'Loreto', 1),
(266, 46, 21, '2023-04-01', 'Loreto', 1),
(267, 37, 21, '2023-04-01', 'Loreto', 1),
(268, 1, 143, '2023-04-01', 'Loreto', 0),
(269, 24, 21, '2023-04-01', 'Loreto', 0),
(270, 49, 21, '2023-04-01', 'Loreto', 0),
(271, 33, 48, '2023-04-01', 'Loreto', 0),
(272, 21, 54.23, '2023-04-01', 'Loreto', 0),
(273, 16, 21, '2023-04-01', 'Loreto', 0),
(274, 18, 21, '2023-04-01', 'Loreto', 0),
(275, 9, 21, '2023-04-01', 'Loreto', 0),
(276, 41, 21, '2023-04-01', 'Loreto', 0),
(277, 51, 21, '2023-04-01', 'Loreto', 0),
(278, 53, 304, '2023-04-01', 'Loreto', 0),
(279, 12, 21, '2023-04-01', 'Loreto', 0),
(280, 14, 145, '2023-04-01', 'Loreto', 0),
(281, 34, 21, '2023-04-01', 'Loreto', 0),
(282, 40, 21, '2023-04-01', 'Loreto', 0),
(283, 5, 160, '2023-04-01', 'Loreto', 0),
(284, 4, 91, '2023-04-01', 'Loreto', 0),
(285, 26, 92.12, '2023-04-01', 'Loreto', 0),
(286, 50, 64.38, '2023-04-01', 'Loreto', 0),
(287, 43, 43, '2023-04-01', 'Loreto', 0),
(288, 30, 21, '2023-04-01', 'Loreto', 0),
(289, 20, 21, '2023-04-01', 'Loreto', 0),
(290, 3, 21, '2023-04-01', 'Loreto', 1),
(291, 13, 118.71, '2023-04-01', 'Loreto', 1),
(292, 19, 94, '2023-04-01', 'Loreto', 1),
(293, 2, 80.17, '2023-04-01', 'Loreto', 1),
(294, 23, 21, '2023-04-01', 'Loreto', 1),
(295, 17, 21, '2023-04-01', 'Loreto', 1),
(296, 35, 21, '2023-04-01', 'Loreto', 1);

-- --------------------------------------------------------

--
-- Estructura de tabla para la tabla `Entry_detail`
--

CREATE TABLE `Entry_detail` (
  `entry_number` int(11) NOT NULL,
  `type_id` int(11) NOT NULL,
  `value` float NOT NULL
) ENGINE=InnoDB DEFAULT CHARSET=utf8mb4 COLLATE=utf8mb4_general_ci;

--
-- Volcado de datos para la tabla `Entry_detail`
--

INSERT INTO `Entry_detail` (`entry_number`, `type_id`, `value`) VALUES
(1, 1, 10),
(1, 8, 100),
(1, 9, 5),
(2, 1, 10),
(2, 8, 100),
(2, 9, 5),
(3, 1, 10),
(3, 8, 100),
(3, 9, 5),
(4, 1, 10),
(4, 8, 100),
(4, 9, 5),
(5, 1, 10),
(5, 8, 100),
(5, 9, 5),
(6, 1, 10),
(6, 8, 100),
(6, 9, 5),
(7, 1, 10),
(7, 8, 100),
(7, 9, 5),
(8, 1, 10),
(8, 8, 100),
(8, 9, 5),
(9, 1, 10),
(9, 8, 100),
(9, 9, 5),
(10, 1, 10),
(10, 8, 100),
(10, 9, 5),
(11, 1, 10),
(11, 8, 100),
(11, 9, 5),
(12, 1, 10),
(12, 8, 100),
(12, 9, 5),
(13, 1, 10),
(13, 8, 100),
(13, 9, 5),
(14, 1, 10),
(14, 8, 100),
(14, 9, 5),
(15, 1, 10),
(15, 8, 100),
(15, 9, 5),
(16, 1, 10),
(16, 8, 100),
(16, 9, 5),
(17, 1, 10),
(17, 8, 100),
(17, 9, 5),
(18, 8, 120),
(18, 9, 1),
(19, 1, 10),
(19, 8, 120),
(19, 9, 6),
(20, 1, 10),
(20, 8, 120),
(20, 9, 6),
(21, 1, 10),
(21, 8, 120),
(21, 9, 6),
(22, 1, 10),
(22, 8, 120),
(22, 9, 6),
(23, 1, 1),
(23, 8, 20),
(23, 9, 1),
(24, 8, 20),
(24, 9, 1),
(24, 3, 115),
(24, 4, 2.3),
(25, 9, 1),
(25, 8, 20),
(25, 3, 19.17),
(25, 4, 2.3),
(26, 9, 1),
(26, 8, 20),
(27, 8, 20),
(27, 9, 1),
(27, 3, 57.5),
(27, 4, 2.3),
(28, 9, 1),
(28, 8, 20),
(29, 9, 1),
(29, 8, 20),
(30, 9, 1),
(30, 8, 20),
(31, 8, 20),
(31, 9, 1),
(31, 3, 50),
(31, 4, 2),
(32, 9, 1),
(32, 8, 20),
(33, 9, 1),
(33, 8, 20),
(34, 8, 20),
(34, 9, 1),
(34, 3, 25),
(34, 4, 3),
(35, 8, 29),
(35, 9, 1),
(36, 8, 120),
(36, 9, 6),
(36, 1, 10),
(37, 8, 120),
(37, 9, 6),
(37, 1, 10),
(38, 8, 120),
(38, 9, 6),
(38, 1, 10),
(39, 8, 120),
(39, 9, 6),
(39, 1, 10),
(40, 9, 1),
(40, 8, 20),
(41, 9, 1),
(41, 8, 20),
(42, 9, 1),
(42, 8, 20),
(43, 1, 1),
(44, 8, 20),
(44, 9, 1),
(44, 3, 68),
(44, 4, 2.72),
(45, 1, 10),
(45, 8, 20),
(45, 9, 6),
(46, 9, 1),
(46, 8, 20),
(47, 9, 1),
(47, 8, 20),
(48, 9, 1),
(48, 8, 20),
(49, 4, 6),
(49, 3, 50),
(50, 9, 1),
(50, 8, 20),
(52, 8, 20),
(52, 9, 1),
(52, 3, 18.4),
(52, 4, 1.84),
(53, 8, 20),
(53, 9, 1),
(53, 3, 57.5),
(53, 4, 2.3),
(54, 8, 20),
(54, 9, 1),
(54, 3, 19.17),
(54, 4, 2.3),
(55, 9, 1),
(55, 8, 20),
(56, 9, 1),
(56, 8, 20),
(57, 9, 1),
(57, 8, 20),
(58, 8, 20),
(58, 9, 1),
(58, 4, 2),
(59, 8, 40),
(59, 9, 2),
(59, 6, 1),
(60, 8, 20),
(60, 9, 1),
(60, 4, 6),
(61, 9, 1),
(61, 8, 20),
(62, 9, 1),
(62, 8, 20),
(63, 9, 1),
(63, 8, 20),
(64, 9, 1),
(64, 8, 20),
(65, 9, 1),
(65, 8, 20),
(66, 9, 1),
(66, 8, 20),
(67, 9, 1),
(67, 8, 20),
(68, 1, 10),
(68, 8, 140),
(68, 9, 7),
(69, 1, 1),
(58, 3, 50),
(60, 3, 50),
(70, 8, 20),
(70, 9, 1),
(70, 3, 48.53),
(70, 4, 5.52),
(71, 9, 1),
(71, 8, 20),
(72, 8, 20),
(72, 9, 1),
(72, 3, 18.4),
(72, 4, 1.84),
(73, 9, 1),
(73, 8, 20),
(74, 9, 1),
(74, 8, 20),
(75, 9, 1),
(75, 8, 20),
(76, 9, 1),
(76, 8, 20),
(77, 8, 20),
(77, 9, 1),
(77, 3, 19.17),
(77, 4, 2.3),
(78, 8, 20),
(78, 9, 1),
(78, 3, 68),
(78, 4, 2.72),
(80, 8, 40),
(80, 9, 2),
(80, 3, 136),
(80, 4, 5.44),
(80, 6, 6),
(81, 9, 1),
(81, 8, 20),
(82, 3, 50),
(82, 4, 6),
(83, 9, 1),
(83, 8, 20),
(84, 9, 1),
(84, 8, 20),
(85, 9, 1),
(85, 8, 20),
(86, 9, 1),
(86, 8, 20),
(88, 9, 1),
(88, 8, 20),
(87, 9, 1),
(87, 8, 20),
(89, 9, 1),
(89, 8, 20),
(90, 9, 1),
(90, 8, 20),
(91, 9, 1),
(91, 8, 20),
(92, 8, 20),
(92, 9, 1),
(92, 3, 50),
(92, 4, 6),
(93, 9, 1),
(93, 8, 20),
(94, 9, 1),
(94, 8, 20),
(95, 9, 1),
(95, 8, 20),
(96, 9, 1),
(96, 8, 20),
(97, 9, 1),
(97, 8, 20),
(98, 9, 1),
(98, 8, 20),
(99, 9, 1),
(99, 8, 20),
(100, 9, 1),
(100, 8, 20),
(101, 9, 1),
(101, 8, 20),
(102, 8, 20),
(102, 9, 1),
(102, 3, 29.67),
(102, 4, 3.56),
(103, 9, 1),
(103, 8, 20),
(104, 9, 1),
(104, 8, 20),
(105, 8, 20),
(105, 9, 1),
(105, 3, 15.2),
(105, 4, 1.52),
(106, 3, 30.4),
(107, 9, 1),
(107, 8, 20),
(108, 9, 1),
(108, 8, 20),
(109, 8, 20),
(109, 9, 1),
(109, 3, 19.17),
(109, 4, 2.3),
(110, 8, 20),
(110, 9, 1),
(110, 3, 133.34),
(110, 4, 4),
(111, 9, 1),
(111, 8, 20),
(112, 8, 20),
(112, 9, 1),
(112, 3, 50),
(112, 4, 6),
(113, 8, 20),
(113, 9, 1),
(113, 3, 33.33),
(113, 4, 4),
(114, 8, 20),
(114, 9, 1),
(114, 3, 18.4),
(114, 4, 1.84),
(116, 8, 60),
(116, 9, 3),
(116, 3, 75),
(116, 4, 9),
(116, 6, 2),
(116, 5, 7.5),
(117, 8, 20),
(117, 9, 1),
(117, 3, 100),
(117, 4, 6),
(118, 8, 20),
(118, 9, 1),
(118, 3, 33.33),
(118, 4, 4),
(119, 8, 40),
(119, 9, 2),
(119, 6, 1),
(120, 8, 20),
(120, 9, 1),
(120, 3, 62.5),
(120, 4, 30),
(122, 8, 20),
(122, 9, 1),
(122, 3, 85.71),
(122, 4, 12),
(123, 9, 1),
(123, 8, 20),
(124, 3, 33.33),
(124, 1, 1),
(125, 8, 180),
(125, 9, 9),
(125, 1, 11),
(126, 8, 180),
(126, 9, 9),
(126, 1, 11),
(127, 8, 180),
(127, 9, 9),
(127, 1, 11),
(128, 8, 20),
(128, 9, 1),
(128, 3, 29.67),
(128, 4, 3.56),
(129, 9, 1),
(129, 8, 20),
(130, 9, 1),
(130, 8, 20),
(131, 9, 1),
(131, 8, 20),
(132, 8, 20),
(132, 9, 1),
(132, 3, 42.5),
(132, 4, 6.8),
(133, 8, 20),
(133, 9, 1),
(133, 3, 50),
(133, 4, 4),
(134, 8, 20),
(134, 9, 1),
(134, 3, 18.4),
(134, 4, 1.84),
(135, 8, 20),
(135, 9, 1),
(135, 3, 55.56),
(135, 4, 20),
(136, 9, 1),
(136, 8, 20),
(137, 8, 20),
(137, 9, 1),
(137, 3, 33.33),
(137, 4, 4),
(138, 9, 1),
(138, 8, 20),
(139, 9, 1),
(139, 8, 20),
(140, 8, 20),
(140, 9, 1),
(140, 3, 66.33),
(140, 4, 3.98),
(141, 9, 1),
(141, 8, 20),
(142, 9, 1),
(142, 8, 20),
(143, 8, 20),
(143, 9, 1),
(143, 3, 85.71),
(143, 4, 12),
(144, 8, 200),
(144, 9, 11),
(144, 1, 10),
(145, 8, 20),
(145, 9, 1),
(145, 3, 100),
(145, 4, 6),
(146, 9, 1),
(146, 8, 20),
(147, 8, 20),
(147, 9, 1),
(147, 3, 19.17),
(147, 4, 2.3),
(148, 8, 20),
(148, 9, 1),
(148, 3, 33.33),
(148, 4, 4),
(149, 8, 20),
(149, 9, 1),
(149, 3, 50),
(149, 4, 6),
(150, 8, 20),
(150, 9, 1),
(150, 3, 62.5),
(150, 4, 30),
(151, 3, 100),
(152, 3, 1375),
(153, 8, 40),
(153, 9, 2),
(153, 6, 1),
(154, 9, 1),
(154, 8, 20),
(155, 8, 60),
(155, 9, 3),
(155, 6, 3),
(156, 9, 1),
(156, 8, 20),
(157, 8, 20),
(157, 9, 1),
(157, 3, 85.71),
(157, 4, 12),
(158, 8, 20),
(158, 9, 1),
(158, 3, 55.56),
(158, 4, 18.89),
(159, 8, 220),
(159, 9, 12),
(159, 1, 10),
(160, 9, 1),
(160, 8, 20),
(161, 8, 20),
(161, 9, 1),
(161, 3, 29.67),
(161, 4, 3.56),
(162, 8, 40),
(162, 9, 2),
(162, 6, 1),
(163, 8, 40),
(163, 9, 2),
(163, 6, 1),
(164, 9, 1),
(164, 8, 20),
(165, 8, 20),
(165, 9, 1),
(165, 3, 150),
(165, 4, 4),
(166, 8, 20),
(166, 9, 1),
(166, 3, 18.4),
(166, 4, 1.84),
(167, 8, 20),
(167, 9, 1),
(167, 3, 42.5),
(167, 4, 5.95),
(168, 8, 20),
(168, 9, 1),
(168, 3, 200),
(168, 4, 18),
(168, 1, 1),
(168, 5, 10),
(169, 8, 20),
(169, 9, 1),
(169, 3, 33.33),
(169, 4, 4),
(170, 8, 20),
(170, 9, 1),
(170, 3, 19.17),
(170, 4, 2.3),
(171, 9, 1),
(171, 8, 20),
(172, 9, 1),
(172, 8, 20),
(173, 8, 20),
(173, 9, 1),
(173, 3, 25),
(173, 4, 2),
(174, 8, 40),
(174, 9, 2),
(174, 3, 200),
(174, 4, 4),
(174, 6, 1),
(174, 5, 20),
(176, 8, 220),
(176, 9, 11),
(176, 1, 10),
(177, 9, 1),
(177, 8, 20),
(178, 9, 1),
(178, 8, 20),
(179, 9, 1),
(179, 8, 20),
(180, 9, 1),
(180, 8, 20),
(181, 8, 220),
(181, 9, 11),
(181, 1, 10),
(182, 8, 20),
(182, 9, 1),
(182, 3, 41.67),
(182, 4, 20),
(183, 8, 20),
(183, 9, 1),
(183, 3, 50),
(183, 4, 24),
(184, 8, 20),
(184, 9, 1),
(184, 3, 132.67),
(184, 4, 3.98),
(185, 9, 1),
(185, 8, 20),
(186, 8, 20),
(186, 9, 1),
(186, 3, 25),
(186, 4, 3),
(186, 6, 1),
(186, 5, 2.5),
(187, 8, 220),
(187, 9, 11),
(187, 1, 10),
(188, 8, 20),
(188, 9, 1),
(188, 3, 100),
(188, 4, 6),
(188, 1, 1),
(51, 8, 20),
(51, 9, 1),
(51, 3, 15.2),
(51, 4, 1.52),
(189, 8, 40),
(189, 9, 2),
(189, 6, 1),
(190, 8, 40),
(190, 9, 2),
(190, 3, 66.66),
(190, 4, 8),
(190, 6, 1),
(190, 5, 3.33),
(191, 9, 1),
(191, 8, 20),
(192, 9, 1),
(192, 8, 20),
(193, 9, 1),
(193, 8, 20),
(194, 8, 20),
(194, 9, 1),
(194, 3, 40.17),
(194, 4, 4.82),
(195, 9, 1),
(195, 8, 20),
(196, 9, 1),
(196, 8, 20),
(197, 8, 40),
(197, 9, 2),
(197, 3, 100),
(197, 4, 45),
(198, 8, 20),
(198, 9, 1),
(198, 3, 29.67),
(198, 4, 3.56),
(199, 8, 240),
(199, 9, 12),
(199, 1, 10),
(200, 9, 1),
(200, 8, 20),
(201, 9, 1),
(201, 8, 20),
(202, 9, 1),
(202, 8, 20),
(203, 9, 1),
(203, 8, 20),
(204, 9, 1),
(204, 8, 20),
(205, 8, 20),
(205, 9, 1),
(205, 3, 127.5),
(205, 4, 5.1),
(206, 9, 1),
(206, 8, 20),
(207, 9, 1),
(207, 8, 20),
(208, 8, 20),
(208, 9, 1),
(208, 3, 33.33),
(208, 4, 4),
(209, 8, 20),
(209, 9, 1),
(209, 3, 40.17),
(209, 4, 4.82),
(210, 3, 127.5),
(210, 1, 1),
(211, 9, 1),
(211, 8, 20),
(212, 9, 1),
(212, 8, 20),
(213, 9, 1),
(213, 8, 20),
(214, 8, 20),
(214, 9, 1),
(214, 3, 83.33),
(214, 4, 20),
(215, 8, 40),
(215, 9, 2),
(215, 3, 25),
(215, 4, 3),
(215, 6, 1),
(215, 5, 2.5),
(216, 8, 20),
(216, 9, 1),
(216, 3, 55.56),
(216, 4, 18.89),
(217, 8, 20),
(217, 9, 1),
(217, 3, 100),
(217, 4, 6),
(217, 1, 1),
(218, 9, 1),
(218, 8, 20),
(219, 8, 20),
(219, 9, 1),
(219, 3, 25),
(219, 4, 2),
(220, 9, 1),
(220, 8, 20),
(221, 9, 1),
(221, 8, 20),
(222, 1, 1),
(223, 1, 1),
(224, 8, 20),
(224, 9, 1),
(224, 3, 41.67),
(224, 4, 19.17),
(225, 9, 1),
(225, 8, 20),
(226, 8, 20),
(226, 9, 1),
(226, 3, 85.71),
(226, 4, 12),
(-1, 8, 160),
(-1, 9, 8),
(-1, 1, 10),
(-2, 3, 200),
(227, 3, 41.67),
(227, 4, 18.33),
(227, 8, 20),
(227, 9, 1),
(228, 8, 20),
(228, 9, 1),
(229, 8, 20),
(229, 9, 1),
(230, 8, 20),
(230, 9, 1),
(231, 8, 20),
(231, 9, 1),
(232, 8, 20),
(232, 9, 1),
(233, 3, 29.67),
(233, 4, 3.56),
(233, 8, 20),
(233, 9, 1),
(234, 3, 66.66),
(234, 4, 4),
(234, 8, 20),
(234, 9, 1),
(235, 3, 100),
(235, 4, 4),
(235, 8, 20),
(235, 9, 1),
(236, 8, 20),
(236, 9, 1),
(237, 8, 20),
(237, 9, 1),
(238, 3, 83.33),
(238, 4, 20),
(238, 8, 20),
(238, 9, 1),
(239, 8, 20),
(239, 9, 1),
(240, 8, 20),
(240, 9, 1),
(241, 8, 20),
(241, 9, 1),
(242, 3, 50),
(242, 4, 21),
(242, 8, 20),
(242, 9, 1),
(243, 3, 83.33),
(243, 4, 18.33),
(244, 8, 20),
(244, 9, 1),
(245, 3, 40.17),
(245, 4, 4.02),
(245, 8, 20),
(245, 9, 1),
(246, 8, 20),
(246, 9, 1),
(247, 3, 55.56),
(247, 4, 16.67),
(247, 8, 20),
(247, 9, 1),
(248, 8, 20),
(248, 9, 1),
(249, 8, 20),
(249, 9, 1),
(250, 3, 25),
(250, 4, 2),
(250, 8, 20),
(250, 9, 1),
(251, 8, 20),
(251, 9, 1),
(252, 3, 40.17),
(252, 4, 4.02),
(252, 8, 20),
(252, 9, 1),
(253, 8, 20),
(253, 9, 1),
(254, 3, 66.66),
(254, 4, 4),
(254, 8, 20),
(254, 9, 1),
(255, 8, 20),
(255, 9, 1),
(256, 8, 20),
(256, 9, 1),
(257, 3, 85.71),
(257, 4, 12),
(257, 8, 20),
(257, 9, 1),
(258, 8, 20),
(258, 9, 1),
(259, 6, 1),
(259, 8, 40),
(259, 9, 2),
(260, 3, 50),
(260, 4, 24),
(260, 8, 20),
(260, 9, 1),
(261, 3, 83.33),
(261, 4, 18.33),
(261, 8, 20),
(261, 9, 1),
(262, 8, 20),
(262, 9, 1),
(263, 3, 40.17),
(263, 4, 3.21),
(263, 8, 20),
(264, 3, 62.5),
(264, 4, 10),
(265, 8, 20),
(265, 9, 1),
(266, 8, 20),
(266, 9, 1),
(267, 8, 20),
(267, 9, 1),
(268, 3, 83.33),
(268, 4, 16.67),
(268, 6, 1),
(268, 8, 40),
(268, 9, 2),
(269, 8, 20),
(269, 9, 1),
(270, 8, 20),
(270, 9, 1),
(271, 3, 25),
(271, 4, 2),
(271, 8, 20),
(271, 9, 1),
(272, 3, 29.67),
(272, 4, 3.56),
(272, 8, 20),
(272, 9, 1),
(273, 8, 20),
(273, 9, 1),
(274, 8, 20),
(274, 9, 1),
(275, 8, 20),
(275, 9, 1),
(276, 8, 20),
(276, 9, 1),
(277, 8, 20),
(277, 9, 1),
(278, 1, 10),
(278, 8, 280),
(278, 9, 14),
(279, 8, 20),
(279, 9, 1),
(280, 3, 100),
(280, 4, 24),
(280, 8, 20),
(280, 9, 1),
(281, 8, 20),
(281, 9, 1),
(282, 8, 20),
(282, 9, 1),
(283, 3, 100),
(283, 4, 12),
(283, 5, 5),
(283, 6, 1),
(283, 8, 40),
(283, 9, 2),
(284, 3, 50),
(284, 4, 20),
(284, 8, 20),
(284, 9, 1),
(285, 3, 55.56),
(285, 4, 15.56),
(285, 8, 20),
(285, 9, 1),
(286, 3, 40.17),
(286, 4, 3.21),
(286, 8, 20),
(286, 9, 1),
(287, 6, 1),
(287, 8, 40),
(287, 9, 2),
(288, 8, 20),
(288, 9, 1),
(289, 8, 20),
(289, 9, 1),
(290, 8, 20),
(290, 9, 1),
(291, 3, 85.71),
(291, 4, 12),
(291, 8, 20),
(291, 9, 1),
(292, 3, 50),
(292, 4, 23),
(292, 8, 20),
(292, 9, 1),
(293, 3, 41.67),
(293, 4, 17.5),
(293, 8, 20),
(293, 9, 1),
(294, 8, 20),
(294, 9, 1),
(295, 8, 20),
(295, 9, 1),
(296, 8, 20),
(296, 9, 1);

-- --------------------------------------------------------

--
-- Estructura de tabla para la tabla `Entry_type`
--

CREATE TABLE `Entry_type` (
  `id` int(11) NOT NULL,
  `description` varchar(100) NOT NULL
) ENGINE=InnoDB DEFAULT CHARSET=utf8mb4 COLLATE=utf8mb4_general_ci;

--
-- Volcado de datos para la tabla `Entry_type`
--

INSERT INTO `Entry_type` (`id`, `description`) VALUES
(1, 'Aporte para gastos de Administración'),
(2, 'Fondo desgravamen'),
(3, 'Cuota capital préstamo'),
(4, 'Intereses préstamo'),
(5, 'Intereses mora'),
(6, 'Multas atrasos de aportes'),
(7, 'Multa inasistencias'),
(8, 'Aportes de capital'),
(9, 'Aportes fondo estratégico'),
(10, 'Depósitos a plazo fijo'),
(11, 'Otros ingresos');

-- --------------------------------------------------------

--
-- Estructura de tabla para la tabla `Loan`
--

CREATE TABLE `Loan` (
  `number` int(11) NOT NULL,
  `account` int(11) NOT NULL,
  `date` date NOT NULL,
  `value` float DEFAULT NULL,
  `term` int(11) DEFAULT NULL,
  `rate` float DEFAULT NULL,
  `is_end` tinyint(1) DEFAULT 0,
  `guarantor1_account` int(11) DEFAULT NULL,
  `guarantor2_account` int(11) DEFAULT NULL
) ENGINE=InnoDB DEFAULT CHARSET=utf8mb4 COLLATE=utf8mb4_general_ci;

--
-- Volcado de datos para la tabla `Loan`
--

INSERT INTO `Loan` (`number`, `account`, `date`, `value`, `term`, `rate`, `is_end`, `guarantor1_account`, `guarantor2_account`) VALUES
(1, 20, '2022-07-02', 115, 1, 2, 1, NULL, NULL),
(2, 12, '2022-07-02', 115, 6, 2, 1, NULL, NULL),
(3, 4, '2022-07-02', 115, 2, 2, 1, NULL, NULL),
(4, 0, '2022-07-02', 0, 0, 0, 1, NULL, NULL),
(5, 24, '2022-07-02', 150, 6, 2, 1, NULL, NULL),
(6, 26, '2022-07-02', 100, 2, 2, 1, NULL, NULL),
(7, 28, '2022-08-06', 136, 2, 2, 1, NULL, NULL),
(8, 47, '2022-08-06', 136, 2, 2, 1, NULL, NULL),
(9, 0, '2022-08-06', 0, 0, 0, 1, NULL, NULL),
(10, 1, '2022-08-06', 300, 6, 2, 1, 20, NULL),
(11, 20, '2022-08-06', 300, 6, 2, 1, 13, NULL),
(12, 0, '2022-08-06', 0, 0, 0, 1, NULL, NULL),
(13, 45, '2022-08-06', 92, 5, 2, 1, NULL, NULL),
(14, 46, '2022-08-06', 76, 5, 2, 1, NULL, NULL),
(15, 48, '2022-09-03', 200, 6, 2, 1, 16, NULL),
(16, 21, '2022-10-01', 178, 6, 2, 1, NULL, NULL),
(17, 14, '2022-10-01', 200, 6, 2, 1, 12, NULL),
(18, 28, '2022-10-01', 200, 6, 2, 1, 47, NULL),
(19, 4, '2022-10-01', 300, 3, 2, 1, 16, NULL),
(20, 20, '2022-10-01', 1500, 24, 2, 1, 17, 19),
(21, 13, '2022-10-01', 600, 7, 2, 0, 23, NULL),
(22, 48, '2022-11-12', 340, 8, 2, 1, 16, NULL),
(23, 26, '2022-11-12', 1000, 18, 2, 0, 41, NULL),
(24, 47, '2022-11-12', 500, 5, 2, 0, 26, NULL),
(25, 3, '2022-11-12', 199, 3, 2, 1, NULL, NULL),
(26, 35, '2022-11-12', 200, 1, 2, 1, NULL, NULL),
(27, 31, '2022-11-12', 200, 4, 2, 1, NULL, NULL),
(28, 33, '2022-12-03', 100, 4, 2, 1, NULL, NULL),
(29, 4, '2022-12-03', 1200, 24, 2, 0, 5, NULL),
(30, 2, '2022-12-03', 1000, 24, 2, 0, 20, NULL),
(31, 38, '2023-01-07', 241, 6, 2, 0, NULL, NULL),
(32, 50, '2023-01-07', 241, 6, 2, 0, NULL, NULL),
(33, 1, '2023-01-07', 1000, 12, 2, 0, NULL, NULL),
(34, 48, '2023-02-04', 1000, 12, 2, 0, 46, NULL),
(35, 19, '2023-02-04', 1200, 24, 2, 0, 43, NULL),
(36, 5, '2023-02-04', 300, 6, 2, 0, 4, NULL),
(37, 28, '2023-03-04', 500, 12, 2, 0, 47, NULL),
(38, 14, '2023-03-04', 1200, 12, 2, 0, 12, NULL),
(39, 0, '2023-03-04', 0, 0, 0, 1, NULL, NULL),
(40, 45, '2023-03-04', 500, 8, 2, 0, NULL, NULL);

-- --------------------------------------------------------

--
-- Estructura de tabla para la tabla `Loan_detail`
--

CREATE TABLE `Loan_detail` (
  `id` int(11) NOT NULL,
  `loan_number` int(11) DEFAULT NULL,
  `fee_number` int(11) NOT NULL,
  `payment_date` date NOT NULL,
  `fee_value` float NOT NULL,
  `interest` float NOT NULL,
  `fee_total` float NOT NULL,
  `balance_after_pay` float DEFAULT NULL,
  `is_paid` tinyint(1) DEFAULT 0,
  `entry_number` int(11)
) ENGINE=InnoDB DEFAULT CHARSET=utf8mb4 COLLATE=utf8mb4_general_ci;

--
-- Volcado de datos para la tabla `Loan_detail`
--

INSERT INTO `Loan_detail` (`id`, `loan_number`, `fee_number`, `payment_date`, `fee_value`, `interest`, `fee_total`, `balance_after_pay`, `is_paid`, `entry_number`) VALUES
(1, 1, 1, '2022-08-06', 115, 2.3, 117.3, 0, 1, 24),
(3, 2, 1, '2022-08-06', 19.17, 2.3, 21.47, 95.83, 1, 25),
(4, 2, 2, '2022-09-03', 19.17, 2.3, 21.47, 76.66, 1, 54),
(5, 2, 3, '2022-10-01', 19.17, 2.3, 21.47, 57.49, 1, 77),
(6, 2, 4, '2022-11-05', 19.17, 2.3, 21.47, 38.32, 1, 109),
(7, 2, 5, '2022-12-03', 19.17, 2.3, 21.47, 19.17, 1, 147),
(8, 2, 6, '2023-01-07', 19.17, 2.3, 21.47, 0, 1, 170),
(9, 3, 1, '2022-08-06', 57.5, 2.3, 59.8, 57.5, 1, 27),
(10, 3, 2, '2022-09-03', 57.5, 2.3, 59.8, 0, 1, 53),
(11, 5, 1, '2022-08-06', 25, 3, 28, 125, 1, 34),
(12, 5, 2, '2022-09-03', 25, 3, 28, 100, 1, 116),
(13, 5, 3, '2022-10-01', 25, 3, 28, 75, 1, 116),
(14, 5, 4, '2022-11-05', 25, 3, 28, 50, 1, 116),
(15, 5, 5, '2022-12-03', 25, 3, 28, 25, 1, 186),
(16, 5, 6, '2023-01-07', 25, 3, 28, 0, 1, 215),
(17, 6, 1, '2022-08-06', 50, 2, 52, 50, 1, 31),
(18, 6, 2, '2022-09-03', 50, 2, 52, 0, 1, 58),
(19, 7, 1, '2022-09-03', 68, 2.72, 70.72, 68, 1, 44),
(20, 7, 2, '2022-10-01', 68, 2.72, 70.72, 0, 1, 78),
(21, 8, 1, '2022-09-03', 68, 2.72, 70.72, 68, 1, 80),
(22, 8, 2, '2022-10-01', 68, 2.72, 70.72, 0, 1, 80),
(23, 10, 1, '2022-09-03', 50, 6, 56, 250, 1, 60),
(24, 10, 2, '2022-10-01', 50, 6, 56, 200, 1, 92),
(25, 10, 3, '2022-11-05', 50, 6, 56, 150, 1, 112),
(26, 10, 4, '2022-12-03', 50, 6, 56, 100, 1, 149),
(27, 10, 5, '2023-01-07', 50, 6, 56, 50, 1, 188),
(28, 10, 6, '2023-02-04', 50, 6, 56, 0, 1, 188),
(29, 11, 1, '2022-09-03', 50, 6, 56, 250, 1, 49),
(30, 11, 2, '2022-10-01', 50, 6, 56, 200, 1, 82),
(31, 11, 3, '2022-11-05', 50, 6, 56, 150, 1, -2),
(32, 11, 4, '2022-12-03', 50, 6, 56, 100, 1, -2),
(33, 11, 5, '2023-01-07', 50, 6, 56, 50, 1, -2),
(34, 11, 6, '2023-02-04', 50, 6, 56, 0, 1, -2),
(35, 13, 1, '2022-09-03', 18.4, 1.84, 20.24, 73.6, 1, 52),
(36, 13, 2, '2022-10-01', 18.4, 1.84, 20.24, 55.2, 1, 72),
(37, 13, 3, '2022-11-05', 18.4, 1.84, 20.24, 36.8, 1, 114),
(38, 13, 4, '2022-12-03', 18.4, 1.84, 20.24, 18.4, 1, 134),
(39, 13, 5, '2023-01-07', 18.4, 1.84, 20.24, 0, 1, 166),
(40, 14, 1, '2022-09-03', 15.2, 1.52, 16.72, 60.8, 1, 51),
(41, 14, 2, '2022-10-01', 15.2, 1.52, 16.72, 45.6, 1, 70),
(42, 14, 3, '2022-11-05', 15.2, 1.52, 16.72, 30.4, 1, 105),
(43, 14, 4, '2022-12-03', 15.2, 1.52, 16.72, 15.2, 1, 106),
(44, 14, 5, '2023-01-07', 15.2, 1.52, 16.72, 0, 1, 106),
(45, 15, 1, '2022-10-01', 33.33, 4, 37.33, 166.67, 1, 70),
(46, 15, 2, '2022-11-05', 33.33, 4, 37.33, 133.34, 1, 110),
(47, 15, 3, '2022-12-03', 33.33, 4, 37.33, 100.01, 1, 110),
(48, 15, 4, '2023-01-07', 33.33, 4, 37.33, 66.68, 1, 110),
(49, 15, 5, '2023-02-04', 33.33, 4, 37.33, 33.33, 1, 110),
(50, 15, 6, '2023-03-04', 33.33, 4, 37.33, 0, 1, 124),
(51, 16, 1, '2022-11-05', 29.67, 3.56, 33.23, 148.33, 1, 102),
(52, 16, 2, '2022-12-03', 29.67, 3.56, 33.23, 118.66, 1, 128),
(53, 16, 3, '2023-01-07', 29.67, 3.56, 33.23, 88.99, 1, 161),
(54, 16, 4, '2023-02-04', 29.67, 3.56, 33.23, 59.32, 1, 198),
(55, 16, 5, '2023-03-04', 29.67, 3.56, 33.23, 29.67, 1, 233),
(56, 16, 6, '2023-04-01', 29.67, 3.56, 33.23, -0.02, 1, 272),
(57, 17, 1, '2022-11-05', 33.33, 4, 37.33, 166.67, 1, 113),
(58, 17, 2, '2022-12-03', 33.33, 4, 37.33, 133.34, 1, 148),
(59, 17, 3, '2023-01-07', 33.33, 4, 37.33, 100.01, 1, 169),
(60, 17, 4, '2023-02-04', 33.33, 4, 37.33, 66.68, 1, 208),
(61, 17, 5, '2023-03-04', 33.33, 4, 37.33, 33.33, 1, 254),
(62, 17, 6, '2023-04-01', 33.33, 4, 37.33, 0, 1, 254),
(63, 18, 1, '2022-11-05', 33.33, 4, 37.33, 166.67, 1, 118),
(64, 18, 2, '2022-12-03', 33.33, 4, 37.33, 133.34, 1, 137),
(65, 18, 3, '2023-01-07', 33.33, 4, 37.33, 100.01, 1, 190),
(66, 18, 4, '2023-02-04', 33.33, 4, 37.33, 66.68, 1, 190),
(67, 18, 5, '2023-03-04', 33.33, 4, 37.33, 33.33, 1, 234),
(68, 18, 6, '2023-04-01', 33.33, 4, 37.33, 0, 1, 234),
(69, 19, 1, '2022-11-05', 100, 6, 106, 200, 1, 117),
(70, 19, 2, '2022-12-03', 100, 6, 106, 100, 1, 145),
(71, 19, 3, '2023-01-07', 100, 6, 106, 0, 1, 151),
(72, 20, 1, '2022-11-05', 62.5, 30, 92.5, 1437.5, 1, 120),
(73, 20, 2, '2022-12-03', 62.5, 30, 92.5, 1375, 1, 150),
(74, 20, 3, '2023-01-07', 62.5, 30, 92.5, 0, 1, 152),
(75, 21, 1, '2022-11-05', 85.71, 12, 97.71, 514.29, 1, 122),
(76, 21, 2, '2022-12-03', 85.71, 12, 97.71, 428.58, 1, 143),
(77, 21, 3, '2023-01-07', 85.71, 12, 97.71, 342.87, 1, 157),
(78, 21, 4, '2023-02-04', 85.71, 12, 97.71, 257.16, 1, 226),
(79, 21, 5, '2023-03-04', 85.71, 12, 97.71, 171.45, 1, 257),
(80, 21, 6, '2023-04-01', 85.71, 12, 97.71, 85.71, 1, 291),
(81, 21, 7, '2023-05-06', 85.71, 12, 97.71, NULL, 0, NULL),
(82, 22, 1, '2022-12-03', 42.5, 6.8, 49.3, 297.5, 1, 132),
(83, 22, 2, '2023-01-07', 42.5, 5.95, 48.45, 255, 1, 167),
(84, 22, 3, '2023-02-04', 42.5, 5.1, 47.6, 127.5, 1, 205),
(85, 22, 4, '2023-03-04', 42.5, 4.25, 46.75, 0, 1, 210),
(86, 23, 1, '2022-12-03', 55.56, 20, 75.56, 944.44, 1, 135),
(87, 23, 2, '2023-01-07', 55.56, 18.89, 74.44, 888.88, 1, 158),
(88, 23, 3, '2023-02-04', 55.56, 17.78, 73.33, 833.32, 1, 216),
(89, 23, 4, '2023-03-04', 55.56, 16.67, 72.22, 777.76, 1, 247),
(90, 23, 5, '2023-04-01', 55.56, 15.56, 71.11, 722.2, 1, 285),
(91, 23, 6, '2023-05-06', 55.56, 14.44, 70, NULL, 0, NULL),
(92, 23, 7, '2023-06-03', 55.56, 13.33, 68.89, NULL, 0, NULL),
(93, 23, 8, '2023-07-01', 55.56, 12.22, 67.78, NULL, 0, NULL),
(94, 23, 9, '2023-08-05', 55.56, 11.11, 66.67, NULL, 0, NULL),
(95, 23, 10, '2023-09-02', 55.56, 10, 65.56, NULL, 0, NULL),
(96, 23, 11, '2023-10-07', 55.56, 8.89, 64.44, NULL, 0, NULL),
(97, 23, 12, '2023-11-04', 55.56, 7.78, 63.33, NULL, 0, NULL),
(98, 23, 13, '2023-12-02', 55.56, 6.67, 62.22, NULL, 0, NULL),
(99, 23, 14, '2024-01-06', 55.56, 5.56, 61.11, NULL, 0, NULL),
(100, 23, 15, '2024-02-03', 55.56, 4.44, 60, NULL, 0, NULL),
(101, 23, 16, '2024-03-02', 55.56, 3.33, 58.89, NULL, 0, NULL),
(102, 23, 17, '2024-04-06', 55.56, 2.22, 57.78, NULL, 0, NULL),
(103, 23, 18, '2024-05-04', 55.56, 1.11, 56.67, NULL, 0, NULL),
(104, 24, 1, '2022-12-03', 100, 10, 110, 400, 1, 168),
(105, 24, 2, '2023-01-07', 100, 8, 108, 300, 1, 168),
(106, 24, 3, '2023-02-04', 100, 6, 106, 200, 1, 217),
(107, 24, 4, '2023-03-04', 100, 4, 104, 100, 1, 235),
(108, 24, 5, '2023-04-01', 100, 2, 102, NULL, 0, NULL),
(109, 25, 1, '2022-12-03', 66.33, 3.98, 70.31, 132.67, 1, 140),
(110, 25, 2, '2023-01-07', 66.33, 3.98, 70.31, 66.34, 1, 184),
(111, 25, 3, '2023-02-04', 66.33, 3.98, 70.31, 0, 1, 184),
(112, 26, 1, '2022-12-03', 200, 4, 204, 0, 1, 174),
(113, 27, 1, '2022-12-03', 50, 4, 54, 150, 1, 133),
(114, 27, 2, '2023-01-07', 50, 4, 54, 100, 1, 165),
(115, 27, 3, '2023-02-04', 50, 4, 54, 50, 1, 165),
(116, 27, 4, '2023-03-04', 50, 4, 54, 0, 1, 165),
(117, 28, 1, '2023-01-07', 25, 2, 27, 75, 1, 73),
(118, 28, 2, '2023-02-04', 25, 2, 27, 50, 1, 219),
(119, 28, 3, '2023-03-04', 25, 2, 27, 25, 1, 250),
(120, 28, 4, '2023-04-01', 25, 2, 27, 0, 1, 271),
(121, 29, 1, '2023-01-07', 50, 24, 74, 1150, 1, 183),
(122, 29, 2, '2023-02-04', 50, 23, 73, 1100, 1, 197),
(123, 29, 3, '2023-03-04', 50, 22, 72, 1050, 1, 197),
(124, 29, 4, '2023-04-01', 50, 21, 71, 1000, 1, 242),
(125, 29, 5, '2023-05-06', 50, 20, 70, 950, 1, 284),
(126, 29, 6, '2023-06-03', 50, 19, 69, NULL, 0, NULL),
(127, 29, 7, '2023-07-01', 50, 18, 68, NULL, 0, NULL),
(128, 29, 8, '2023-08-05', 50, 17, 67, NULL, 0, NULL),
(129, 29, 9, '2023-09-02', 50, 16, 66, NULL, 0, NULL),
(130, 29, 10, '2023-10-07', 50, 15, 65, NULL, 0, NULL),
(131, 29, 11, '2023-11-04', 50, 14, 64, NULL, 0, NULL),
(132, 29, 12, '2023-12-02', 50, 13, 63, NULL, 0, NULL),
(133, 29, 13, '2024-01-06', 50, 12, 62, NULL, 0, NULL),
(134, 29, 14, '2024-02-03', 50, 11, 61, NULL, 0, NULL),
(135, 29, 15, '2024-03-02', 50, 10, 60, NULL, 0, NULL),
(136, 29, 16, '2024-04-06', 50, 9, 59, NULL, 0, NULL),
(137, 29, 17, '2024-05-04', 50, 8, 58, NULL, 0, NULL),
(138, 29, 18, '2024-06-01', 50, 7, 57, NULL, 0, NULL),
(139, 29, 19, '2024-07-06', 50, 6, 56, NULL, 0, NULL),
(140, 29, 20, '2024-08-03', 50, 5, 55, NULL, 0, NULL),
(141, 29, 21, '2024-09-07', 50, 4, 54, NULL, 0, NULL),
(142, 29, 22, '2024-10-05', 50, 3, 53, NULL, 0, NULL),
(143, 29, 23, '2024-11-02', 50, 2, 52, NULL, 0, NULL),
(144, 29, 24, '2024-12-07', 50, 1, 51, NULL, 0, NULL),
(145, 30, 1, '2023-01-07', 41.67, 20, 60.57, 958.33, 1, 182),
(146, 30, 2, '2023-02-04', 41.67, 19.17, 60.83, 916.66, 1, 224),
(147, 30, 3, '2023-03-04', 41.67, 18.33, 60, 874.99, 1, 227),
(148, 30, 4, '2023-04-01', 41.67, 17.5, 58.17, 833.32, 1, 293),
(149, 30, 5, '2023-05-06', 41.67, 16.67, 58.33, NULL, 0, NULL),
(150, 30, 6, '2023-06-03', 41.67, 15.83, 57.5, NULL, 0, NULL),
(151, 30, 7, '2023-07-01', 41.67, 15, 56.67, NULL, 0, NULL),
(152, 30, 8, '2023-08-05', 41.67, 14.17, 55.83, NULL, 0, NULL),
(153, 30, 9, '2023-09-02', 41.67, 13.33, 55, NULL, 0, NULL),
(154, 30, 10, '2023-10-07', 41.67, 12.5, 54.17, NULL, 0, NULL),
(155, 30, 11, '2023-11-04', 41.67, 11.67, 53.33, NULL, 0, NULL),
(156, 30, 12, '2023-12-02', 41.67, 10.83, 52.5, NULL, 0, NULL),
(157, 30, 13, '2024-01-06', 41.67, 10, 51.67, NULL, 0, NULL),
(158, 30, 14, '2024-02-03', 41.67, 9.17, 50.83, NULL, 0, NULL),
(159, 30, 15, '2024-03-02', 41.67, 8.33, 50, NULL, 0, NULL),
(160, 30, 16, '2024-04-06', 41.67, 7.5, 49.17, NULL, 0, NULL),
(161, 30, 17, '2024-05-04', 41.67, 6.67, 48.33, NULL, 0, NULL),
(162, 30, 18, '2024-06-01', 41.67, 5.83, 47.5, NULL, 0, NULL),
(163, 30, 19, '2024-07-06', 41.67, 5, 46.67, NULL, 0, NULL),
(164, 30, 20, '2024-08-03', 41.67, 4.17, 45.83, NULL, 0, NULL),
(165, 30, 21, '2024-09-07', 41.67, 3.33, 45, NULL, 0, NULL),
(166, 30, 22, '2024-10-05', 41.67, 2.5, 44.17, NULL, 0, NULL),
(167, 30, 23, '2024-11-02', 41.67, 1.67, 43.33, NULL, 0, NULL),
(168, 30, 24, '2024-12-07', 41.67, 0.83, 42.5, NULL, 0, NULL),
(169, 31, 1, '2023-02-04', 40.17, 4.82, 44.99, 200.83, 1, 194),
(170, 31, 2, '2023-03-04', 40.17, 4.02, 44.18, 160.66, 1, 245),
(171, 31, 3, '2023-04-01', 40.17, 3.21, 43.38, 120.49, 1, 263),
(172, 31, 4, '2023-05-06', 40.17, 2.41, 42.58, NULL, 0, NULL),
(173, 31, 5, '2023-06-03', 40.17, 1.61, 41.77, NULL, 0, NULL),
(174, 31, 6, '2023-07-01', 40.17, 0.8, 40.97, NULL, 0, NULL),
(175, 32, 1, '2023-02-04', 40.17, 4.82, 44.99, 200.83, 1, 209),
(176, 32, 2, '2023-03-04', 40.17, 4.02, 44.18, 160.66, 1, 252),
(177, 32, 3, '2023-04-01', 40.17, 3.21, 43.38, 120.49, 1, 286),
(178, 32, 4, '2023-05-06', 40.17, 2.41, 42.58, NULL, 0, NULL),
(179, 32, 5, '2023-06-03', 40.17, 1.61, 41.77, NULL, 0, NULL),
(180, 32, 6, '2023-07-01', 40.17, 0.8, 40.97, NULL, 0, NULL),
(181, 33, 1, '2023-02-04', 83.33, 20, 103.33, 916.67, 1, 214),
(182, 33, 2, '2023-03-04', 83.33, 18.33, 101.67, 833.34, 1, 243),
(183, 33, 3, '2023-04-01', 83.33, 16.67, 100, 750.01, 1, 268),
(184, 33, 4, '2023-05-06', 83.33, 15, 98.33, NULL, 0, NULL),
(185, 33, 5, '2023-06-03', 83.33, 13.33, 96.67, NULL, 0, NULL),
(186, 33, 6, '2023-07-01', 83.33, 11.67, 95, NULL, 0, NULL),
(187, 33, 7, '2023-08-05', 83.33, 10, 93.33, NULL, 0, NULL),
(188, 33, 8, '2023-09-02', 83.33, 8.33, 91.67, NULL, 0, NULL),
(189, 33, 9, '2023-10-07', 83.33, 6.67, 90, NULL, 0, NULL),
(190, 33, 10, '2023-11-04', 83.33, 5, 88.33, NULL, 0, NULL),
(191, 33, 11, '2023-12-02', 83.33, 3.33, 86.67, NULL, 0, NULL),
(192, 33, 12, '2024-01-06', 83.33, 1.67, 85, NULL, 0, NULL),
(193, 34, 1, '2023-03-04', 83.33, 20, 103.33, 916.67, 1, 238),
(194, 34, 2, '2023-04-01', 83.33, 18.33, 101.67, 833.34, 1, 261),
(195, 34, 3, '2023-05-06', 83.33, 16.67, 100, NULL, 0, NULL),
(196, 34, 4, '2023-06-03', 83.33, 15, 98.33, NULL, 0, NULL),
(197, 34, 5, '2023-07-01', 83.33, 13.33, 96.67, NULL, 0, NULL),
(198, 34, 6, '2023-08-05', 83.33, 11.67, 95, NULL, 0, NULL),
(199, 34, 7, '2023-09-02', 83.33, 10, 93.33, NULL, 0, NULL),
(200, 34, 8, '2023-10-07', 83.33, 8.33, 91.67, NULL, 0, NULL),
(201, 34, 9, '2023-11-04', 83.33, 6.67, 90, NULL, 0, NULL),
(202, 34, 10, '2023-12-02', 83.33, 5, 88.33, NULL, 0, NULL),
(203, 34, 11, '2024-01-06', 83.33, 3.33, 86.67, NULL, 0, NULL),
(204, 34, 12, '2024-02-03', 83.33, 1.67, 85, NULL, 0, NULL),
(205, 35, 1, '2023-03-04', 50, 24, 74, 1150, 1, 260),
(206, 35, 2, '2023-04-01', 50, 23, 73, 1100, 1, 292),
(207, 35, 3, '2023-05-06', 50, 22, 72, NULL, 0, NULL),
(208, 35, 4, '2023-06-03', 50, 21, 71, NULL, 0, NULL),
(209, 35, 5, '2023-07-01', 50, 20, 70, NULL, 0, NULL),
(210, 35, 6, '2023-08-05', 50, 19, 69, NULL, 0, NULL),
(211, 35, 7, '2023-09-02', 50, 18, 68, NULL, 0, NULL),
(212, 35, 8, '2023-10-07', 50, 17, 67, NULL, 0, NULL),
(213, 35, 9, '2023-11-04', 50, 16, 66, NULL, 0, NULL),
(214, 35, 10, '2023-12-02', 50, 15, 65, NULL, 0, NULL),
(215, 35, 11, '2024-01-06', 50, 14, 64, NULL, 0, NULL),
(216, 35, 12, '2024-02-03', 50, 13, 63, NULL, 0, NULL),
(217, 35, 13, '2024-03-02', 50, 12, 62, NULL, 0, NULL),
(218, 35, 14, '2024-04-06', 50, 11, 61, NULL, 0, NULL),
(219, 35, 15, '2024-05-04', 50, 10, 60, NULL, 0, NULL),
(220, 35, 16, '2024-06-01', 50, 9, 59, NULL, 0, NULL),
(221, 35, 17, '2024-07-06', 50, 8, 58, NULL, 0, NULL),
(222, 35, 18, '2024-08-03', 50, 7, 57, NULL, 0, NULL),
(223, 35, 19, '2024-09-07', 50, 6, 56, NULL, 0, NULL),
(224, 35, 20, '2024-10-05', 50, 5, 55, NULL, 0, NULL),
(225, 35, 21, '2024-11-02', 50, 4, 54, NULL, 0, NULL),
(226, 35, 22, '2024-12-07', 50, 3, 53, NULL, 0, NULL),
(227, 35, 23, '2025-01-04', 50, 2, 52, NULL, 0, NULL),
(228, 35, 24, '2025-02-01', 50, 1, 51, NULL, 0, NULL),
(229, 36, 1, '2023-03-04', 50, 6, 56, 250, 1, 283),
(230, 36, 2, '2023-04-01', 50, 6, 56, 200, 1, 283),
(231, 36, 3, '2023-05-06', 50, 6, 56, NULL, 0, NULL),
(232, 36, 4, '2023-06-03', 50, 6, 56, NULL, 0, NULL),
(233, 36, 5, '2023-07-01', 50, 6, 56, NULL, 0, NULL),
(234, 36, 6, '2023-08-05', 50, 6, 56, NULL, 0, NULL),
(235, 37, 1, '2023-04-01', 41.67, 10, 51.67, NULL, 0, NULL),
(236, 37, 2, '2023-05-06', 41.67, 9.17, 50.84, NULL, 0, NULL),
(237, 37, 3, '2023-06-03', 41.67, 8.33, 50, NULL, 0, NULL),
(238, 37, 4, '2023-07-01', 41.67, 7.5, 49.17, NULL, 0, NULL),
(239, 37, 5, '2023-08-05', 41.67, 6.67, 48.34, NULL, 0, NULL),
(240, 37, 6, '2023-09-02', 41.67, 5.83, 47.5, NULL, 0, NULL),
(241, 37, 7, '2023-10-07', 41.67, 5, 46.67, NULL, 0, NULL),
(242, 37, 8, '2023-11-04', 41.67, 4.17, 45.84, NULL, 0, NULL),
(243, 37, 9, '2023-12-02', 41.67, 3.33, 45, NULL, 0, NULL),
(244, 37, 10, '2024-01-06', 41.67, 2.5, 44.17, NULL, 0, NULL),
(245, 37, 11, '2024-02-03', 41.67, 1.67, 43.34, NULL, 0, NULL),
(246, 37, 12, '2024-03-02', 41.67, 0.83, 42.5, NULL, 0, NULL),
(247, 38, 1, '2023-04-01', 100, 24, 124, 1100, 1, 280),
(248, 38, 2, '2023-05-06', 100, 22, 122, NULL, 0, NULL),
(249, 38, 3, '2023-06-03', 100, 20, 120, NULL, 0, NULL),
(250, 38, 4, '2023-07-01', 100, 18, 118, NULL, 0, NULL),
(251, 38, 5, '2023-08-05', 100, 16, 116, NULL, 0, NULL),
(252, 38, 6, '2023-09-02', 100, 14, 114, NULL, 0, NULL),
(253, 38, 7, '2023-10-07', 100, 12, 112, NULL, 0, NULL),
(254, 38, 8, '2023-11-04', 100, 10, 110, NULL, 0, NULL),
(255, 38, 9, '2023-12-02', 100, 8, 108, NULL, 0, NULL),
(256, 38, 10, '2024-01-06', 100, 6, 106, NULL, 0, NULL),
(257, 38, 11, '2024-02-03', 100, 4, 104, NULL, 0, NULL),
(258, 38, 12, '2024-03-02', 100, 2, 102, NULL, 0, NULL),
(259, 40, 1, '2023-04-01', 62.5, 10, 72.5, 437.5, 1, 264),
(260, 40, 2, '2023-05-06', 62.5, 8.75, 71.25, NULL, 0, NULL),
(261, 40, 3, '2023-06-03', 62.5, 7.5, 70, NULL, 0, NULL),
(262, 40, 4, '2023-07-01', 62.5, 6.25, 68.75, NULL, 0, NULL),
(263, 40, 5, '2023-08-05', 62.5, 5, 67.5, NULL, 0, NULL),
(264, 40, 6, '2023-09-02', 62.5, 3.75, 66.25, NULL, 0, NULL),
(265, 40, 7, '2023-10-07', 62.5, 2.5, 65, NULL, 0, NULL),
(266, 40, 8, '2023-11-04', 62.5, 1.25, 63.75, NULL, 0, NULL);

-- --------------------------------------------------------

--
-- Estructura de tabla para la tabla `Person`
--

CREATE TABLE `Person` (
  `dni` varchar(10) NOT NULL,
  `names` varchar(50) NOT NULL,
  `surnames` varchar(50) NOT NULL,
  `birth_day` date NOT NULL,
  `address` varchar(100) NOT NULL,
  `phone` varchar(10) NOT NULL DEFAULT '999999999',
  `is_dni_copy` tinyint(1) DEFAULT 0
) ENGINE=InnoDB DEFAULT CHARSET=utf8mb4 COLLATE=utf8mb4_general_ci;

--
-- Volcado de datos para la tabla `Person`
--

INSERT INTO `Person` (`dni`, `names`, `surnames`, `birth_day`, `address`, `phone`, `is_dni_copy`) VALUES
('0000000000', '-----', '-----', '0001-01-01', '-----', '0000000000', 0),
('0103005567', 'LAURA ANGELA', 'FERNANDEZ RUMIPULLA', '1968-01-03', '-----', '0993862673', 1),
('0401123609', 'MARIA ESTEFANIA', 'CHAPUESGAL NAZAMUES', '1960-12-04', '-----', '0985263231', 1),
('0703368118', 'MARIUXI ESPERANZA', 'CELI CULQUI', '1975-01-24', '-----', '0000000000', 1),
('0803130632', 'ELBA CECILIA', 'SANCHEZ VASCO', '1986-12-25', '-----', '0959539380', 1),
('0804528958', 'CARLOS DANIEL', 'CELI SANCHEZ', '2005-09-05', '-----', '0000000000', 1),
('1703253326', 'MARIA SOLEDAD', 'VASCO TUPIZA', '0001-01-01', '-----', '0000000000', 0),
('1703277978', 'LUIS ENRIQUE', 'VASCO TUPIZA', '1951-02-13', '-----', '0982860859', 1),
('1703919538', 'MARIA DEL CARMEN', 'ESPIN DIAZ', '1956-01-10', '-----', '0994780033', 1),
('1706360177', 'VICTOR MANUEL', 'VASCO TUPIZA', '1955-12-18', '-----', '0000000000', 1),
('1706772884', 'EDWIN AMILCAR RAUL', 'VARGAS ALCOCER', '1964-01-20', '-----', '0994538251', 1),
('1707949101', 'AMPARO DEL PILAR', 'PILLAJO GUERRA', '1965-07-19', '-----', '0984052800', 1),
('1707953327', 'MARTHA CECILIA', 'VASCO PACHACAMA', '1964-09-16', '-----', '0962559902', 1),
('1708049141', 'JAVIER PATRICIO', 'VARGAS GUALPA', '1976-06-30', '-----', '0991431060', 1),
('1708550197', 'LUIS ANIBAL', 'ESPIN VASCO', '1972-04-23', '-----', '0000000000', 1),
('1709878704', 'ANA MARIA', 'CAMACHO SOSA', '0001-01-01', '-----', '0000000000', 0),
('1709972655', 'BERTHA UBALDINA', 'ESPIN VASCO', '1976-09-22', 'Antonio tandazo y via al IASA', '0997834327', 1),
('1711651347', 'MARIA SUSANA', 'CUEVA RAIMUNDO', '1975-11-14', '-----', '0000000000', 1),
('1712646221', 'YOLANDA DEL PILAR', 'ESPIN VASCO', '1973-09-11', '-----', '0000000000', 1),
('1713072856', 'MIGUEL ANGEL', 'GUTIERREZ GUTIERREZ', '1973-09-05', '-----', '0985263231', 1),
('1713328449', 'SANDRA JANETH', 'SANCHEZ VASCO', '1976-02-28', '-----', '0983789879', 1),
('1713829677', 'MARIA JACQUELINE', 'ÑACATO TIPAN', '1978-08-14', '-----', '0987164585', 1),
('1713848875', 'MARIA MAGDALENA', 'CULQUI PILLAJO', '1979-07-06', '-----', '0998946761', 1),
('1714681986', 'DARIO GERARDO', 'PACHACAMA VALVERDE', '1987-09-03', '-----', '0000000000', 1),
('1714728027', 'MARIANA DE JESUS', 'ALOMOTO TUPIZA', '1981-06-08', '-----', '0991062253', 1),
('1714932025', 'LADIS MARLENE', 'ARCOS MORALES', '1968-05-05', '-----', '0000000000', 1),
('1715406227', 'MAYRA HAYDE', 'SANCHEZ VASCO', '1980-11-03', '-----', '0989096053', 1),
('1720896222', 'EDISON PAUL', 'LOGACHO TUPIZA', '1992-09-14', '-----', '0000000000', 1),
('1722815907', 'PAOLA MARISOL', 'PACHACAMA ESPIN', '1994-10-04', 'Av. Antonio Tandazo y Via IASA', '0993270530', 1),
('1723610976', 'RICARDO ALEXANDER', 'GUAMAN ÑACATO', '0001-01-01', '-----', '0000000000', 0),
('1725264194', 'LIZETH', 'VASCO CAMACHO', '1996-03-01', '-----', '0995243107', 0),
('1725975658', 'KAREN LIZETH', 'LUGMAÑA ESPIN', '1999-04-30', '-----', '0984795590', 1),
('1727196279', 'NYANELI VANESSA', 'ARTEAGA CHICANGO', '1998-06-18', '-----', '0000000000', 1),
('1727625434', 'LENIN JAVIER', 'CULQUI VELASTEGUI', '2011-01-19', '-----', '2083344', 1),
('1751905850', 'MAYRA ELIZABETH', 'CORNEJO FERNANDEZ', '2005-10-17', '-----', '0986037412', 1),
('1752387504', 'LUIS SANTIAGO', 'CUASCOTA CHICAIZA', '1996-12-17', 'Rancho los Pinos', '0995497436', 1),
('1754218806', 'SAMANTHA LIZETH', 'PACHACAMA ESPIN', '0001-01-01', '-----', '0000000000', 1),
('1755007893', 'JOSUE ISMAEL', 'SILVA CULQUI', '2008-12-15', '-----', '022083304', 1),
('1755176342', 'MICHAEL MOISES', 'CULQUI SANCHEZ', '2009-01-25', '-----', '2083513', 1),
('1756525109', 'MATIAS ISRAEL', 'SUNTAXI LUGMAÑA', '2014-04-04', '-----', '0984795590', 1),
('1760203248', 'GABRIEL SALOMON', 'CULQUI BETANCURT', '2020-04-20', '-----', '0000000000', 1);

--
-- Índices para tablas volcadas
--

--
-- Indices de la tabla `Account`
--
ALTER TABLE `Account`
  ADD PRIMARY KEY (`number`),
  ADD KEY `Account_Person_dni_fk` (`dni`);

--
-- Indices de la tabla `Discharge`
--
ALTER TABLE `Discharge`
  ADD PRIMARY KEY (`number`);

--
-- Indices de la tabla `Discharge_detail`
--
ALTER TABLE `Discharge_detail`
  ADD KEY `Discharge_detail_Discharge_number_fk` (`discharge_number`);

--
-- Indices de la tabla `Entry`
--
ALTER TABLE `Entry`
  ADD PRIMARY KEY (`number`),
  ADD KEY `Entry_Account_number_fk` (`account_number`);

--
-- Indices de la tabla `Entry_detail`
--
ALTER TABLE `Entry_detail`
  ADD KEY `Entry_detail_Entry_number_fk` (`entry_number`),
  ADD KEY `Entry_detail_Entry_type_id_fk` (`type_id`);

--
-- Indices de la tabla `Entry_type`
--
ALTER TABLE `Entry_type`
  ADD PRIMARY KEY (`id`);

--
-- Indices de la tabla `Loan`
--
ALTER TABLE `Loan`
  ADD PRIMARY KEY (`number`),
  ADD KEY `Loan_Account_number_fk` (`account`),
  ADD KEY `Loan_Account_number_fk2` (`guarantor1_account`),
  ADD KEY `Loan_Account_number_fk3` (`guarantor2_account`);

--
-- Indices de la tabla `Loan_detail`
--
ALTER TABLE `Loan_detail`
  ADD PRIMARY KEY (`id`),
  ADD KEY `Loan_detail_Entry_number_fk` (`entry_number`),
  ADD KEY `Loan_detail_Loan_number_fk` (`loan_number`);

--
-- Indices de la tabla `Person`
--
ALTER TABLE `Person`
  ADD PRIMARY KEY (`dni`);

--
-- AUTO_INCREMENT de las tablas volcadas
--

--
-- AUTO_INCREMENT de la tabla `Account`
--
ALTER TABLE `Account`
  MODIFY `number` int(11) NOT NULL AUTO_INCREMENT, AUTO_INCREMENT=54;

--
-- AUTO_INCREMENT de la tabla `Discharge`
--
ALTER TABLE `Discharge`
  MODIFY `number` int(11) NOT NULL AUTO_INCREMENT, AUTO_INCREMENT=48;

--
-- AUTO_INCREMENT de la tabla `Entry`
--
ALTER TABLE `Entry`
  MODIFY `number` int(11) NOT NULL AUTO_INCREMENT, AUTO_INCREMENT=297;

--
-- AUTO_INCREMENT de la tabla `Entry_type`
--
ALTER TABLE `Entry_type`
  MODIFY `id` int(11) NOT NULL AUTO_INCREMENT, AUTO_INCREMENT=12;

--
-- AUTO_INCREMENT de la tabla `Loan`
--
ALTER TABLE `Loan`
  MODIFY `number` int(11) NOT NULL AUTO_INCREMENT, AUTO_INCREMENT=41;

--
-- AUTO_INCREMENT de la tabla `Loan_detail`
--
ALTER TABLE `Loan_detail`
  MODIFY `id` int(11) NOT NULL AUTO_INCREMENT, AUTO_INCREMENT=267;

--
-- Restricciones para tablas volcadas
--

--
-- Filtros para la tabla `Account`
--
ALTER TABLE `Account`
  ADD CONSTRAINT `Account_Person_dni_fk` FOREIGN KEY (`dni`) REFERENCES `Person` (`dni`);

--
-- Filtros para la tabla `Discharge_detail`
--
ALTER TABLE `Discharge_detail`
  ADD CONSTRAINT `Discharge_detail_Discharge_number_fk` FOREIGN KEY (`discharge_number`) REFERENCES `Discharge` (`number`);

--
-- Filtros para la tabla `Entry`
--
ALTER TABLE `Entry`
  ADD CONSTRAINT `Entry_Account_number_fk` FOREIGN KEY (`account_number`) REFERENCES `Account` (`number`);

--
-- Filtros para la tabla `Entry_detail`
--
ALTER TABLE `Entry_detail`
  ADD CONSTRAINT `Entry_detail_Entry_number_fk` FOREIGN KEY (`entry_number`) REFERENCES `Entry` (`number`),
  ADD CONSTRAINT `Entry_detail_Entry_type_id_fk` FOREIGN KEY (`type_id`) REFERENCES `Entry_type` (`id`);

--
-- Filtros para la tabla `Loan`
--
ALTER TABLE `Loan`
  ADD CONSTRAINT `Loan_Account_number_fk` FOREIGN KEY (`account`) REFERENCES `Account` (`number`),
  ADD CONSTRAINT `Loan_Account_number_fk2` FOREIGN KEY (`guarantor1_account`) REFERENCES `Account` (`number`),
  ADD CONSTRAINT `Loan_Account_number_fk3` FOREIGN KEY (`guarantor2_account`) REFERENCES `Account` (`number`);

--
-- Filtros para la tabla `Loan_detail`
--
ALTER TABLE `Loan_detail`
  ADD CONSTRAINT `Loan_detail_Entry_number_fk` FOREIGN KEY (`entry_number`) REFERENCES `Entry` (`number`),
  ADD CONSTRAINT `Loan_detail_Loan_number_fk` FOREIGN KEY (`loan_number`) REFERENCES `Loan` (`number`);
COMMIT;

/*!40101 SET CHARACTER_SET_CLIENT=@OLD_CHARACTER_SET_CLIENT */;
/*!40101 SET CHARACTER_SET_RESULTS=@OLD_CHARACTER_SET_RESULTS */;
/*!40101 SET COLLATION_CONNECTION=@OLD_COLLATION_CONNECTION */;
