-- phpMyAdmin SQL Dump
-- version 5.2.0
-- https://www.phpmyadmin.net/
--
-- Servidor: localhost
-- Tiempo de generación: 14-06-2025 a las 01:23:34
-- Versión del servidor: 10.4.27-MariaDB
-- Versión de PHP: 8.1.12

SET SQL_MODE = "NO_AUTO_VALUE_ON_ZERO";
START TRANSACTION;
SET time_zone = "+00:00";


/*!40101 SET @OLD_CHARACTER_SET_CLIENT=@@CHARACTER_SET_CLIENT */;
/*!40101 SET @OLD_CHARACTER_SET_RESULTS=@@CHARACTER_SET_RESULTS */;
/*!40101 SET @OLD_COLLATION_CONNECTION=@@COLLATION_CONNECTION */;
/*!40101 SET NAMES utf8mb4 */;

--
-- Base de datos: `cepo_de_oro`
--

-- --------------------------------------------------------

--
-- Estructura de tabla para la tabla `Account`
--

CREATE TABLE `Account` (
  `number` int(11) NOT NULL,
  `dni` varchar(10) NOT NULL,
  `is_disabled` tinyint(1) DEFAULT 0,
  `creation_date` date NOT NULL,
  `start_amount` float NOT NULL DEFAULT 0,
  `current_saving` float NOT NULL DEFAULT 0
) ENGINE=InnoDB DEFAULT CHARSET=utf8mb4 COLLATE=utf8mb4_general_ci;

--
-- Volcado de datos para la tabla `Account`
--

INSERT INTO `Account` (`number`, `dni`, `is_disabled`, `creation_date`, `start_amount`, `current_saving`) VALUES
(1, '1712646221', 0, '2022-07-02', 100, 760),
(2, '1711651347', 0, '2022-08-06', 120, 800),
(3, '1760203248', 0, '2022-11-12', 180, 800),
(4, '1703253326', 0, '2022-07-02', 100, 840),
(5, '1708550197', 0, '2022-07-02', 100, 800),
(9, '0401123609', 0, '2022-07-02', 100, 800),
(12, '1751905850', 0, '2022-07-02', 100, 800),
(13, '1722815907', 0, '2022-07-02', 100, 800),
(14, '0103005567', 0, '2022-07-02', 100, 780),
(16, '1703277978', 0, '2022-07-02', 100, 780),
(17, '1708049141', 0, '2022-07-02', 100, 800),
(18, '1706360177', 0, '2022-07-02', 100, 780),
(19, '1713829677', 1, '2022-07-02', 100, 620),
(20, '1709972655', 0, '2022-07-02', 100, 800),
(21, '1703919538', 0, '2022-10-01', 160, 780),
(22, '1756525109', 0, '2022-07-02', 100, 760),
(23, '1752387504', 0, '2022-07-02', 100, 800),
(24, '1725975658', 0, '2022-07-02', 100, 780),
(26, '1714932025', 0, '2022-07-02', 100, 820),
(28, '1727196279', 0, '2022-08-06', 120, 800),
(30, '1706772884', 0, '2022-09-03', 140, 800),
(31, '0804528958', 0, '2022-11-12', 180, 800),
(33, '1755007893', 0, '2022-12-03', 200, 800),
(34, '1727625434', 0, '2023-01-07', 220, 800),
(35, '0703368118', 0, '2022-11-12', 180, 800),
(37, '1755176342', 0, '2023-01-07', 220, 800),
(38, '1714681986', 0, '2023-01-07', 220, 800),
(40, '1707949101', 0, '2022-08-06', 120, 800),
(41, '1713072856', 0, '2022-07-02', 100, 800),
(43, '1714728027', 0, '2022-08-06', 120, 800),
(45, '1715406227', 0, '2022-08-06', 120, 800),
(46, '1713328449', 0, '2022-08-06', 120, 800),
(47, '1707953327', 0, '2022-08-06', 120, 800),
(48, '0803130632', 0, '2022-08-06', 120, 800),
(49, '1713848875', 0, '2022-08-06', 120, 800),
(50, '1720896222', 0, '2023-01-07', 220, 800),
(51, '1709878704', 0, '2023-02-04', 240, 800),
(53, '1725264194', 0, '2023-04-01', 280, 800),
(56, '1721938932', 0, '2024-01-06', 460, 800),
(57, '1756016109', 0, '2024-10-17', 640, 800);

-- --------------------------------------------------------

--
-- Estructura de tabla para la tabla `Discharge`
--

CREATE TABLE `Discharge` (
  `number` int(11) NOT NULL,
  `date` date NOT NULL,
  `place` varchar(20) NOT NULL,
  `beneficiary` varchar(40) NOT NULL,
  `amount` float NOT NULL,
  `type_id` int(11) DEFAULT NULL,
  `period_id` int(11) NOT NULL DEFAULT 1
) ENGINE=InnoDB DEFAULT CHARSET=utf8mb4 COLLATE=utf8mb4_general_ci;

--
-- Volcado de datos para la tabla `Discharge`
--

INSERT INTO `Discharge` (`number`, `date`, `place`, `beneficiary`, `amount`, `type_id`, `period_id`) VALUES
(-1, '2022-11-12', 'Loreto', 'Susana Cueva', 4, 1, 1),
(1, '2022-07-02', 'Loreto', 'Impresiones Leo', 52, 1, 1),
(2, '2022-07-02', 'Loreto', 'Berta Espin', 115, 8, 1),
(3, '2022-07-02', 'Loreto', 'Mayra Cornejo', 115, 8, 1),
(4, '2022-07-02', 'Loreto', 'Mayra Soledad Vasco', 115, 8, 1),
(5, '2022-07-02', 'ANULADO', 'ANULADO', 0, NULL, 1),
(6, '2022-07-02', 'Loreto', 'Karen Lugmaña', 150, 3, 1),
(7, '2022-07-02', 'ANULADO', 'ANULADO', 0, NULL, 1),
(8, '2022-07-02', 'Loreto', 'Marlene Arcos', 100, 8, 1),
(9, '2022-08-06', 'Loreto', 'Nayeli Arteaga', 136, 8, 1),
(10, '2022-08-06', 'Loreto', 'Martha Vasco', 136, 3, 1),
(11, '2022-08-06', 'Loreto', 'Yolanda Espin', 300, 3, 1),
(12, '2022-08-06', 'Loreto', 'Mayra Sanchez', 92, 3, 1),
(13, '2022-08-06', 'Loreto', 'Sandra Sanchez', 76, 8, 1),
(14, '2022-08-06', 'Loreto', 'Bertha Espin', 300, 8, 1),
(15, '2022-08-06', 'Loreto', 'Susana Cueva', 3.75, 1, 1),
(16, '2022-09-03', 'Loreto', 'Sandra Sanchez', 200, 8, 1),
(17, '2022-10-01', 'Loreto', 'Carmen Espin', 178, 8, 1),
(18, '2022-10-01', 'Loreto', 'Laura Fernandez', 200, 8, 1),
(19, '2022-10-01', 'Loreto', 'Nayeli Arteaga', 200, 8, 1),
(20, '2022-10-01', 'Loreto', 'Maria Soledad Vasco', 300, 8, 1),
(21, '2022-10-01', 'Loreto', 'Bertha Espin', 1500, 8, 1),
(22, '2022-10-01', 'Loreto', 'Paola Pachacama', 600, 8, 1),
(23, '2022-11-12', 'Loreto', 'Sandra Sanchez (Cecilia)', 340, 8, 1),
(24, '2022-11-12', 'Loreto', 'Marlene Arcos', 1000, 8, 1),
(25, '2022-11-12', 'Loreto', 'Martha Vasco', 500, 8, 1),
(26, '2022-11-12', 'Loreto', 'Gabriel Culqui (Sandra Betancourt)', 200, 8, 1),
(27, '2022-11-12', 'Loreto', 'Carlos Celi (Sandra Sanchez)', 200, 8, 1),
(28, '2022-11-12', 'Loreto', 'Mariuxi Celi Culqui', 200, 8, 1),
(29, '2022-12-03', 'Loreto', 'Ismael Silva', 100, 8, 1),
(30, '2022-12-03', 'Loreto', 'Maria Soledad Vasco', 1200, 8, 1),
(31, '2022-12-03', 'Loreto', 'Luis Cuascota', 51.74, 1, 1),
(32, '2022-12-03', 'Loreto', 'Susana Cueva', 1000, 8, 1),
(33, '2022-12-03', 'Loreto', 'Bertha Espin', 250, 9, 1),
(34, '2023-01-07', 'Loreto', 'Edison Logacho', 241, 8, 1),
(35, '2023-01-07', 'ANULADO', 'ANULADO', 0, NULL, 1),
(36, '2023-01-07', 'Loreto', 'Dario Pachacama', 241, 8, 1),
(37, '2023-01-07', 'Loreto', 'Yolanda Espin', 1000, 8, 1),
(38, '2023-02-04', 'Loreto', 'Cecilia Sanchez (Sandra Sanchez)', 1000, 8, 1),
(39, '2023-02-04', 'Loreto', 'Jacqueline Ñacato', 1200, 8, 1),
(40, '2023-02-04', 'Loreto', 'Luis Anibal Espin', 300, 8, 1),
(41, '2023-02-04', 'Loreto', 'Susana Cueva', 5, 1, 1),
(42, '2023-03-04', 'Loreto', 'Nayeli Arteaga', 500, 8, 1),
(43, '2023-03-04', 'Loreto', 'Laura Fernandez', 1200, 8, 1),
(44, '2023-03-04', 'Loreto', 'Mayra Sanchez', 500, 8, 1),
(45, '2023-03-04', 'Loreto', 'Susana Cueva', 5, 1, 1),
(46, '2023-03-04', 'Loreto', 'Impresiones Leo', 20, 1, 1),
(47, '2023-04-01', 'Loreto', 'SUSANA CUEVA', 5, 1, 1),
(48, '2023-05-06', 'Loreto', 'CARMEN ESPIN', 200, 8, 1),
(49, '2023-05-06', 'Loreto', 'SANDRA SANCHEZ', 500, 8, 1),
(50, '2023-05-06', 'Loreto', 'PAUL LOGACHO', 1000, 3, 1),
(51, '2023-05-06', 'Loreto', 'MARIA CHAPUESGAL', 1000, 3, 1),
(52, '2023-05-06', 'Loreto', 'ROMANELLY GALLEGOS', 500, 3, 1),
(53, '2023-05-06', 'Loreto', 'ROMANELLY GALLEGOS', 500, 3, 1),
(54, '2023-05-06', 'Loreto', 'BERTHA ESPIN', 1000, 3, 1),
(55, '2023-05-06', 'Loreto', 'SUSANA CUEVA', 5, 1, 1),
(56, '2023-05-06', 'Loreto', 'PAOLA PACHACAMA', 400, 3, 1),
(57, '2023-06-03', 'Loreto', 'MARTHA VASCO', 600, 3, 1),
(58, '2023-06-03', 'Loreto', 'YOLANDA ESPIN', 1200, 3, 1),
(59, '2023-06-03', 'Loreto', 'SUSANA CUEVA', 5, 1, 1),
(60, '2023-06-03', 'Loreto', 'GABRIEL CULQUI', 1200, 3, 1),
(61, '2023-06-03', 'Loreto', 'DISEÑOS LEO IMPRENTA', 12, 1, 1),
(62, '2023-07-01', 'Loreto', 'MARIUXI CELI', 1000.4, 3, 1),
(63, '2023-08-05', 'ANULADO', 'ANULADO', 0, NULL, 1),
(64, '2023-08-05', 'Loreto', 'ROMANELLY GALLEGOS', 1300, 3, 1),
(65, '2023-08-05', 'Loreto', 'CAROLINA VASCO', 1500, 3, 1),
(66, '2023-08-05', 'Loreto', 'CARMEN ESPIN', 1100, 3, 1),
(67, '2023-08-05', 'Loreto', 'CECILIA SANCHEZ', 2000, 3, 1),
(68, '2023-08-05', 'Loreto', 'SANDRA SANCHEZ', 10, 1, 1),
(69, '2023-09-02', 'Loreto', 'PATRICIO VARGAS', 1000, 3, 1),
(70, '2023-09-02', 'Loreto', 'SUSANA CUEVA', 1300, 3, 1),
(71, '2023-09-02', 'ANULADO', 'ANULADO', 0, NULL, 1),
(72, '2023-09-02', 'LORETO', 'NAYELI ARTEAGA', 1350, 3, 1),
(73, '2023-09-02', 'LORETO', 'NAYELI ARTEAGA', 350, 3, 1),
(74, '2023-09-02', 'LORETO', 'SANDRA SANCHEZ', 10, 1, 1),
(75, '2023-10-07', 'LORETO', 'LAURA FERNANDEZ', 1500, 3, 1),
(76, '2023-10-07', 'LORETO', 'SANDRA SANCHEZ', 10, 1, 1),
(77, '2023-10-07', 'LORETO', 'LUIS CUASCOTA', 232.42, 4, 1),
(78, '2023-10-07', 'LORETO', 'YOLANDA ESPIN', 700, 3, 1),
(79, '2023-11-11', 'LORETO', 'RAUL VARGAS', 1000, 3, 1),
(80, '2023-11-11', 'LORETO', 'SOLEDAD VASCO', 1150, 3, 1),
(81, '2023-11-11', 'LORETO', 'SANDRA SANCHEZ', 10, 1, 1),
(82, '2023-11-18', 'Loreto', 'COMISION NVIDEÑA', 520, 9, 1),
(83, '2023-12-09', 'Loreto', 'DARIO PACHACAMA', 1000, 3, 1),
(84, '2023-12-09', 'Loreto', 'SUSANA CUEVA', 10, 1, 1),
(85, '2023-12-09', 'Loreto', 'BERTHA ESPIN', 1709.31, 3, 1),
(86, '2023-12-09', 'Loreto', 'LUIS CUASCOTA', 1.76, 1, 1),
(87, '2024-01-06', 'Loreto', 'MARLENE ARCOS', 1000, 3, 1),
(88, '2024-01-06', 'Loreto', 'ROMANELLY GALLEGOS', 1200, 3, 1),
(89, '2024-01-06', 'Loreto', 'MAYRA CORNEJO', 600, 3, 1),
(90, '2024-01-06', 'Loreto', 'SANDRA SANCHEZ', 10, 1, 1),
(91, '2024-02-03', 'Loreto', 'AMPARO PILLAJO', 1000, 8, 1),
(92, '2024-02-03', 'Loreto', 'MOISES CULQUI', 2000, 3, 1),
(93, '2024-03-02', 'Loreto', 'SANDRA SANCHEZ', 20, 1, 1),
(94, '2024-03-02', 'Loreto', 'LUIS ENRIQUE VASCO', 2000, 8, 1),
(95, '2024-03-02', 'Loreto', 'PAUL LOGACHO', 2000, 3, 1),
(96, '2024-03-02', 'Loreto', 'VICTOR MANUEL VASCO', 1000, 8, 1),
(97, '2024-03-02', 'Loreto', 'CARLOS CELI', 300, 3, 1),
(98, '2024-03-14', 'Loreto', 'SANDRA SANCHEZ', 2000, 3, 1),
(99, '2024-04-06', 'Loreto', 'LUIS ESPIN', 500, 8, 1),
(100, '2024-04-06', 'Loreto', 'SANDRA SANCHEZ', 10, 1, 1),
(101, '2024-04-08', 'Loreto', 'ROMANELLI GALLEGOS', 1200, 8, 1),
(102, '2024-04-11', 'Loreto', 'KAREN LUGMAÑA', 2000, 3, 1),
(103, '2024-05-06', 'Loreto', 'YOLANDA ESPIN', 1200, 3, 1),
(104, '2024-05-11', 'Loreto', 'ESTEFANIA CHAPUESGAL', 1000, 3, 1),
(105, '2024-05-11', 'Loreto', 'VICTOR VASCO', 500, 8, 1),
(106, '2024-05-11', 'Loreto', 'VICTOR VASCO', 1000, 8, 1),
(107, '2024-05-11', 'Loreto', 'SANDRA SANCHEZ', 10, 1, 1),
(108, '2024-05-11', 'Loreto', 'MAYRA CORNEJO', 700, 3, 1),
(109, '2024-05-11', 'Loreto', 'MAYRA CORNEJO', 800, 3, 1),
(110, '2024-06-01', 'Loreto', 'SANTIAGO CUASCOTA', 4, 1, 1),
(111, '2024-06-01', 'Loreto', 'SUSANA CUEVA', 2000, 3, 1),
(112, '2024-06-01', 'Loreto', 'PATRICIO VARGAS', 1000, 3, 1),
(113, '2024-06-01', 'Loreto', 'PATRICIO VARGAS', 1000, 3, 1),
(114, '2024-06-01', 'Loreto', 'SANDRA SANCHEZ', 10, 1, 1),
(115, '2024-06-01', 'Loreto', 'MAGDALENA CULQUI', 500, 3, 1),
(116, '2024-07-05', 'Loreto', 'BERTHA ESPIN', 2000, 3, 1),
(117, '2024-07-05', 'Loreto', 'SANTIAGO CUASCOTA', 11, 1, 1),
(118, '2024-07-06', 'Loreto', 'YOLANDA ESPIN', 20.95, 9, 1),
(119, '2024-07-06', 'Loreto', 'MARTHA VASCO', 300, 3, 1),
(120, '2024-07-06', 'Loreto', 'ANA CAMACHO', 500, 3, 1),
(121, '2024-07-06', 'Loreto', 'SOLEDAD VASCO', 1000, 3, 1),
(122, '2024-07-06', 'Loreto', 'SANDRA SANCHEZ', 10, 1, 1),
(123, '2024-07-06', 'Loreto', 'PAOLA PACHACAMA', 2000, 8, 1),
(124, '2024-07-06', 'Loreto', 'SNATIAGO CUASCOTA', 50, 9, 1),
(125, '2024-07-06', 'Loreto', 'SANDRA SANCHEZ', 12.7, 9, 1),
(126, '2024-07-06', 'Loreto', 'SANDRA SANCHEZ', 25, 9, 1),
(127, '2024-08-03', 'Loreto', 'SANDRA SANCHEZ', 10, 1, 1),
(128, '2024-08-03', 'Loreto', 'CECILIA SANCHEZ', 1500, 3, 1),
(129, '2024-08-03', 'Loreto', 'MAYRA SANCHEZ', 2000, 3, 1),
(130, '2024-09-07', 'Loreto', 'LUIS ANIBAL ESPIN', 1500, 3, 1),
(131, '2024-09-07', 'Loreto', 'NAYELY ARTEAGA', 1600, 3, 1),
(132, '2024-09-09', 'Loreto', 'LAURA FERNANDEZ', 2500, 3, 1),
(133, '2024-10-05', 'Loreto', 'MIGUEL GUTIERREZ', 1200, 3, 1),
(134, '2024-10-05', 'Loreto', 'SANDRA SANCHEZ', 10, 1, 1),
(135, '2024-10-05', 'Loreto', 'YOLANDA ESPIN', 1200, 3, 1),
(136, '2024-10-07', 'Loreto', 'JAQUELINE ÑACATO', 620, 8, 1),
(137, '2024-10-09', 'Loreto', 'FREDDY CHICAIZA', 2000, 3, 1),
(138, '2024-10-11', 'Loreto', 'MIGUEL GUTIERREZ', 800, 3, 1),
(139, '2024-11-09', 'Loreto', 'MARIANA DE JESUS ALOMOTO', 2000, 3, 1),
(140, '2024-11-09', 'Loreto', 'SANDRA SANCHEZ', 10, 1, 1),
(141, '2024-12-07', 'Loreto', 'JAVIER PATRICIO VARGAS', 600, 3, 1),
(142, '2024-12-07', 'Loreto', 'SANDRA SANCHEZ', 10, 1, 1),
(143, '2024-12-07', 'Loreto', 'SOLEDAD VASCO', 1785, 8, 1),
(144, '2024-12-07', 'Loreto', 'PAOLA PACHACAMA', 300, 3, 1),
(145, '2024-12-07', 'Loreto', 'COMISION NAVIDEÑA', 455, 9, 1),
(147, '2025-01-11', 'Loreto', 'MARLENE ARCOS', 1000, 3, 1),
(148, '2025-01-11', 'Loreto', 'SANDRA SANCHEZ', 10, 1, 1),
(149, '2025-01-11', 'Loreto', 'MARIA JACQUELINE ÑACATO TIPAN       ', 207.45, 4, 1),
(150, '2025-01-11', 'Loreto', 'LUIS VASCO', 200, 8, 1),
(151, '2025-01-20', 'Loreto', 'LUIS SANTIAGO CUASCOTA', 96, 6, 2),
(152, '2025-01-20', 'Loreto', 'LUIS SANTIAGO CUASCOTA', 153.51, 5, 2),
(153, '2025-01-20', 'Loreto', 'PAOLA PACHACAMA', 189.43, 5, 2),
(154, '2025-01-20', 'Loreto', 'PAOLA PACHACAMA', 60.08, 4, 2),
(155, '2025-01-20', 'Loreto', 'YOLANDA ESPIN', 237.15, 4, 2),
(156, '2025-01-20', 'Loreto', 'SUSANA CUEVA', 245.25, 4, 2),
(157, '2025-01-20', 'Loreto', 'GABRIEL SALOMON CULQUI BETANCURT', 240.13, 4, 2),
(158, '2025-01-20', 'Loreto', 'MARIA SOLEDAD VASCO TUPIZA', 251.22, 4, 2),
(159, '2025-01-20', 'Loreto', 'LUIS ANIBAL ESPIN VASCO', 246.53, 4, 2),
(160, '2025-01-20', 'Loreto', 'MARIA ESTEFANIA CHAPUESGAL NAZAMUES', 249.51, 4, 2),
(161, '2025-01-20', 'Loreto', 'MAYRA ELIZABETH CORNEJO FERNANDEZ', 249.51, 4, 2),
(162, '2025-01-20', 'Loreto', 'LAURA ANGELA FERNANDEZ RUMIPULLA', 249.51, 4, 2),
(163, '2025-01-20', 'Loreto', 'LUIS ENRIQUE VASCO TUPIZA', 248.24, 4, 2),
(164, '2025-01-20', 'Loreto', 'JAVIER PATRICIO VARGAS GUALPA       ', 247.81, 4, 2),
(165, '2025-01-20', 'Loreto', 'VICTOR MANUEL VASCO TUPIZA', 248.24, 4, 2),
(166, '2025-01-20', 'Loreto', 'BERTHA UBALDINA ESPIN VASCO', 248.24, 4, 2),
(167, '2025-01-20', 'Loreto', 'MARIA DEL CARMEN ESPIN DIAZ', 240.98, 4, 2),
(168, '2025-01-20', 'Loreto', 'VICENTE ROMANELLY GALLEGOS CHUQUIMARCA', 231.62, 4, 2),
(169, '2025-01-20', 'Loreto', 'KAREN LIZETH LUGMAÑA ESPIN', 238, 4, 2),
(170, '2025-01-20', 'Loreto', 'LADIS MARLENE ARCOS MORALES', 249.94, 4, 2),
(171, '2025-01-20', 'Loreto', 'NAYELI VANESSA ARTEAGA CHICANGO', 246.53, 4, 2),
(172, '2025-01-20', 'Loreto', 'EDWIN AMILCAR RAUL VARGAS ALCOCER', 244.82, 4, 2),
(173, '2025-01-20', 'Loreto', 'CARLOS DANIEL CELI SANCHEZ', 238.85, 4, 2),
(174, '2025-01-20', 'Loreto', 'JOSUE ISMAEL SILVA CULQUI', 234.59, 4, 2),
(175, '2025-01-20', 'Loreto', 'LENIN JAVIER CULQUI VELASTEGUI', 229.89, 4, 2),
(176, '2025-01-20', 'Loreto', 'JEFFERSON OSWALDO CULQUI SANCHEZ', 238, 4, 2),
(177, '2025-01-20', 'Loreto', 'MICHAEL MOISES CULQUI SANCHEZ', 230.32, 4, 2),
(178, '2025-01-20', 'Loreto', 'DARIO GERARDO PACHACAMA VALVERDE', 230.32, 4, 2),
(179, '2025-01-20', 'Loreto', 'AMPARO DEL PILAR PILLAJO GUERRA', 247.81, 4, 2),
(180, '2025-01-20', 'Loreto', 'MIGUEL ANGEL GUTIERREZ GUTIERREZ', 249.51, 4, 2),
(181, '2025-01-20', 'Loreto', 'MARIANA DE JESUS ALOMOTO TUPIZA', 244.82, 4, 2),
(182, '2025-01-20', 'Loreto', 'MAYRA HAYDE SANCHEZ VASCO', 247.38, 4, 2),
(183, '2025-01-20', 'Loreto', 'SANDRA JANETH SANCHEZ VASCO', 247.38, 4, 2),
(184, '2025-01-20', 'Loreto', 'MARTHA CECILIA VASCO PACHACAMA', 241.41, 4, 2),
(185, '2025-01-20', 'Loreto', 'ELBA CECILIA SANCHEZ VASCO', 247.81, 4, 2),
(186, '2025-01-20', 'Loreto', 'MARIA MAGDALENA CULQUI PILLAJO', 247.38, 4, 2),
(187, '2025-01-20', 'Loreto', 'EDISON PAUL LOGACHO TUPIZA', 229.89, 4, 2),
(188, '2025-01-20', 'Loreto', 'ANA MARIA CAMACHO SOSA', 225.63, 4, 2),
(189, '2025-01-20', 'Loreto', 'LIZETH VASCO CAMACHO', 215.39, 4, 2),
(190, '2025-01-20', 'Loreto', 'FREDDY AGUSTIN CHICAIZA TOAPANTA', 147.15, 4, 2),
(191, '2025-01-20', 'Loreto', 'CARLOS ISRAEL ESPIN CUEVA', 42.65, 4, 2),
(192, '2025-01-21', 'Loreto', 'EDISON LOGACHO', 1600, 3, 2),
(193, '2025-01-22', 'Loreto', 'BERTHA ESPIN', 2400, 11, 2),
(194, '2025-01-22', 'Loreto', 'CARMEN ESPIN', 2160, 3, 2),
(195, '2025-02-01', 'Loreto', 'AMPARO PILLAJO', 850, 3, 2),
(196, '2025-02-01', 'Loreto', 'SANDRA SANCHEZ', 20, 1, 2),
(197, '2025-02-01', 'Loreto', 'GABRIEL CULQUI', 600, 3, 2),
(198, '2025-02-02', 'Loreto', 'LENIN CULQUI', 1000, 3, 2),
(199, '2025-02-06', 'Loreto', 'RAUL VARGAS', 2400, 3, 2),
(200, '2025-02-07', 'Loreto', 'SANTIAGO CUASCOTA', 1000, 8, 2),
(201, '2025-03-08', 'Loreto', 'CARLOS ESPIN CUEVA', 1500, 11, 2),
(202, '2025-03-08', 'Loreto', 'MAYRA CORNEJO', 2500, 3, 2),
(203, '2025-03-08', 'Loreto', 'SANDRA SANCHEZ', 10, 1, 2),
(204, '2025-03-08', 'Loreto', 'SANTIAGO CUASCOTA', 24, 8, 2),
(205, '2025-03-12', 'Loreto', 'SUSANA CUEVA', 1000, 8, 2),
(206, '2025-04-05', 'Loreto', 'PAUL LOGACHO', 3400, 3, 2),
(207, '2025-04-05', 'Loreto', 'ROMANELLY GALLEGOS', 3400, 3, 2),
(208, '2025-04-05', 'Loreto', 'SANDRA SANCHEZ', 10, 1, 2),
(209, '2025-04-05', 'Loreto', 'MOISES CULQUI', 2400, 3, 2),
(210, '2025-05-10', 'Loreto', 'ESTEFANIA CHAPUESGAL', 1000, 8, 2),
(211, '2025-05-10', 'Loreto', 'SANDRA SANCHEZ', 10, 1, 2),
(212, '2025-05-22', 'Loreto', 'LUIS CUASCOTA', 14, 8, 2),
(213, '2025-06-07', 'Loreto', 'MARTHA VASCO', 500, 3, 2),
(214, '2025-06-07', 'Loreto', 'DARIO PACHACAMA', 1800, 3, 2),
(215, '2025-06-07', 'Loreto', 'CECILIA SANCHEZ', 3000, 3, 2),
(216, '2025-06-07', 'Loreto', 'SANDRA SANCHEZ', 10, 1, 2);

-- --------------------------------------------------------

--
-- Estructura de tabla para la tabla `Discharge_bill_detail`
--

CREATE TABLE `Discharge_bill_detail` (
  `discharge_number` int(11) NOT NULL,
  `transfer` float NOT NULL,
  `cash` float NOT NULL,
  `period_id` int(11) NOT NULL DEFAULT 1,
  `date` date NOT NULL
) ENGINE=InnoDB DEFAULT CHARSET=utf8mb4 COLLATE=utf8mb4_general_ci;

--
-- Volcado de datos para la tabla `Discharge_bill_detail`
--

INSERT INTO `Discharge_bill_detail` (`discharge_number`, `transfer`, `cash`, `period_id`, `date`) VALUES
(-1, 0, 4, 1, '2022-11-12'),
(1, 0, 52, 1, '2022-07-02'),
(2, 0, 115, 1, '2022-07-02'),
(3, 0, 115, 1, '2022-07-02'),
(4, 0, 115, 1, '2022-07-02'),
(5, 0, 0, 1, '2022-07-02'),
(6, 0, 150, 1, '2022-07-02'),
(7, 0, 0, 1, '2022-07-02'),
(8, 0, 100, 1, '2022-07-02'),
(9, 0, 136, 1, '2022-08-06'),
(10, 0, 136, 1, '2022-08-06'),
(11, 0, 300, 1, '2022-08-06'),
(12, 0, 92, 1, '2022-08-06'),
(13, 0, 76, 1, '2022-08-06'),
(14, 0, 300, 1, '2022-08-06'),
(15, 0, 3.75, 1, '2022-08-06'),
(16, 0, 200, 1, '2022-09-03'),
(17, 0, 178, 1, '2022-10-01'),
(18, 0, 200, 1, '2022-10-01'),
(19, 0, 200, 1, '2022-10-01'),
(20, 0, 300, 1, '2022-10-01'),
(21, 0, 1500, 1, '2022-10-01'),
(22, 0, 600, 1, '2022-10-01'),
(23, 0, 340, 1, '2022-11-12'),
(24, 0, 1000, 1, '2022-11-12'),
(25, 0, 500, 1, '2022-11-12'),
(26, 0, 200, 1, '2022-11-12'),
(27, 0, 200, 1, '2022-11-12'),
(28, 0, 200, 1, '2022-11-12'),
(29, 0, 100, 1, '2022-12-03'),
(30, 0, 1200, 1, '2022-12-03'),
(31, 0, 51.74, 1, '2022-12-03'),
(32, 1000, 0, 1, '2022-12-03'),
(33, 0, 250, 1, '2022-12-03'),
(34, 0, 241, 1, '2023-01-07'),
(35, 0, 0, 1, '2023-01-07'),
(36, 0, 241, 1, '2023-01-07'),
(37, 0, 1000, 1, '2023-01-07'),
(38, 0, 1000, 1, '2023-02-04'),
(39, 1200, 0, 1, '2023-02-04'),
(40, 0, 300, 1, '2023-02-04'),
(41, 0, 5, 1, '2023-02-04'),
(42, 0, 500, 1, '2023-03-04'),
(43, 0, 1200, 1, '2023-03-04'),
(44, 0, 500, 1, '2023-03-04'),
(45, 0, 5, 1, '2023-03-04'),
(46, 20, 0, 1, '2023-03-04'),
(47, 0, 5, 1, '2023-04-01'),
(48, 0, 200, 1, '2023-05-06'),
(49, 0, 500, 1, '2023-05-06'),
(50, 0, 1000, 1, '2023-05-06'),
(51, 0, 1000, 1, '2023-05-06'),
(52, 0, 500, 1, '2023-05-06'),
(53, 500, 0, 1, '2023-05-06'),
(54, 0, 1000, 1, '2023-05-06'),
(55, 0, 5, 1, '2023-05-06'),
(56, 400, 0, 1, '2023-05-06'),
(57, 0, 600, 1, '2023-06-03'),
(58, 0, 1200, 1, '2023-06-03'),
(59, 0, 5, 1, '2023-06-03'),
(60, 1200, 0, 1, '2023-06-03'),
(61, 12, 0, 1, '2023-06-03'),
(62, 1000.4, 0, 1, '2023-07-01'),
(63, 0, 0, 1, '2023-08-05'),
(64, 1300, 0, 1, '2023-08-05'),
(65, 0, 1500, 1, '2023-08-05'),
(66, 0, 1100, 1, '2023-08-05'),
(67, 2000, 0, 1, '2023-08-05'),
(68, 0, 10, 1, '2023-08-05'),
(69, 1000, 0, 1, '2023-09-02'),
(70, 1300, 0, 1, '2023-09-02'),
(71, 0, 0, 1, '2023-09-02'),
(72, 0, 1350, 1, '2023-09-02'),
(73, 350, 0, 1, '2023-09-02'),
(74, 0, 10, 1, '2023-09-02'),
(75, 0, 1500, 1, '2023-10-07'),
(76, 0, 10, 1, '2023-10-07'),
(77, 232.42, 0, 1, '2023-10-07'),
(78, 700, 0, 1, '2023-10-07'),
(79, 0, 1000, 1, '2023-11-11'),
(80, 0, 1150, 1, '2023-11-11'),
(81, 0, 10, 1, '2023-11-11'),
(82, 520, 0, 1, '2023-11-18'),
(83, 0, 1000, 1, '2023-12-09'),
(84, 0, 10, 1, '2023-12-09'),
(85, 1709.31, 0, 1, '2023-12-09'),
(86, 1.76, 0, 1, '2023-12-09'),
(87, 0, 1000, 1, '2024-01-06'),
(88, 0, 1200, 1, '2024-01-06'),
(89, 0, 600, 1, '2024-01-06'),
(90, 10, 0, 1, '2024-01-06'),
(91, 1000, 0, 1, '2024-02-03'),
(92, 2000, 0, 1, '2024-02-03'),
(93, 0, 20, 1, '2024-03-02'),
(94, 0, 2000, 1, '2024-03-02'),
(95, 2000, 0, 1, '2024-03-02'),
(96, 1000, 0, 1, '2024-03-02'),
(97, 300, 0, 1, '2024-03-02'),
(98, 2000, 0, 1, '2024-03-14'),
(99, 0, 500, 1, '2024-04-06'),
(100, 0, 10, 1, '2024-04-06'),
(101, 1200, 0, 1, '2024-04-08'),
(102, 2000, 0, 1, '2024-04-11'),
(103, 0, 1200, 1, '2024-05-06'),
(104, 0, 1000, 1, '2024-05-11'),
(105, 500, 0, 1, '2024-05-11'),
(106, 0, 1000, 1, '2024-05-11'),
(107, 0, 10, 1, '2024-05-11'),
(108, 0, 700, 1, '2024-05-11'),
(109, 800, 0, 1, '2024-05-11'),
(110, 0, 4, 1, '2024-06-01'),
(111, 2000, 0, 1, '2024-06-01'),
(112, 0, 1000, 1, '2024-06-01'),
(113, 1000, 0, 1, '2024-06-01'),
(114, 0, 10, 1, '2024-06-01'),
(115, 500, 0, 1, '2024-06-01'),
(116, 2000, 0, 1, '2024-07-05'),
(117, 11, 0, 1, '2024-07-05'),
(118, 0, 20.95, 1, '2024-07-06'),
(119, 0, 300, 1, '2024-07-06'),
(120, 0, 500, 1, '2024-07-06'),
(121, 0, 1000, 1, '2024-07-06'),
(122, 0, 10, 1, '2024-07-06'),
(123, 2000, 0, 1, '2024-07-06'),
(124, 0, 50, 1, '2024-07-06'),
(125, 0, 12.7, 1, '2024-07-06'),
(126, 0, 25, 1, '2024-07-06'),
(127, 0, 10, 1, '2024-08-03'),
(128, 0, 1500, 1, '2024-08-03'),
(129, 1800, 200, 1, '2024-08-03'),
(130, 0, 1500, 1, '2024-09-07'),
(131, 1600, 0, 1, '2024-09-07'),
(132, 2100, 400, 1, '2024-09-09'),
(133, 0, 1200, 1, '2024-10-05'),
(134, 0, 10, 1, '2024-10-05'),
(135, 1200, 0, 1, '2024-10-05'),
(136, 620, 0, 1, '2024-10-07'),
(137, 2000, 0, 1, '2024-10-09'),
(138, 800, 0, 1, '2024-10-11'),
(139, 2000, 0, 1, '2024-11-09'),
(140, 0, 10, 1, '2024-11-09'),
(141, 600, 0, 1, '2024-12-07'),
(142, 0, 10, 1, '2024-12-07'),
(143, 0, 1785, 1, '2024-12-07'),
(144, 300, 0, 1, '2024-12-07'),
(145, 0, 455, 1, '2024-12-07'),
(147, 0, 1000, 1, '2025-01-11'),
(148, 0, 10, 1, '2025-01-11'),
(149, 207.45, 0, 1, '2025-01-11'),
(150, 200, 0, 1, '2025-01-11'),
(151, 96, 0, 2, '2025-01-20'),
(152, 153.51, 0, 2, '2025-01-20'),
(153, 189.43, 0, 2, '2025-01-20'),
(154, 60.08, 0, 2, '2025-01-20'),
(155, 237.15, 0, 2, '2025-01-20'),
(156, 245.25, 0, 2, '2025-01-20'),
(157, 240.13, 0, 2, '2025-01-20'),
(158, 0, 251.22, 2, '2025-01-20'),
(159, 0, 246.53, 2, '2025-01-20'),
(160, 0, 249.51, 2, '2025-01-20'),
(161, 0, 249.51, 2, '2025-01-20'),
(162, 0, 249.51, 2, '2025-01-20'),
(163, 0, 248.24, 2, '2025-01-20'),
(164, 247.81, 0, 2, '2025-01-20'),
(165, 0, 248.24, 2, '2025-01-20'),
(166, 248.24, 0, 2, '2025-01-20'),
(167, 0, 240.98, 2, '2025-01-20'),
(168, 231.62, 0, 2, '2025-01-20'),
(169, 238, 0, 2, '2025-01-20'),
(170, 0, 249.94, 2, '2025-01-20'),
(171, 0, 246.53, 2, '2025-01-20'),
(172, 0, 244.82, 2, '2025-01-20'),
(173, 238.85, 0, 2, '2025-01-20'),
(174, 0, 234.59, 2, '2025-01-20'),
(175, 229.89, 0, 2, '2025-01-20'),
(176, 238, 0, 2, '2025-01-20'),
(177, 230.32, 0, 2, '2025-01-20'),
(178, 230.32, 0, 2, '2025-01-20'),
(179, 0, 247.81, 2, '2025-01-20'),
(180, 0, 249.51, 2, '2025-01-20'),
(181, 0, 244.82, 2, '2025-01-20'),
(182, 247.38, 0, 2, '2025-01-20'),
(183, 247.38, 0, 2, '2025-01-20'),
(184, 0, 241.41, 2, '2025-01-20'),
(185, 247.81, 0, 2, '2025-01-20'),
(186, 0, 247.38, 2, '2025-01-20'),
(187, 229.89, 0, 2, '2025-01-20'),
(188, 0, 225.63, 2, '2025-01-20'),
(189, 0, 215.39, 2, '2025-01-20'),
(190, 147.15, 0, 2, '2025-01-20'),
(191, 42.65, 0, 2, '2025-01-20'),
(192, 1600, 0, 2, '2025-01-21'),
(193, 2400, 0, 2, '2025-01-22'),
(194, 2160, 0, 2, '2025-01-22'),
(195, 850, 0, 2, '2025-02-01'),
(196, 20, 0, 2, '2025-02-01'),
(197, 600, 0, 2, '2025-02-01'),
(198, 1000, 0, 2, '2025-02-02'),
(199, 2400, 0, 2, '2025-02-06'),
(200, 0, 1000, 2, '2025-02-07'),
(201, 1500, 0, 2, '2025-03-08'),
(202, 0, 2500, 2, '2025-03-08'),
(203, 0, 10, 2, '2025-03-08'),
(204, 0, 24, 2, '2025-03-08'),
(205, 975, 25, 2, '2025-03-12'),
(206, 0, 3400, 2, '2025-04-05'),
(207, 0, 3400, 2, '2025-04-05'),
(208, 0, 10, 2, '2025-04-05'),
(209, 2400, 0, 2, '2025-04-05'),
(210, 0, 1000, 2, '2025-05-10'),
(211, 0, 10, 2, '2025-05-10'),
(212, 14, 0, 2, '2025-05-22'),
(213, 0, 500, 2, '2025-06-07'),
(214, 1800, 0, 2, '2025-06-07'),
(215, 1100, 1900, 2, '2025-06-07'),
(216, 0, 10, 2, '2025-06-07');

-- --------------------------------------------------------

--
-- Estructura de tabla para la tabla `Discharge_detail`
--

CREATE TABLE `Discharge_detail` (
  `discharge_number` int(11) NOT NULL,
  `description` varchar(100) NOT NULL,
  `value` float NOT NULL
) ENGINE=InnoDB DEFAULT CHARSET=utf8mb4 COLLATE=utf8mb4_general_ci;

--
-- Volcado de datos para la tabla `Discharge_detail`
--

INSERT INTO `Discharge_detail` (`discharge_number`, `description`, `value`) VALUES
(1, 'Pago de impresion de comprobantes', 52),
(2, 'Prestamo para ingreso a la caja', 115),
(3, 'Prestamo para ingreso a la caja', 115),
(4, 'Prestamo para ingreso a la caja', 115),
(6, 'Prestamo para ingreso a la caja', 150),
(8, 'Prestamo para ingreso a la caja', 100),
(9, 'Prestamo para ingreso a la caja', 136),
(10, 'Prestamo para ingreso a la caja', 136),
(11, 'Emprendimiento personal', 300),
(12, 'Prestamo para ingreso a la caja', 92),
(13, 'Prestamo para ingreso a la caja', 76),
(14, 'Inversion para comercio negocio', 300),
(15, 'Alquiler de sillas', 3.75),
(16, 'Prestamo a seis meses plazo para estudios', 200),
(17, 'Prestamo para ingreso a la caja', 178),
(18, 'Emprendimiento/Negocio', 200),
(19, 'Emprendimiento personal', 200),
(20, 'Emprendimiento/Agricultura', 300),
(21, 'Credito Negocio', 1500),
(22, 'Estudios', 600),
(23, 'Compra de fertilizantes agricolas', 340),
(24, 'Construccion', 1000),
(25, 'Comercio', 500),
(26, 'Prestamo para ingreso a la caja', 200),
(27, 'Prestamo para ingreso a la caja', 200),
(28, 'Prestamo para ingreso a la caja', 200),
(29, 'Prestamo para ingreso a la caja', 100),
(30, 'Prestamo Solicitud 18, tabla 29', 1200),
(31, 'Pago de compras de papeleria', 51.74),
(32, 'Prestamo $1000', 1000),
(33, 'Presupuesto para evento Navideño', 250),
(34, 'Ingreso como socio a la caja', 241),
(36, 'Ingreso como socio a la caja', 241),
(37, 'Prestamo', 1000),
(38, 'Prestamo 12 meses plazo, para insumos agricolas', 1000),
(39, 'Prestamo 24 meses plazo, negocio inflables', 1200),
(40, 'Prestamo 6 meses plazo, consumo', 300),
(41, 'Alquiler Local', 5),
(-1, 'Alquiler Local', 4),
(42, 'Prestamo 12 meses plazo para emprendimiento', 500),
(43, 'Prestamo 12 meses plazo para estudios', 1200),
(44, 'Prestamo 8 meses plazo', 500),
(45, 'Alquiler de local', 5),
(46, 'Impresion de comprobantes', 20),
(47, 'Alquiler de local', 5),
(48, 'PRESTAMO', 200),
(49, 'PRESTAMO', 500),
(50, 'PRESTAMO', 1000),
(51, 'PRESTAMO', 1000),
(52, 'PRESTAMO MITAD EFECTIVO', 500),
(53, 'PRESTAMO MITAD TRANSFERENCIA', 500),
(54, 'PRESTAMO MIL', 1000),
(55, 'PAGO LOCAL', 5),
(56, 'PRESTAMO', 400),
(57, 'PRESTAMO', 600),
(58, 'PRESTAMO', 1200),
(59, 'ALQUILER LOCAL', 5),
(60, 'PRESTAMO EMPRENDIMIENTO', 1200),
(61, 'BLOCK TABLA AMORTIZACION (51-100)', 12),
(62, 'PRESTAMO CONSUMO', 1000),
(62, 'TRANSFERENCIA INTERBANCARIA', 0.4),
(64, 'PRESTAMO CONSUMO', 1300),
(65, 'PRESTAMO ESTUDIOS', 1500),
(66, 'PRESTAMO CONSUMO', 1100),
(67, 'INSUMOS AGRICOLAS', 2000),
(68, 'ALQUILER LOCAL', 10),
(69, 'PRESTAMO COSNUMO', 1000),
(70, 'PRESTAMO EMPRENDIMIENTO', 1300),
(72, 'PRESTAMO EMPRENDIMIENTO EFECTIVO', 1350),
(73, 'PRESTAMO EMPRENDIMIENTO TRANSFERENCIA', 350),
(74, 'ALQUILER LOCAL', 10),
(75, 'EDUCACION', 1500),
(76, 'ALQUILER LOCAL', 10),
(77, 'PAGO IMPRESORA', 232.42),
(78, 'EMPRENDIMIENTO', 700),
(79, 'CONSTRUCCION', 1000),
(80, 'CONSUMO', 1150),
(81, 'ALQUILER LOCAL', 10),
(82, 'ORGANIZACION AGASAJO ', 520),
(83, 'PRESTAMO CONSTRUCCION', 1000),
(84, 'ALQUILER DE ELEMENTOS PARA AGAZAJO', 10),
(85, 'RENOVACION DE CREDITO', 1709.31),
(86, 'RENOVACION ANUAL DE SERVICIOS BANCARIOS', 1.76),
(87, 'PRESTAMO PARA CONSTRUCCION', 1000),
(88, 'PRESTAMO DE EMPRENDIMIENTO', 1200),
(89, 'PRESTAMO ESTUDIOS', 600),
(90, 'ALQUILER LOCAL', 10),
(91, 'PRESTAMO PARA CONSTRUCCION', 1000),
(92, 'PRESTAMO CONSUMO', 2000),
(93, 'ALQUILER DE LOCAL FEBRERO Y MARZO', 20),
(94, 'PRESTAMO HERRAMIENTAS AGRICOLAS', 2000),
(95, 'PRESTAMO PARA EQUIPOS DE TRABAJO', 2000),
(96, 'PRESTAMO DE HERRAMIENTAS DE TRABAJO', 1000),
(97, 'PRESTAMO ESTUDIOS', 300),
(98, 'CREDITO DE CONSUMO', 2000),
(99, 'PRESTAMO DE CONSUMO', 500),
(100, 'ALQUILER DE LOCAL', 10),
(101, 'PRESTAMO DE CONSUMO', 1200),
(102, 'PRESTAMO DE CONSUMO', 2000),
(103, 'PRESTAMO DE CONSUMO', 1200),
(104, 'PRESTAMO PARA EMPRENDIMIENTO', 1000),
(105, 'PRESTAMO DE EMPRENDIMIENTO 1 DE 2 TRANSFERENCIA', 500),
(106, 'PRESTAMO EMPRENDIMIENTO 2 DE 2 EFECTIVO', 1000),
(107, 'ALQUILER DE LOCAL', 10),
(108, 'PRESTAMO ESTUDIOS 1 DE 2 EFECTIVO', 700),
(109, 'PRESTAMO ESTUDIOS 2 DE 2 TRANSFERENCIA ', 800),
(110, 'COMOPRA DE INSUMOS DE OFICINA', 4),
(111, 'PRESTAMO DE CONSUMO', 2000),
(112, 'PRESTAMO ESTUDIOS 1 DE 2 EFECTIVO', 1000),
(113, 'PRESTAMO ESTUDIOS 2 DE 2 TRANSFERENCIA', 1000),
(114, 'ALQUILER DE LOCAL', 10),
(115, 'PRESTAMO COMPRA INSUMOS HOGAR', 500),
(116, 'PRESTAMO CONSUMO', 2000),
(117, 'COMPRA ARCHIVADOR', 3),
(117, 'COMPRA LIBRO DE ACTAS', 8),
(118, 'COMPRA DE COMIDA', 20.95),
(119, 'PRESTAMO PARA QUEHACERES DOMESTICOS', 300),
(120, 'PRESTAMO PARA ESTUDIOS', 500),
(121, 'PRESTAMO DE CONSUMO', 1000),
(122, 'ALQUILER DE LOCAL', 10),
(123, 'PRESTAMO DE CONSUMO', 2000),
(124, 'COMPRA 5 POLLOS COMIDA ANUAL', 50),
(125, 'COMPRA DE ALIMENTOS COMIDA ANUAL', 12.7),
(126, 'ALQUILER DE LOCAL COMIDA ANUAL', 25),
(127, 'ALQUILER DE LOCAL', 10),
(128, 'PRESTAMO PARA INSUMOS AGRICOLAS', 1500),
(129, 'PRESTAMO PARA MERCADERIA', 2000),
(130, 'CREDITO DE CONSUMO', 1500),
(131, 'PRESTAMO DE CONSUMO', 1600),
(132, 'PRESTAMO PARA EMPRENDIMIENTO AGRICOLA', 2500),
(133, 'PRESTAMO PARA CONSTRUCCION 1 DE 2', 1200),
(134, 'ARRIENDO DE LOCAL', 10),
(135, 'PRESTAMO PARA EMPRENDIMIENTO', 1200),
(136, 'FINALIZACION DE CUENTA DEL SOCIO', 620),
(137, 'CREDITO DE CONSUMO', 2000),
(138, 'PRESTAMO PARA CONSTRUCCION 2 DE 2	', 800),
(139, 'PRESTAMO PARA CONSTRUCCION', 2000),
(140, 'ALQUILER DE LOCAL', 10),
(141, 'PRESTAMO DE CONSUMO', 600),
(142, 'ALQUILER DE LOCAL', 10),
(143, 'PRESTAMO DE CONSTRUCCION', 1785),
(144, 'PRESTAMO DE CONSUMO', 300),
(145, 'ORGANIZACION EVENTO NAVIDAD', 455),
(147, 'PRESTAMO CONSTRUCCION', 1000),
(148, 'ALQUILER DE LOCAL', 10),
(149, 'EXCEDENTE SOCIO JUL 2022 - OCT 2023', 207.45),
(150, 'CREDITO DE CONSUMO', 200),
(151, 'EXCEDENTE SOCIO JUL 2022 - DEC 2025 PT1', 96),
(152, 'EXCEDENTE SOCIO JUL 2022 - DEC 2025 PT2', 153.51),
(153, 'EXCEDENTE SOCIO JUL 2022 - DEC 2025 ', 189.43),
(154, 'EXCEDENTE SOCIO JUL 2022 - DEC 2025 ', 60.08),
(155, 'EXCEDENTE SOCIO JUL 2022 - DEC 2025 ', 237.15),
(156, 'EXCEDENTE SOCIO JUL 2022 - DEC 2025', 245.25),
(157, 'EXCEDENTE SOCIO JUL 2022 - DEC 2025', 240.13),
(158, 'EXCEDENTE SOCIO JUL 2022 - DEC 2025', 251.22),
(159, 'EXCEDENTE SOCIO JUL 2022 - DEC 2025', 246.53),
(160, 'EXCEDENTE SOCIO JUL 2022 - DEC 2025', 249.51),
(161, 'EXCEDENTE SOCIO JUL 2022 - DEC 2025', 249.51),
(162, 'EXCEDENTE SOCIO JUL 2022 - DEC 2025', 249.51),
(163, 'EXCEDENTE SOCIO JUL 2022 - DEC 2025', 248.24),
(164, 'EXCEDENTE SOCIO JUL 2022 - DEC 2025', 247.81),
(165, 'EXCEDENTE SOCIO JUL 2022 - DEC 2025', 248.24),
(166, 'EXCEDENTE SOCIO JUL 2022 - DEC 2025', 248.24),
(167, 'EXCEDENTE SOCIO JUL 2022 - DEC 2025', 240.98),
(168, 'EXCEDENTE SOCIO JUL 2022 - DEC 2025', 231.62),
(169, 'EXCEDENTE SOCIO JUL 2022 - DEC 2025', 238),
(170, 'EXCEDENTE SOCIO JUL 2022 - DEC 2025', 249.94),
(171, 'EXCEDENTE SOCIO JUL 2022 - DEC 2025', 246.53),
(172, 'EXCEDENTE SOCIO JUL 2022 - DEC 2025', 244.82),
(173, 'EXCEDENTE SOCIO JUL 2022 - DEC 2025', 238.85),
(174, 'EXCEDENTE SOCIO JUL 2022 - DEC 2025', 234.59),
(175, 'EXCEDENTE SOCIO JUL 2022 - DEC 2025', 229.89),
(176, 'EXCEDENTE SOCIO JUL 2022 - DEC 2025', 238),
(177, 'EXCEDENTE SOCIO JUL 2022 - DEC 2025', 230.32),
(178, 'EXCEDENTE SOCIO JUL 2022 - DEC 2025', 230.32),
(179, 'EXCEDENTE SOCIO JUL 2022 - DEC 2025', 247.81),
(180, 'EXCEDENTE SOCIO JUL 2022 - DEC 2025', 249.51),
(181, 'EXCEDENTE SOCIO JUL 2022 - DEC 2025', 244.82),
(182, 'EXCEDENTE SOCIO JUL 2022 - DEC 2025', 247.38),
(183, 'EXCEDENTE SOCIO JUL 2022 - DEC 2025', 247.38),
(184, 'EXCEDENTE SOCIO JUL 2022 - DEC 2025', 241.41),
(185, 'EXCEDENTE SOCIO JUL 2022 - DEC 2025', 247.81),
(186, 'EXCEDENTE SOCIO JUL 2022 - DEC 2025', 247.38),
(187, 'EXCEDENTE SOCIO JUL 2022 - DEC 2025', 229.89),
(188, 'EXCEDENTE SOCIO JUL 2022 - DEC 2025', 225.63),
(189, 'EXCEDENTE SOCIO JUL 2022 - DEC 2025', 215.39),
(190, 'EXCEDENTE SOCIO JUL 2022 - DEC 2025', 147.15),
(191, 'EXCEDENTE SOCIO JUL 2022 - DEC 2025', 42.65),
(192, 'PRESTAMO EMERGENTE DE CONSUMO', 1600),
(193, 'PRESTAMO CONSUMO', 2400),
(194, 'PRESTAMO DE CONSUMO', 2160),
(195, 'CREDITO PARA CONSTRUCCION', 850),
(196, 'ALQUILER DE LOCAL 2 DIAS', 20),
(197, 'PRESTAMO DE CONSUMO', 600),
(198, 'PRESTAMO DE CONSUMO', 1000),
(199, 'PRESTAMO DE CONSUMO', 2400),
(200, 'PRESTAMO PARA CONSTRUCCION', 1000),
(201, 'PRESTAMO DE CONSUMO', 1500),
(202, 'CREDITO PARA GANADERIA', 2500),
(203, 'ALQUILER DE LOCAL', 10),
(204, 'PASTEL MOTIVO DIA DE LA MUJER1', 14),
(204, 'ROSAS MOTIVO DIA DE LA MUJER', 10),
(205, 'PRESTAMO DE CONSUMO', 1000),
(206, 'PRESTAMO PARA CONSTRUCCION', 3400),
(207, 'CREDITO PARA GANADERIA', 3400),
(208, 'ALQUILER DE LOCAL', 10),
(209, 'PRESTAMO DE EMPRENDIMIENTO', 2400),
(210, 'PRESTAMO PARA EMPRENDIMIENTO', 1000),
(211, 'ALQUILER DE LOCAL', 10),
(212, 'COMPRA PASTEL DIA DE LA MADRE', 14),
(213, 'CREDITO DE CONSUMO', 500),
(214, 'PRESTAMO DE CONSTRUCCION', 1800),
(215, 'CREDITO PARA CONSTRUCCION', 3000),
(216, 'ALQUILER DE LOCAL', 10);

-- --------------------------------------------------------

--
-- Estructura de tabla para la tabla `Entry`
--

CREATE TABLE `Entry` (
  `number` int(11) NOT NULL,
  `account_number` int(11) DEFAULT NULL,
  `amount` float NOT NULL,
  `date` date NOT NULL,
  `place` varchar(20) DEFAULT 'Loreto',
  `period_id` int(11) NOT NULL DEFAULT 1
) ENGINE=InnoDB DEFAULT CHARSET=utf8mb4 COLLATE=utf8mb4_general_ci;

--
-- Volcado de datos para la tabla `Entry`
--

INSERT INTO `Entry` (`number`, `account_number`, `amount`, `date`, `place`, `period_id`) VALUES
(-2, 20, 200, '2022-10-01', 'Loreto', 1),
(-1, 21, 178, '2022-10-01', 'Loreto', 1),
(1, 19, 115, '2022-07-02', 'Loreto', 1),
(2, 17, 115, '2022-07-02', 'Loreto', 1),
(3, 16, 115, '2022-07-02', 'Loreto', 1),
(4, 18, 115, '2022-07-02', 'Loreto', 1),
(5, 14, 115, '2022-07-02', 'Loreto', 1),
(6, 12, 115, '2022-07-02', 'Loreto', 1),
(7, 1, 115, '2022-07-02', 'Loreto', 1),
(8, 4, 115, '2022-07-02', 'Loreto', 1),
(9, 24, 115, '2022-07-02', 'Loreto', 1),
(10, 22, 115, '2022-07-02', 'Loreto', 1),
(11, 13, 115, '2022-07-02', 'Loreto', 1),
(12, 23, 115, '2022-07-02', 'Loreto', 1),
(13, 5, 115, '2022-07-02', 'Loreto', 1),
(14, 9, 115, '2022-07-02', 'Loreto', 1),
(15, 20, 115, '2022-07-02', 'Loreto', 1),
(16, 41, 115, '2022-07-02', 'Loreto', 1),
(17, 26, 115, '2022-07-02', 'Loreto', 1),
(18, 40, 121, '2022-08-06', 'Loreto', 1),
(19, 49, 136, '2022-08-06', 'Loreto', 1),
(20, 28, 136, '2022-08-06', 'Loreto', 1),
(21, 47, 136, '2022-08-06', 'Loreto', 1),
(22, 2, 136, '2022-08-06', 'Loreto', 1),
(23, 1, 22, '2022-08-06', 'Loreto', 1),
(24, 20, 138.3, '2022-08-06', 'Loreto', 1),
(25, 12, 42.47, '2022-08-06', 'Loreto', 1),
(26, 14, 21, '2022-08-06', 'Loreto', 1),
(27, 4, 80.8, '2022-08-06', 'Loreto', 1),
(28, 5, 21, '2022-08-06', 'Loreto', 1),
(29, 16, 21, '2022-08-06', 'Loreto', 1),
(30, 18, 21, '2022-08-06', 'Loreto', 1),
(31, 26, 73, '2022-08-06', 'Loreto', 1),
(32, 9, 21, '2022-08-06', 'Loreto', 1),
(33, 41, 21, '2022-08-06', 'Loreto', 1),
(34, 24, 49, '2022-08-06', 'Loreto', 1),
(35, 22, 30, '2022-08-06', 'Loreto', 1),
(36, 43, 136, '2022-08-06', 'Loreto', 1),
(37, 48, 136, '2022-08-06', 'Loreto', 1),
(38, 45, 136, '2022-08-06', 'Loreto', 1),
(39, 46, 136, '2022-08-06', 'Loreto', 1),
(40, 13, 21, '2022-08-06', 'Loreto', 1),
(41, 17, 21, '2022-08-06', 'Loreto', 1),
(42, 23, 21, '2022-08-06', 'Loreto', 1),
(43, 20, 1, '2022-08-06', 'Loreto', 1),
(44, 28, 91.72, '2022-09-03', 'Loreto', 1),
(45, 40, 36, '2022-09-03', 'Loreto', 1),
(46, 49, 21, '2022-09-03', 'Loreto', 1),
(47, 43, 21, '2022-09-03', 'Loreto', 1),
(48, 2, 21, '2022-09-03', 'Loreto', 1),
(49, 20, 56, '2022-09-03', 'Loreto', 1),
(50, 48, 21, '2022-09-03', 'Loreto', 1),
(51, 46, 37.72, '2022-09-03', 'Loreto', 1),
(52, 45, 41.24, '2022-09-03', 'Loreto', 1),
(53, 4, 80.8, '2022-09-03', 'Loreto', 1),
(54, 12, 42.47, '2022-09-03', 'Loreto', 1),
(55, 16, 21, '2022-09-03', 'Loreto', 1),
(56, 18, 21, '2022-09-03', 'Loreto', 1),
(57, 14, 21, '2022-09-03', 'Loreto', 1),
(58, 26, 73, '2022-09-03', 'Loreto', 1),
(59, 19, 43, '2022-09-03', 'Loreto', 1),
(60, 1, 77, '2022-09-03', 'Loreto', 1),
(61, 9, 21, '2022-09-03', 'Loreto', 1),
(62, 41, 21, '2022-09-03', 'Loreto', 1),
(63, 5, 21, '2022-09-03', 'Loreto', 1),
(64, 20, 21, '2022-09-03', 'Loreto', 1),
(65, 13, 21, '2022-09-03', 'Loreto', 1),
(66, 23, 21, '2022-09-03', 'Loreto', 1),
(67, 17, 21, '2022-09-03', 'Loreto', 1),
(68, 30, 157, '2022-09-03', 'Loreto', 1),
(69, 46, 1, '2022-09-03', 'Loreto', 1),
(70, 46, 75.05, '2022-10-01', 'Loreto', 1),
(71, 48, 21, '2022-10-01', 'Loreto', 1),
(72, 45, 41.24, '2022-10-01', 'Loreto', 1),
(73, 26, 21, '2022-10-01', 'Loreto', 1),
(74, 9, 21, '2022-10-01', 'Loreto', 1),
(75, 41, 21, '2022-10-01', 'Loreto', 1),
(76, 14, 21, '2022-10-01', 'Loreto', 1),
(77, 12, 42.47, '2022-10-01', 'Loreto', 1),
(78, 28, 91.72, '2022-10-01', 'Loreto', 1),
(79, 23, 0, '2022-10-01', 'ANULADO', 1),
(80, 47, 189.44, '2022-10-01', 'Loreto', 1),
(81, 2, 21, '2022-10-01', 'Loreto', 1),
(82, 20, 56, '2022-10-01', 'Loreto', 1),
(83, 4, 21, '2022-10-01', 'Loreto', 1),
(84, 49, 21, '2022-10-01', 'Loreto', 1),
(85, 16, 21, '2022-10-01', 'Loreto', 1),
(86, 18, 21, '2022-10-01', 'Loreto', 1),
(87, 30, 21, '2022-10-01', 'Loreto', 1),
(88, 40, 21, '2022-10-01', 'Loreto', 1),
(89, 20, 21, '2022-10-01', 'Loreto', 1),
(90, 43, 21, '2022-10-01', 'Loreto', 1),
(91, 17, 21, '2022-10-01', 'Loreto', 1),
(92, 1, 77, '2022-10-01', 'Loreto', 1),
(93, 19, 21, '2022-10-01', 'Loreto', 1),
(94, 13, 21, '2022-10-01', 'Loreto', 1),
(95, 23, 21, '2022-10-01', 'Loreto', 1),
(96, 41, 21, '2022-11-12', 'Loreto', 1),
(97, 9, 21, '2022-11-12', 'Loreto', 1),
(98, 26, 21, '2022-11-12', 'Loreto', 1),
(99, 16, 21, '2022-11-12', 'Loreto', 1),
(100, 18, 21, '2022-11-12', 'Loreto', 1),
(101, 49, 21, '2022-11-12', 'Loreto', 1),
(102, 21, 54.23, '2022-11-12', 'Loreto', 1),
(103, 30, 21, '2022-11-12', 'Loreto', 1),
(104, 40, 21, '2022-11-12', 'Loreto', 1),
(105, 46, 37.72, '2022-11-12', 'Loreto', 1),
(106, 46, 30.4, '2022-11-12', 'Loreto', 1),
(107, 43, 21, '2022-11-12', 'Loreto', 1),
(108, 47, 21, '2022-11-12', 'Loreto', 1),
(109, 12, 42.47, '2022-11-12', 'Loreto', 1),
(110, 48, 158.34, '2022-11-12', 'Loreto', 1),
(111, 2, 21, '2022-11-12', 'Loreto', 1),
(112, 1, 77, '2022-11-12', 'Loreto', 1),
(113, 14, 58.33, '2022-11-12', 'Loreto', 1),
(114, 45, 41.24, '2022-11-12', 'Loreto', 1),
(115, 23, 0, '2022-11-12', 'ANULADO', 1),
(116, 24, 156.5, '2022-11-12', 'Loreto', 1),
(117, 4, 127, '2022-11-12', 'Loreto', 1),
(118, 28, 58.33, '2022-11-12', 'Loreto', 1),
(119, 5, 43, '2022-11-12', 'Loreto', 1),
(120, 20, 113.5, '2022-11-12', 'Loreto', 1),
(121, 23, 0, '2022-11-12', 'ANULADO', 1),
(122, 13, 118.71, '2022-11-12', 'Loreto', 1),
(123, 23, 21, '2022-11-12', 'Loreto', 1),
(124, 48, 34.33, '2022-11-12', 'Loreto', 1),
(125, 3, 200, '2022-11-12', 'Loreto', 1),
(126, 31, 200, '2022-11-12', 'Loreto', 1),
(127, 35, 200, '2022-11-12', 'Loreto', 1),
(128, 21, 54.23, '2022-12-03', 'Loreto', 1),
(129, 40, 21, '2022-12-03', 'Loreto', 1),
(130, 49, 21, '2022-12-03', 'Loreto', 1),
(131, 46, 21, '2022-12-03', 'Loreto', 1),
(132, 48, 70.3, '2022-12-03', 'Loreto', 1),
(133, 31, 75, '2022-12-03', 'Loreto', 1),
(134, 45, 41.24, '2022-12-03', 'Loreto', 1),
(135, 26, 96.56, '2022-12-03', 'Loreto', 1),
(136, 30, 21, '2022-12-03', 'Loreto', 1),
(137, 28, 58.33, '2022-12-03', 'Loreto', 1),
(138, 41, 21, '2022-12-03', 'Loreto', 1),
(139, 9, 21, '2022-12-03', 'Loreto', 1),
(140, 3, 91.31, '2022-12-03', 'Loreto', 1),
(141, 2, 21, '2022-12-03', 'Loreto', 1),
(142, 23, 21, '2022-12-03', 'Loreto', 1),
(143, 13, 118.71, '2022-12-03', 'Loreto', 1),
(144, 33, 221, '2022-12-03', 'Loreto', 1),
(145, 4, 127, '2022-12-03', 'Loreto', 1),
(146, 5, 21, '2022-12-03', 'Loreto', 1),
(147, 12, 42.47, '2022-12-03', 'Loreto', 1),
(148, 14, 58.33, '2022-12-03', 'Loreto', 1),
(149, 1, 77, '2022-12-03', 'Loreto', 1),
(150, 20, 113.5, '2022-12-03', 'Loreto', 1),
(151, 4, 100, '2022-12-03', 'Loreto', 1),
(152, 20, 1375, '2022-12-03', 'Loreto', 1),
(153, 19, 43, '2022-12-03', 'Loreto', 1),
(154, 43, 21, '2022-12-03', 'Loreto', 1),
(155, 17, 66, '2023-01-07', 'Loreto', 1),
(156, 30, 21, '2023-01-07', 'Loreto', 1),
(157, 13, 118.71, '2023-01-07', 'Loreto', 1),
(158, 26, 95.45, '2023-01-07', 'Loreto', 1),
(159, 34, 242, '2023-01-07', 'Loreto', 1),
(160, 40, 21, '2023-01-07', 'Loreto', 1),
(161, 21, 54.23, '2023-01-07', 'Loreto', 1),
(162, 16, 43, '2023-01-07', 'Loreto', 1),
(163, 18, 43, '2023-01-07', 'Loreto', 1),
(164, 46, 21, '2023-01-07', 'Loreto', 1),
(165, 31, 175, '2023-01-07', 'Loreto', 1),
(166, 45, 41.24, '2023-01-07', 'Loreto', 1),
(167, 48, 69.45, '2023-01-07', 'Loreto', 1),
(168, 47, 250, '2023-01-07', 'Loreto', 1),
(169, 14, 58.33, '2023-01-07', 'Loreto', 1),
(170, 12, 42.47, '2023-01-07', 'Loreto', 1),
(171, 43, 21, '2023-01-07', 'Loreto', 1),
(172, 49, 21, '2023-01-07', 'Loreto', 1),
(173, 33, 48, '2023-01-07', 'Loreto', 1),
(174, 35, 267, '2023-01-07', 'Loreto', 1),
(175, 23, 0, '2023-01-07', 'ANULADO', 1),
(176, 37, 241, '2023-01-07', 'Loreto', 1),
(177, 41, 21, '2023-01-07', 'Loreto', 1),
(178, 9, 21, '2023-01-07', 'Loreto', 1),
(179, 23, 21, '2023-01-07', 'Loreto', 1),
(180, 20, 21, '2023-01-07', 'Loreto', 1),
(181, 38, 241, '2023-01-07', 'Loreto', 1),
(182, 2, 82.67, '2023-01-07', 'Loreto', 1),
(183, 4, 95, '2023-01-07', 'Loreto', 1),
(184, 3, 157.65, '2023-01-07', 'Loreto', 1),
(185, 5, 21, '2023-01-07', 'Loreto', 1),
(186, 24, 52.5, '2023-01-07', 'Loreto', 1),
(187, 50, 241, '2023-01-07', 'Loreto', 1),
(188, 1, 128, '2023-01-07', 'Loreto', 1),
(189, 19, 43, '2023-02-04', 'Loreto', 1),
(190, 28, 120.99, '2023-02-04', 'Loreto', 1),
(191, 34, 21, '2023-02-04', 'Loreto', 1),
(192, 40, 21, '2023-02-04', 'Loreto', 1),
(193, 30, 21, '2023-02-04', 'Loreto', 1),
(194, 38, 65.99, '2023-02-04', 'Loreto', 1),
(195, 18, 21, '2023-02-04', 'Loreto', 1),
(196, 16, 21, '2023-02-04', 'Loreto', 1),
(197, 4, 187, '2023-02-04', 'Loreto', 1),
(198, 21, 54.23, '2023-02-04', 'Loreto', 1),
(199, 51, 262, '2023-02-04', 'Loreto', 1),
(200, 35, 21, '2023-02-04', 'Loreto', 1),
(201, 31, 21, '2023-02-04', 'Loreto', 1),
(202, 37, 21, '2023-02-04', 'Loreto', 1),
(203, 45, 21, '2023-02-04', 'Loreto', 1),
(204, 46, 21, '2023-02-04', 'Loreto', 1),
(205, 48, 153.6, '2023-02-04', 'Loreto', 1),
(206, 5, 21, '2023-02-04', 'Loreto', 1),
(207, 12, 21, '2023-02-04', 'Loreto', 1),
(208, 14, 58.33, '2023-02-04', 'Loreto', 1),
(209, 50, 65.99, '2023-02-04', 'Loreto', 1),
(210, 48, 128.5, '2023-02-04', 'Loreto', 1),
(211, 9, 21, '2023-02-04', 'Loreto', 1),
(212, 41, 21, '2023-02-04', 'Loreto', 1),
(213, 43, 21, '2023-02-04', 'Loreto', 1),
(214, 1, 124.33, '2023-02-04', 'Loreto', 1),
(215, 24, 73.5, '2023-02-04', 'Loreto', 1),
(216, 26, 95.45, '2023-02-04', 'Loreto', 1),
(217, 47, 128, '2023-02-04', 'Loreto', 1),
(218, 49, 21, '2023-02-04', 'Loreto', 1),
(219, 33, 48, '2023-02-04', 'Loreto', 1),
(220, 3, 21, '2023-02-04', 'Loreto', 1),
(221, 20, 21, '2023-02-04', 'Loreto', 1),
(222, 5, 1, '2023-02-04', 'Loreto', 1),
(223, 19, 1, '2023-02-04', 'Loreto', 1),
(224, 2, 81.84, '2023-02-04', 'Loreto', 1),
(225, 23, 21, '2023-02-04', 'Loreto', 1),
(226, 13, 118.71, '2023-02-04', 'Loreto', 1),
(227, 2, 81, '2023-03-04', 'Loreto', 1),
(228, 40, 21, '2023-03-04', 'Loreto', 1),
(229, 34, 21, '2023-03-04', 'Loreto', 1),
(230, 30, 21, '2023-03-04', 'Loreto', 1),
(231, 16, 21, '2023-03-04', 'Loreto', 1),
(232, 18, 21, '2023-03-04', 'Loreto', 1),
(233, 21, 54.23, '2023-03-04', 'Loreto', 1),
(234, 28, 91.66, '2023-03-04', 'Loreto', 1),
(235, 47, 125, '2023-03-04', 'Loreto', 1),
(236, 37, 21, '2023-03-04', 'Loreto', 1),
(237, 46, 21, '2023-03-04', 'Loreto', 1),
(238, 48, 124.33, '2023-03-04', 'Loreto', 1),
(239, 35, 21, '2023-03-04', 'Loreto', 1),
(240, 45, 21, '2023-03-04', 'Loreto', 1),
(241, 31, 21, '2023-03-04', 'Loreto', 1),
(242, 4, 92, '2023-03-04', 'Loreto', 1),
(243, 1, 101.66, '2023-03-04', 'Loreto', 1),
(244, 24, 21, '2023-03-04', 'Loreto', 1),
(245, 38, 65.19, '2023-03-04', 'Loreto', 1),
(246, 51, 21, '2023-03-04', 'Loreto', 1),
(247, 26, 93.23, '2023-03-04', 'Loreto', 1),
(248, 9, 21, '2023-03-04', 'Loreto', 1),
(249, 41, 21, '2023-03-04', 'Loreto', 1),
(250, 33, 48, '2023-03-04', 'Loreto', 1),
(251, 49, 21, '2023-03-04', 'Loreto', 1),
(252, 50, 65.19, '2023-03-04', 'Loreto', 1),
(253, 12, 21, '2023-03-04', 'Loreto', 1),
(254, 14, 91.66, '2023-03-04', 'Loreto', 1),
(255, 20, 21, '2023-03-04', 'Loreto', 1),
(256, 3, 21, '2023-03-04', 'Loreto', 1),
(257, 13, 118.71, '2023-03-04', 'Loreto', 1),
(258, 23, 21, '2023-03-04', 'Loreto', 1),
(259, 17, 43, '2023-03-04', 'Loreto', 1),
(260, 19, 95, '2023-03-04', 'Loreto', 1),
(261, 48, 122.66, '2023-04-01', 'Loreto', 1),
(262, 31, 21, '2023-04-01', 'Loreto', 1),
(263, 38, 63.38, '2023-04-01', 'Loreto', 1),
(264, 45, 72.5, '2023-04-01', 'Loreto', 1),
(265, 45, 21, '2023-04-01', 'Loreto', 1),
(266, 46, 21, '2023-04-01', 'Loreto', 1),
(267, 37, 21, '2023-04-01', 'Loreto', 1),
(268, 1, 143, '2023-04-01', 'Loreto', 1),
(269, 24, 21, '2023-04-01', 'Loreto', 1),
(270, 49, 21, '2023-04-01', 'Loreto', 1),
(271, 33, 48, '2023-04-01', 'Loreto', 1),
(272, 21, 54.23, '2023-04-01', 'Loreto', 1),
(273, 16, 21, '2023-04-01', 'Loreto', 1),
(274, 18, 21, '2023-04-01', 'Loreto', 1),
(275, 9, 21, '2023-04-01', 'Loreto', 1),
(276, 41, 21, '2023-04-01', 'Loreto', 1),
(277, 51, 21, '2023-04-01', 'Loreto', 1),
(278, 53, 304, '2023-04-01', 'Loreto', 1),
(279, 12, 21, '2023-04-01', 'Loreto', 1),
(280, 14, 145, '2023-04-01', 'Loreto', 1),
(281, 34, 21, '2023-04-01', 'Loreto', 1),
(282, 40, 21, '2023-04-01', 'Loreto', 1),
(283, 5, 160, '2023-04-01', 'Loreto', 1),
(284, 4, 91, '2023-04-01', 'Loreto', 1),
(285, 26, 92.12, '2023-04-01', 'Loreto', 1),
(286, 50, 64.38, '2023-04-01', 'Loreto', 1),
(287, 43, 43, '2023-04-01', 'Loreto', 1),
(288, 30, 21, '2023-04-01', 'Loreto', 1),
(289, 20, 21, '2023-04-01', 'Loreto', 1),
(290, 3, 21, '2023-04-01', 'Loreto', 1),
(291, 13, 118.71, '2023-04-01', 'Loreto', 1),
(292, 19, 94, '2023-04-01', 'Loreto', 1),
(293, 2, 80.17, '2023-04-01', 'Loreto', 1),
(294, 23, 21, '2023-04-01', 'Loreto', 1),
(295, 17, 21, '2023-04-01', 'Loreto', 1),
(296, 35, 21, '2023-04-01', 'Loreto', 1),
(297, 50, 63.58, '2023-05-06', 'Loreto', 1),
(298, 35, 21, '2023-05-06', 'Loreto', 1),
(299, 3, 21, '2023-05-06', 'Loreto', 1),
(300, 23, 21, '2023-05-06', 'Loreto', 1),
(301, 19, 93, '2023-05-06', 'Loreto', 1),
(302, 40, 21, '2023-05-06', 'Loreto', 1),
(303, 34, 21, '2023-05-06', 'Loreto', 1),
(304, 47, 177, '2023-05-06', 'Loreto', 1),
(305, 28, 149.68, '2023-05-06', 'Loreto', 1),
(306, 38, 63.58, '2023-05-06', 'Loreto', 1),
(307, 46, 21, '2023-05-06', 'Loreto', 1),
(308, 37, 21, '2023-05-06', 'Loreto', 1),
(309, 23, 0, '2023-05-05', 'ANULADO', 1),
(310, 45, 92.25, '2023-05-06', 'Loreto', 1),
(311, 48, 121, '2023-05-06', 'Loreto', 1),
(312, 31, 21, '2023-05-06', 'Loreto', 1),
(313, 30, 21, '2023-05-06', 'Loreto', 1),
(314, 21, 22, '2023-05-06', 'Loreto', 1),
(315, 16, 21, '2023-05-06', 'Loreto', 1),
(316, 18, 21, '2023-05-06', 'Loreto', 1),
(317, 12, 21, '2023-05-06', 'Loreto', 1),
(318, 14, 143, '2023-05-06', 'Loreto', 1),
(319, 49, 21, '2023-05-06', 'Loreto', 1),
(320, 33, 21, '2023-05-06', 'Loreto', 1),
(321, 26, 91, '2023-05-06', 'Loreto', 1),
(322, 50, 80.34, '2023-05-06', 'Loreto', 1),
(323, 43, 21, '2023-05-06', 'Loreto', 1),
(324, 4, 158, '2023-05-06', 'Loreto', 1),
(325, 5, 77, '2023-05-06', 'Loreto', 1),
(326, 51, 21, '2023-05-06', 'Loreto', 1),
(327, 53, 21, '2023-05-06', 'Loreto', 1),
(328, 41, 21, '2023-05-06', 'Loreto', 1),
(329, 9, 22, '2023-05-06', 'Loreto', 1),
(330, 24, 21, '2023-05-06', 'Loreto', 1),
(331, 2, 870.99, '2023-05-06', 'Loreto', 1),
(332, 22, 188, '2023-05-06', 'Loreto', 1),
(333, 1, 119.33, '2023-05-06', 'Loreto', 1),
(334, 17, 21, '2023-05-06', 'Loreto', 1),
(335, 13, 118.71, '2023-05-06', 'Loreto', 1),
(336, 20, 21, '2023-05-06', 'Loreto', 1),
(337, 13, 109, '2023-06-03', 'Loreto', 1),
(338, 19, 92, '2023-06-03', 'Loreto', 1),
(339, 23, 21, '2023-06-03', 'Loreto', 1),
(340, 14, 141, '2023-06-03', 'Loreto', 1),
(341, 12, 21, '2023-06-03', 'Loreto', 1),
(342, 53, 21, '2023-06-03', 'Loreto', 1),
(343, 51, 21, '2023-06-03', 'Loreto', 1),
(344, 49, 21, '2023-06-03', 'Loreto', 1),
(345, 33, 21, '2023-06-03', 'Loreto', 1),
(346, 35, 21, '2023-06-03', 'Loreto', 1),
(347, 45, 91, '2023-06-03', 'Loreto', 1),
(348, 48, 119.33, '2023-06-03', 'Loreto', 1),
(349, 31, 21, '2023-06-03', 'Loreto', 1),
(350, 37, 21, '2023-06-03', 'Loreto', 1),
(351, 46, 72.67, '2023-06-03', 'Loreto', 1),
(352, 38, 62.78, '2023-06-03', 'Loreto', 1),
(353, 3, 21, '2023-06-03', 'Loreto', 1),
(354, 21, 21, '2023-06-03', 'Loreto', 1),
(355, 22, 107.67, '2023-06-03', 'Loreto', 1),
(356, 16, 21, '2023-06-03', 'Loreto', 1),
(357, 18, 21, '2023-06-03', 'Loreto', 1),
(358, 41, 21, '2023-06-03', 'Loreto', 1),
(359, 9, 124.33, '2023-06-03', 'Loreto', 1),
(360, 28, 71, '2023-06-03', 'Loreto', 1),
(361, 47, 22, '2023-06-03', 'Loreto', 1),
(362, 4, 88, '2023-06-03', 'Loreto', 1),
(363, 5, 77, '2023-06-03', 'Loreto', 1),
(364, 1, 688.68, '2023-06-03', 'Loreto', 1),
(365, 17, 21, '2023-06-03', 'Loreto', 1),
(366, 30, 21, '2023-06-03', 'Loreto', 1),
(367, 26, 89.89, '2023-06-03', 'Loreto', 1),
(368, 40, 21, '2023-06-03', 'Loreto', 1),
(369, 34, 21, '2023-06-03', 'Loreto', 1),
(370, 50, 107.67, '2023-06-03', 'Loreto', 1),
(371, 23, 21, '2023-07-01', 'Loreto', 1),
(372, 19, 91, '2023-07-01', 'Loreto', 1),
(373, 2, 43, '2023-07-01', 'Loreto', 1),
(374, 26, 88.78, '2023-07-01', 'Loreto', 1),
(375, 33, 21, '2023-07-01', 'Loreto', 1),
(376, 49, 21, '2023-07-01', 'Loreto', 1),
(377, 37, 21, '2023-07-01', 'Loreto', 1),
(378, 45, 89.75, '2023-07-01', 'Loreto', 1),
(379, 48, 117.66, '2023-07-01', 'Loreto', 1),
(380, 31, 21, '2023-07-01', 'Loreto', 1),
(381, 46, 71.84, '2023-07-01', 'Loreto', 1),
(382, 51, 21, '2023-07-01', 'Loreto', 1),
(383, 53, 21, '2023-07-01', 'Loreto', 1),
(384, 38, 61.97, '2023-07-01', 'Loreto', 1),
(385, 12, 21, '2023-07-01', 'Loreto', 1),
(386, 14, 139, '2023-07-01', 'Loreto', 1),
(387, 50, 106.34, '2023-07-01', 'Loreto', 1),
(388, 16, 21, '2023-07-01', 'Loreto', 1),
(389, 18, 21, '2023-07-01', 'Loreto', 1),
(390, 9, 122.66, '2023-07-01', 'Loreto', 1),
(391, 41, 21, '2023-07-01', 'Loreto', 1),
(392, 28, 70.17, '2023-07-01', 'Loreto', 1),
(393, 47, 75.86, '2023-07-01', 'Loreto', 1),
(394, 17, 21, '2023-07-01', 'Loreto', 1),
(395, 30, 21, '2023-07-01', 'Loreto', 1),
(396, 34, 21, '2023-07-01', 'Loreto', 1),
(397, 40, 21, '2023-07-01', 'Loreto', 1),
(398, 13, 107.4, '2023-07-01', 'Loreto', 1),
(399, 43, 43, '2023-07-01', 'Loreto', 1),
(400, 4, 21, '2023-07-01', 'Loreto', 1),
(401, 5, 77, '2023-07-01', 'Loreto', 1),
(402, 3, 95, '2023-07-01', 'Loreto', 1),
(403, 20, 169.68, '2023-07-01', 'Loreto', 1),
(404, 35, 21, '2023-07-01', 'Loreto', 1),
(405, 24, 43, '2023-07-01', 'Loreto', 1),
(406, 21, 98.99, '2023-07-01', 'Loreto', 1),
(407, 3, 21, '2023-07-01', 'Loreto', 1),
(408, 1, 1221, '2023-07-01', 'Loreto', 1),
(409, 22, 954.33, '2023-07-01', 'Loreto', 1),
(410, 13, 105.8, '2023-08-05', 'Loreto', 1),
(411, 3, 21, '2023-08-04', 'Loreto', 1),
(412, 50, 105, '2023-08-04', 'Loreto', 1),
(413, 19, 90, '2023-08-04', 'Loreto', 1),
(414, 38, 21, '2023-08-04', 'Loreto', 1),
(415, 43, 21, '2023-08-04', 'Loreto', 1),
(416, 45, 271, '2023-08-05', 'Loreto', 1),
(417, 48, 604.31, '2023-08-05', 'Loreto', 1),
(418, 22, 34, '2023-08-05', 'Loreto', 1),
(419, 1, 21, '2023-08-05', 'Loreto', 1),
(420, 24, 21, '2023-08-05', 'Loreto', 1),
(421, 21, 58.33, '2023-08-05', 'Loreto', 1),
(422, 41, 21, '2023-08-05', 'Loreto', 1),
(423, 9, 121, '2023-08-05', 'Loreto', 1),
(424, 26, 87.67, '2023-08-05', 'Loreto', 1),
(425, 16, 21, '2023-08-05', 'Loreto', 1),
(426, 18, 21, '2023-08-05', 'Loreto', 1),
(427, 5, 77, '2023-08-05', 'Loreto', 1),
(428, 35, 124.33, '2023-08-05', 'Loreto', 1),
(429, 53, 21, '2023-08-05', 'Loreto', 1),
(430, 51, 21, '2023-08-05', 'Loreto', 1),
(431, 28, 69.34, '2023-08-05', 'Loreto', 1),
(432, 47, 75, '2023-08-05', 'Loreto', 1),
(433, 12, 21, '2023-08-05', 'Loreto', 1),
(434, 14, 137, '2023-08-05', 'Loreto', 1),
(435, 31, 21, '2023-08-05', 'Loreto', 1),
(436, 46, 71, '2023-08-05', 'Loreto', 1),
(437, 37, 21, '2023-08-05', 'Loreto', 1),
(438, 21, 101, '2023-08-05', 'Loreto', 1),
(439, 53, 1, '2023-08-05', 'Loreto', 1),
(440, 2, 21, '2023-08-05', 'Loreto', 1),
(441, 49, 21, '2023-08-05', 'Loreto', 1),
(442, 33, 21, '2023-08-05', 'Loreto', 1),
(443, 3, 74, '2023-08-05', 'Loreto', 1),
(444, 20, 81, '2023-08-05', 'Loreto', 1),
(445, 23, 21, '2023-08-05', 'Loreto', 1),
(446, 48, 1, '2023-08-05', 'Loreto', 1),
(447, 17, 22, '2023-08-05', 'Loreto', 1),
(448, 30, 22, '2023-08-05', 'Loreto', 1),
(449, 3, 21, '2023-09-02', 'Loreto', 1),
(450, 13, 104.2, '2023-09-02', 'Loreto', 1),
(451, 17, 21, '2023-09-02', 'Loreto', 1),
(452, 30, 21, '2023-09-02', 'Loreto', 1),
(453, 19, 89, '2023-09-02', 'Loreto', 1),
(454, 23, 21, '2023-09-02', 'Loreto', 1),
(455, 38, 21, '2023-09-02', 'Loreto', 1),
(456, 45, 21, '2023-09-02', 'Loreto', 1),
(457, 48, 227.67, '2023-09-02', 'Loreto', 1),
(458, 31, 21, '2023-09-02', 'Loreto', 1),
(459, 46, 70.17, '2023-09-02', 'Loreto', 1),
(460, 53, 126, '2023-09-02', 'Loreto', 1),
(461, 51, 21, '2023-09-02', 'Loreto', 1),
(462, 47, 74.15, '2023-09-02', 'Loreto', 1),
(463, 28, 68.5, '2023-09-02', 'Loreto', 1),
(464, 40, 43, '2023-09-02', 'Loreto', 1),
(465, 34, 43, '2023-09-02', 'Loreto', 1),
(466, 5, 21, '2023-09-02', 'Loreto', 1),
(467, 37, 21, '2023-09-02', 'Loreto', 1),
(468, 26, 86.56, '2023-09-02', 'Loreto', 1),
(469, 12, 21, '2023-09-02', 'Loreto', 1),
(470, 14, 135, '2023-09-02', 'Loreto', 1),
(471, 4, 87, '2023-09-02', 'Loreto', 1),
(472, 18, 21, '2023-09-02', 'Loreto', 1),
(473, 16, 21, '2023-09-02', 'Loreto', 1),
(474, 20, 80.17, '2023-09-02', 'Loreto', 1),
(475, 3, 74, '2023-09-02', 'Loreto', 1),
(476, 43, 21, '2023-09-02', 'Loreto', 1),
(477, 22, 242.67, '2023-09-02', 'Loreto', 1),
(478, 21, 83.11, '2023-09-02', 'Loreto', 1),
(479, 9, 119.33, '2023-09-02', 'Loreto', 1),
(480, 41, 21, '2023-09-02', 'Loreto', 1),
(481, 33, 21, '2023-09-02', 'Loreto', 1),
(482, 49, 21, '2023-09-02', 'Loreto', 1),
(483, 17, 1, '2023-09-02', 'Loreto', 1),
(484, 2, 21, '2023-09-02', 'Loreto', 1),
(485, 50, 103.67, '2023-09-02', 'Loreto', 1),
(486, 28, 251.02, '2023-09-02', 'Loreto', 1),
(487, 2, 1, '2023-09-02', 'Loreto', 1),
(488, 28, 1, '2023-09-02', 'Loreto', 1),
(489, 35, 122.66, '2023-09-02', 'Loreto', 1),
(490, 17, 7, '2023-09-02', 'Loreto', 1),
(491, 21, 22, '2023-09-02', 'Loreto', 1),
(492, 13, 102.6, '2023-10-07', 'Loreto', 1),
(493, 22, 238.34, '2023-10-07', 'Loreto', 1),
(494, 19, 88, '2023-10-07', 'Loreto', 1),
(495, 38, 21, '2023-10-07', 'Loreto', 1),
(496, 40, 21, '2023-10-07', 'Loreto', 1),
(497, 34, 21, '2023-10-07', 'Loreto', 1),
(498, 47, 73.29, '2023-10-07', 'Loreto', 1),
(499, 28, 168.33, '2023-10-07', 'Loreto', 1),
(500, 21, 21, '2023-10-07', 'Loreto', 1),
(501, 14, 133, '2023-10-07', 'Loreto', 1),
(502, 12, 21, '2023-10-07', 'Loreto', 1),
(503, 16, 21, '2023-10-07', 'Loreto', 1),
(504, 18, 21, '2023-10-07', 'Loreto', 1),
(505, 26, 85.45, '2023-10-07', 'Loreto', 1),
(506, 41, 21, '2023-10-07', 'Loreto', 1),
(507, 9, 117.66, '2023-10-07', 'Loreto', 1),
(508, 46, 361.03, '2023-10-07', 'Loreto', 1),
(509, 37, 21, '2023-10-07', 'Loreto', 1),
(510, 48, 224.34, '2023-10-07', 'Loreto', 1),
(511, 31, 21, '2023-10-07', 'Loreto', 1),
(512, 45, 21, '2023-10-07', 'Loreto', 1),
(513, 50, 102.33, '2023-10-07', 'Loreto', 1),
(514, 43, 21, '2023-10-07', 'Loreto', 1),
(515, 20, 79.34, '2023-10-07', 'Loreto', 1),
(516, 3, 74, '2023-10-07', 'Loreto', 1),
(517, 23, 21, '2023-10-07', 'Loreto', 1),
(518, 4, 86, '2023-10-07', 'Loreto', 1),
(519, 51, 21, '2023-10-07', 'Loreto', 1),
(520, 53, 124.5, '2023-10-07', 'Loreto', 1),
(521, 2, 101.17, '2023-10-07', 'Loreto', 1),
(522, 33, 21, '2023-10-07', 'Loreto', 1),
(523, 49, 21, '2023-10-07', 'Loreto', 1),
(524, 35, 121, '2023-10-07', 'Loreto', 1),
(525, 17, 107.67, '2023-10-07', 'Loreto', 1),
(526, 30, 21, '2023-10-07', 'Loreto', 1),
(527, 21, 81.89, '2023-10-07', 'Loreto', 1),
(528, 14, 500, '2023-10-07', 'Loreto', 1),
(529, 22, 234, '2023-11-11', 'Loreto', 1),
(530, 19, 87, '2023-11-11', 'Loreto', 1),
(531, 1, 72.33, '2023-11-11', 'Loreto', 1),
(532, 28, 165.06, '2023-11-11', 'Loreto', 1),
(533, 47, 51.43, '2023-11-11', 'Loreto', 1),
(534, 38, 21, '2023-11-11', 'Loreto', 1),
(535, 23, 21, '2023-11-11', 'Loreto', 1),
(536, 41, 21, '2023-11-11', 'Loreto', 1),
(537, 9, 116, '2023-11-11', 'Loreto', 1),
(538, 26, 84.34, '2023-11-11', 'Loreto', 1),
(539, 40, 21, '2023-11-11', 'Loreto', 1),
(540, 34, 21, '2023-11-11', 'Loreto', 1),
(541, 16, 21, '2023-11-11', 'Loreto', 1),
(542, 18, 21, '2023-11-11', 'Loreto', 1),
(543, 43, 21, '2023-11-11', 'Loreto', 1),
(544, 3, 21, '2023-11-11', 'Loreto', 1),
(545, 31, 21, '2023-11-11', 'Loreto', 1),
(546, 45, 21, '2023-11-11', 'Loreto', 1),
(547, 48, 221, '2023-11-11', 'Loreto', 1),
(548, 37, 21, '2023-11-11', 'Loreto', 1),
(549, 46, 21, '2023-11-11', 'Loreto', 1),
(550, 47, 21, '2023-11-11', 'Loreto', 1),
(551, 28, 1, '2023-11-11', 'Loreto', 1),
(552, 51, 21, '2023-11-11', 'Loreto', 1),
(553, 17, 21, '2023-11-11', 'Loreto', 1),
(554, 2, 100.09, '2023-11-11', 'Loreto', 1),
(555, 4, 85, '2023-11-11', 'Loreto', 1),
(556, 53, 1398, '2023-11-11', 'Loreto', 1),
(557, 30, 21, '2023-11-11', 'Loreto', 1),
(558, 35, 119.33, '2023-11-11', 'Loreto', 1),
(559, 14, 134.33, '2023-11-11', 'Loreto', 1),
(560, 12, 21, '2023-11-11', 'Loreto', 1),
(561, 33, 21, '2023-11-11', 'Loreto', 1),
(562, 49, 21, '2023-11-11', 'Loreto', 1),
(563, 21, 80.67, '2023-11-11', 'Loreto', 1),
(564, 21, 21, '2023-11-11', 'Loreto', 1),
(565, 20, 78.5, '2023-11-11', 'Loreto', 1),
(566, 3, 74, '2023-11-11', 'Loreto', 1),
(567, 17, 85.34, '2023-11-11', 'Loreto', 1),
(568, 4, 650, '2023-11-11', 'Loreto', 1),
(569, 13, 21, '2023-11-11', 'Loreto', 1),
(570, 5, 43, '2023-11-11', 'Loreto', 1),
(571, 1, 71.16, '2023-12-09', 'Loreto', 1),
(572, 22, 229.67, '2023-12-09', 'Loreto', 1),
(573, 30, 91.43, '2023-12-09', 'Loreto', 1),
(574, 19, 86, '2023-12-09', 'Loreto', 1),
(575, 50, 206.34, '2023-12-09', 'Loreto', 1),
(576, 17, 21, '2023-12-09', 'Loreto', 1),
(577, 30, 21, '2023-12-09', 'Loreto', 1),
(578, 12, 21, '2023-12-09', 'Loreto', 1),
(579, 14, 132.66, '2023-12-09', 'Loreto', 1),
(580, 41, 21, '2023-12-09', 'Loreto', 1),
(581, 9, 114.33, '2023-12-09', 'Loreto', 1),
(582, 21, 21, '2023-12-09', 'Loreto', 1),
(583, 38, 21, '2023-12-09', 'Loreto', 1),
(584, 3, 21, '2023-12-09', 'Loreto', 1),
(585, 4, 120.67, '2023-12-09', 'Loreto', 1),
(586, 48, 217.67, '2023-12-09', 'Loreto', 1),
(587, 37, 21, '2023-12-09', 'Loreto', 1),
(588, 46, 21, '2023-12-09', 'Loreto', 1),
(589, 31, 21, '2023-12-09', 'Loreto', 1),
(590, 40, 21, '2023-12-09', 'Loreto', 1),
(591, 34, 21, '2023-12-09', 'Loreto', 1),
(592, 51, 21, '2023-12-09', 'Loreto', 1),
(593, 53, 21, '2023-12-09', 'Loreto', 1),
(594, 49, 21, '2023-12-09', 'Loreto', 1),
(595, 33, 21, '2023-12-09', 'Loreto', 1),
(596, 26, 83.23, '2023-12-09', 'Loreto', 1),
(597, 3, 74, '2023-12-09', 'Loreto', 1),
(598, 20, 77.67, '2023-12-09', 'Loreto', 1),
(599, 28, 163.8, '2023-12-09', 'Loreto', 1),
(600, 47, 71.57, '2023-12-09', 'Loreto', 1),
(601, 13, 21, '2023-12-09', 'Loreto', 1),
(602, 43, 21, '2023-12-09', 'Loreto', 1),
(603, 2, 99, '2023-12-09', 'Loreto', 1),
(604, 35, 117.66, '2023-12-09', 'Loreto', 1),
(605, 17, 84, '2023-12-09', 'Loreto', 1),
(606, 38, 1, '2023-12-09', 'Loreto', 1),
(607, 23, 21, '2023-12-09', 'Loreto', 1),
(608, 45, 21, '2023-12-09', 'Loreto', 1),
(609, 20, 709.31, '2023-12-09', 'Loreto', 1),
(610, 13, 21, '2024-01-06', 'Loreto', 1),
(611, 1, 70, '2024-01-06', 'Loreto', 1),
(612, 23, 21, '2024-01-06', 'Loreto', 1),
(613, 22, 225.34, '2024-01-06', 'Loreto', 1),
(614, 19, 85, '2024-01-06', 'Loreto', 1),
(615, 38, 124.33, '2024-01-06', 'Loreto', 1),
(616, 2, 97.92, '2024-01-06', 'Loreto', 1),
(617, 3, 21, '2024-01-06', 'Loreto', 1),
(618, 40, 21, '2024-01-06', 'Loreto', 1),
(619, 34, 21, '2024-01-06', 'Loreto', 1),
(620, 4, 119.14, '2024-01-06', 'Loreto', 1),
(621, 5, 43, '2024-01-06', 'Loreto', 1),
(622, 17, 103.67, '2024-01-06', 'Loreto', 1),
(623, 30, 21, '2024-01-06', 'Loreto', 1),
(624, 24, 20, '2024-01-06', 'Loreto', 1),
(625, 24, 24, '2024-01-06', 'Loreto', 1),
(626, 21, 184.77, '2024-01-06', 'Loreto', 1),
(627, 47, 370.7, '2024-01-06', 'Loreto', 1),
(628, 28, 161.53, '2024-01-06', 'Loreto', 1),
(629, 51, 21, '2024-01-06', 'Loreto', 1),
(630, 53, 21, '2024-01-06', 'Loreto', 1),
(631, 50, 98.34, '2024-01-06', 'Loreto', 1),
(632, 49, 21, '2024-01-06', 'Loreto', 1),
(633, 33, 21, '2024-01-06', 'Loreto', 1),
(634, 26, 82.12, '2024-01-06', 'Loreto', 1),
(635, 9, 112.66, '2024-01-06', 'Loreto', 1),
(636, 41, 21, '2024-01-06', 'Loreto', 1),
(637, 26, 223.16, '2024-01-06', 'Loreto', 1),
(638, 45, 21, '2024-01-06', 'Loreto', 1),
(639, 48, 214.34, '2024-01-06', 'Loreto', 1),
(640, 31, 21, '2024-01-06', 'Loreto', 1),
(641, 37, 21, '2024-01-06', 'Loreto', 1),
(642, 46, 21, '2024-01-06', 'Loreto', 1),
(643, 35, 616.02, '2024-01-06', 'Loreto', 1),
(644, 12, 21, '2024-01-06', 'Loreto', 1),
(645, 14, 131, '2024-01-06', 'Loreto', 1),
(646, 18, 43, '2024-01-06', 'Loreto', 1),
(647, 16, 43, '2024-01-06', 'Loreto', 1),
(648, 22, 326.65, '2024-01-06', 'Loreto', 1),
(649, 1, 109, '2024-01-06', 'Loreto', 1),
(650, 43, 21, '2024-01-06', 'Loreto', 1),
(651, 12, 1, '2024-01-06', 'Loreto', 1),
(652, 20, 126.41, '2024-01-06', 'Loreto', 1),
(653, 3, 74, '2024-01-06', 'Loreto', 1),
(654, 56, 493, '2024-01-06', 'Loreto', 1),
(655, 28, 159.26, '2024-02-03', 'Loreto', 1),
(656, 22, 424, '2024-02-03', 'Loreto', 1),
(657, 19, 84, '2024-02-03', 'Loreto', 1),
(658, 30, 185.71, '2024-02-03', 'Loreto', 1),
(659, 38, 122.66, '2024-02-03', 'Loreto', 1),
(660, 50, 97, '2024-02-03', 'Loreto', 1),
(661, 1, 68.83, '2024-02-03', 'Loreto', 1),
(662, 47, 21, '2024-02-03', 'Loreto', 1),
(663, 51, 21, '2024-02-03', 'Loreto', 1),
(664, 53, 21, '2024-02-03', 'Loreto', 1),
(665, 2, 96.84, '2024-02-03', 'Loreto', 1),
(666, 56, 21, '2024-02-03', 'Loreto', 1),
(667, 23, 21, '2024-02-03', 'Loreto', 1),
(668, 40, 21, '2024-02-03', 'Loreto', 1),
(669, 34, 21, '2024-02-03', 'Loreto', 1),
(670, 3, 21, '2024-02-03', 'Loreto', 1),
(671, 17, 21, '2024-02-03', 'Loreto', 1),
(672, 9, 111, '2024-02-03', 'Loreto', 1),
(673, 41, 21, '2024-02-03', 'Loreto', 1),
(674, 26, 124.33, '2024-02-03', 'Loreto', 1),
(675, 33, 21, '2024-02-03', 'Loreto', 1),
(676, 49, 21, '2024-02-03', 'Loreto', 1),
(677, 30, 21, '2024-02-03', 'Loreto', 1),
(678, 17, 81.34, '2024-02-03', 'Loreto', 1),
(679, 40, 1, '2024-02-03', 'Loreto', 1),
(680, 12, 83, '2024-02-03', 'Loreto', 1),
(681, 14, 129.33, '2024-02-03', 'Loreto', 1),
(682, 16, 21, '2024-02-03', 'Loreto', 1),
(683, 18, 21, '2024-02-03', 'Loreto', 1),
(684, 48, 211, '2024-02-03', 'Loreto', 1),
(685, 45, 21, '2024-02-03', 'Loreto', 1),
(686, 31, 21, '2024-02-03', 'Loreto', 1),
(687, 3, 874, '2024-02-03', 'Loreto', 1),
(688, 46, 21, '2024-02-03', 'Loreto', 1),
(689, 37, 21, '2024-02-03', 'Loreto', 1),
(690, 35, 21, '2024-02-03', 'Loreto', 1),
(691, 20, 124.98, '2024-02-03', 'Loreto', 1),
(692, 21, 77, '2024-02-03', 'Loreto', 1),
(693, 13, 21, '2024-02-03', 'Loreto', 1),
(694, 21, 21, '2024-02-03', 'Loreto', 1),
(695, 4, 117.6, '2024-02-03', 'Loreto', 1),
(696, 5, 21, '2024-02-03', 'Loreto', 1),
(697, 24, 87, '2024-02-03', 'Loreto', 1),
(698, 22, 21, '2024-02-03', 'Loreto', 1),
(699, 1, 21, '2024-02-03', 'Loreto', 1),
(700, 38, 121, '2024-03-02', 'Loreto', 1),
(701, 23, 21, '2024-03-02', 'Loreto', 1),
(702, 56, 21, '2024-03-02', 'Loreto', 1),
(703, 3, 21, '2024-03-02', 'Loreto', 1),
(704, 19, 83, '2024-03-02', 'Loreto', 1),
(705, 40, 96.56, '2024-03-02', 'Loreto', 1),
(706, 34, 21, '2024-03-02', 'Loreto', 1),
(707, 26, 122.66, '2024-03-02', 'Loreto', 1),
(708, 43, 43, '2024-03-02', 'Loreto', 1),
(709, 4, 116.07, '2024-03-02', 'Loreto', 1),
(710, 28, 157, '2024-03-02', 'Loreto', 1),
(711, 53, 21, '2024-03-02', 'Loreto', 1),
(712, 51, 21, '2024-03-02', 'Loreto', 1),
(713, 16, 21, '2024-03-02', 'Loreto', 1),
(714, 18, 21, '2024-03-02', 'Loreto', 1),
(715, 35, 21, '2024-03-02', 'Loreto', 1),
(716, 37, 21, '2024-03-02', 'Loreto', 1),
(717, 46, 21, '2024-03-02', 'Loreto', 1),
(718, 48, 207.67, '2024-03-02', 'Loreto', 1),
(719, 45, 21, '2024-03-02', 'Loreto', 1),
(720, 31, 21, '2024-03-02', 'Loreto', 1),
(721, 41, 21, '2024-03-02', 'Loreto', 1),
(722, 9, 109.33, '2024-03-02', 'Loreto', 1),
(723, 50, 428.97, '2024-03-02', 'Loreto', 1),
(724, 13, 21, '2024-03-02', 'Loreto', 1),
(725, 30, 21, '2024-03-02', 'Loreto', 1),
(726, 17, 101, '2024-03-02', 'Loreto', 1),
(727, 12, 82, '2024-03-02', 'Loreto', 1),
(728, 14, 127.66, '2024-03-02', 'Loreto', 1),
(729, 33, 21, '2024-03-02', 'Loreto', 1),
(730, 49, 21, '2024-03-02', 'Loreto', 1),
(731, 50, 4, '2024-03-02', 'Loreto', 1),
(732, 2, 95.75, '2024-03-02', 'Loreto', 1),
(733, 22, 416, '2024-03-05', 'Loreto', 1),
(734, 22, 21, '2024-03-02', 'Loreto', 1),
(735, 1, 21, '2024-03-02', 'Loreto', 1),
(736, 40, 95.45, '2024-04-06', 'Loreto', 1),
(737, 34, 21, '2024-04-06', 'Loreto', 1),
(738, 38, 119.33, '2024-04-06', 'Loreto', 1),
(739, 19, 82, '2024-04-06', 'Loreto', 1),
(740, 30, 21, '2024-04-06', 'Loreto', 1),
(741, 3, 21, '2024-04-06', 'Loreto', 1),
(742, 26, 121, '2024-04-06', 'Loreto', 1),
(743, 41, 21, '2024-04-06', 'Loreto', 1),
(744, 9, 107.66, '2024-04-06', 'Loreto', 1),
(745, 21, 156.44, '2024-04-06', 'Loreto', 1),
(746, 21, 22, '2024-04-06', 'Loreto', 1),
(747, 21, 21, '2024-04-06', 'Loreto', 1),
(748, 17, 99.67, '2024-04-06', 'Loreto', 1),
(749, 50, 144.33, '2024-04-06', 'Loreto', 1),
(750, 5, 43, '2024-04-06', 'Loreto', 1),
(751, 4, 114.54, '2024-04-06', 'Loreto', 1),
(752, 51, 21, '2024-04-06', 'Loreto', 1),
(753, 53, 21, '2024-04-06', 'Loreto', 1),
(754, 47, 43, '2024-04-06', 'Loreto', 1),
(755, 13, 21, '2024-04-06', 'Loreto', 1),
(756, 37, 21, '2024-04-06', 'Loreto', 1),
(757, 46, 21, '2024-04-06', 'Loreto', 1),
(758, 45, 21, '2024-04-06', 'Loreto', 1),
(759, 31, 77, '2024-04-06', 'Loreto', 1),
(760, 48, 204.34, '2024-04-06', 'Loreto', 1),
(761, 35, 21, '2024-04-06', 'Loreto', 1),
(762, 49, 21, '2024-04-06', 'Loreto', 1),
(763, 33, 21, '2024-04-06', 'Loreto', 1),
(764, 23, 21, '2024-04-06', 'Loreto', 1),
(765, 18, 1020, '2024-04-06', 'Loreto', 1),
(766, 5, 1, '2024-04-06', 'Loreto', 1),
(767, 16, 123.33, '2024-04-06', 'Loreto', 1),
(768, 16, 21, '2024-04-06', 'Loreto', 1),
(769, 18, 21, '2024-04-06', 'Loreto', 1),
(770, 28, 154.73, '2024-04-06', 'Loreto', 1),
(771, 20, 43, '2024-04-06', 'Loreto', 1),
(772, 12, 81, '2024-04-06', 'Loreto', 1),
(773, 14, 126, '2024-04-06', 'Loreto', 1),
(774, 46, 123.33, '2024-04-06', 'Loreto', 1),
(775, 56, 63, '2024-04-06', 'Loreto', 1),
(776, 24, 43, '2024-04-08', 'Loreto', 1),
(777, 22, 429, '2024-04-08', 'Loreto', 1),
(778, 1, 511.01, '2024-04-08', 'Loreto', 1),
(779, 22, 1, '2024-04-08', 'Loreto', 1),
(780, 20, 210.81, '2024-04-11', 'Loreto', 1),
(781, 37, 253.32, '2024-04-11', 'Loreto', 1),
(782, 24, 1, '2024-04-11', 'Loreto', 1),
(783, 28, 945.82, '2024-05-11', 'Loreto', 1),
(784, 9, 106.04, '2024-05-11', 'Loreto', 1),
(785, 41, 21, '2024-05-11', 'Loreto', 1),
(786, 9, 1, '2024-05-11', 'Loreto', 1),
(787, 3, 21, '2024-05-11', 'Loreto', 1),
(788, 17, 98.34, '2024-05-11', 'Loreto', 1),
(789, 30, 21, '2024-05-11', 'Loreto', 1),
(790, 34, 21, '2024-05-11', 'Loreto', 1),
(791, 40, 94.34, '2024-05-11', 'Loreto', 1),
(792, 40, 72.23, '2024-05-11', 'Loreto', 1),
(793, 38, 117.66, '2024-05-11', 'Loreto', 1),
(794, 45, 21, '2024-05-11', 'Loreto', 1),
(795, 48, 201, '2024-05-11', 'Loreto', 1),
(796, 31, 77, '2024-05-11', 'Loreto', 1),
(797, 35, 21, '2024-05-11', 'Loreto', 1),
(798, 46, 142.66, '2024-05-11', 'Loreto', 1),
(799, 37, 21, '2024-05-11', 'Loreto', 1),
(800, 4, 113, '2024-05-11', 'Loreto', 1),
(801, 53, 21, '2024-05-11', 'Loreto', 1),
(802, 51, 21, '2024-05-11', 'Loreto', 1),
(803, 19, 81, '2024-05-11', 'Loreto', 1),
(804, 43, 43, '2024-05-11', 'Loreto', 1),
(805, 16, 121.66, '2024-05-11', 'Loreto', 1),
(806, 50, 142.66, '2024-05-11', 'Loreto', 1),
(807, 26, 119.33, '2024-05-11', 'Loreto', 1),
(808, 22, 95, '2024-05-11', 'Loreto', 1),
(809, 24, 21, '2024-05-11', 'Loreto', 1),
(810, 2, 173.68, '2024-05-11', 'Loreto', 1),
(811, 49, 21, '2024-05-11', 'Loreto', 1),
(812, 33, 21, '2024-05-11', 'Loreto', 1),
(813, 23, 21, '2024-05-11', 'Loreto', 1),
(814, 21, 21, '2024-05-11', 'Loreto', 1),
(815, 20, 120.71, '2024-05-11', 'Loreto', 1),
(816, 13, 21, '2024-05-11', 'Loreto', 1),
(817, 37, 120, '2024-05-11', 'Loreto', 1),
(818, 16, 21, '2024-05-11', 'Loreto', 1),
(819, 18, 21, '2024-05-11', 'Loreto', 1),
(820, 18, 1, '2024-05-11', 'Loreto', 1),
(821, 12, 80, '2024-05-11', 'Loreto', 1),
(822, 14, 124.33, '2024-05-11', 'Loreto', 1),
(823, 12, 1, '2024-05-11', 'Loreto', 1),
(824, 12, 400, '2024-05-11', 'Loreto', 1),
(825, 21, 73.33, '2024-05-13', 'Loreto', 1),
(826, 3, 21, '2024-06-01', 'Loreto', 1),
(827, 23, 21, '2024-06-01', 'Loreto', 1),
(828, 18, 92.5, '2024-06-01', 'Loreto', 1),
(829, 40, 92.12, '2024-06-01', 'Loreto', 1),
(830, 34, 21, '2024-06-01', 'Loreto', 1),
(831, 16, 21, '2024-06-01', 'Loreto', 1),
(832, 18, 21, '2024-06-01', 'Loreto', 1),
(833, 9, 124.33, '2024-06-01', 'Loreto', 1),
(834, 41, 21, '2024-06-01', 'Loreto', 1),
(835, 51, 21, '2024-06-01', 'Loreto', 1),
(836, 53, 21, '2024-06-01', 'Loreto', 1),
(837, 4, 111.47, '2024-06-01', 'Loreto', 1),
(838, 26, 117.66, '2024-06-01', 'Loreto', 1),
(839, 2, 114.5, '2024-06-01', 'Loreto', 1),
(840, 12, 134.33, '2024-06-01', 'Loreto', 1),
(841, 14, 122.66, '2024-06-01', 'Loreto', 1),
(842, 49, 21, '2024-06-01', 'Loreto', 1),
(843, 33, 21, '2024-06-01', 'Loreto', 1),
(844, 46, 141, '2024-06-01', 'Loreto', 1),
(845, 45, 21, '2024-06-01', 'Loreto', 1),
(846, 48, 197.67, '2024-06-01', 'Loreto', 1),
(847, 37, 21, '2024-06-01', 'Loreto', 1),
(848, 31, 77, '2024-06-01', 'Loreto', 1),
(849, 35, 21, '2024-06-01', 'Loreto', 1),
(850, 28, 21, '2024-06-01', 'Loreto', 1),
(851, 38, 116, '2024-06-01', 'Loreto', 1),
(852, 13, 21, '2024-06-01', 'Loreto', 1),
(853, 17, 21, '2024-06-01', 'Loreto', 1),
(854, 30, 21, '2024-06-01', 'Loreto', 1),
(855, 20, 21, '2024-06-01', 'Loreto', 1),
(856, 3, 21, '2024-06-01', 'Loreto', 1),
(857, 5, 144.51, '2024-06-01', 'Loreto', 1),
(858, 19, 80, '2024-06-01', 'Loreto', 1),
(859, 2, 813.47, '2024-06-01', 'Loreto', 1),
(860, 17, 476.97, '2024-06-01', 'Loreto', 1),
(861, 37, 118.33, '2024-06-01', 'Loreto', 1),
(862, 50, 141, '2024-06-01', 'Loreto', 1),
(863, 16, 120, '2024-06-01', 'Loreto', 1),
(864, 1, 224, '2024-06-01', 'Loreto', 1),
(865, 22, 94, '2024-06-01', 'Loreto', 1),
(866, 30, 368.58, '2024-06-11', 'Loreto', 1),
(867, 38, 114.33, '2024-07-05', 'Loreto', 1),
(868, 22, 93, '2024-07-05', 'Loreto', 1),
(869, 20, 1435.03, '2024-07-05', 'Loreto', 1),
(870, 17, 144.33, '2024-07-05', 'Loreto', 1),
(871, 23, 21, '2024-07-05', 'Loreto', 1),
(872, 21, 192.11, '2024-07-06', 'Loreto', 1),
(873, 30, 21, '2024-07-06', 'Loreto', 1),
(874, 1, 220, '2024-07-06', 'Loreto', 1),
(875, 56, 21, '2024-07-06', 'Loreto', 1),
(876, 13, 21, '2024-07-06', 'Loreto', 1),
(877, 14, 121, '2024-07-06', 'Loreto', 1),
(878, 12, 132.66, '2024-07-06', 'Loreto', 1),
(879, 16, 21, '2024-07-06', 'Loreto', 1),
(880, 18, 21, '2024-07-06', 'Loreto', 1),
(881, 26, 116, '2024-07-06', 'Loreto', 1),
(882, 33, 21, '2024-07-06', 'Loreto', 1),
(883, 49, 58.78, '2024-07-06', 'Loreto', 1),
(884, 46, 139.33, '2024-07-06', 'Loreto', 1),
(885, 37, 21, '2024-07-06', 'Loreto', 1),
(886, 45, 21, '2024-07-06', 'Loreto', 1),
(887, 48, 360.97, '2024-07-06', 'Loreto', 1),
(888, 31, 98, '2024-07-06', 'Loreto', 1),
(889, 48, 21, '2024-07-06', 'Loreto', 1),
(890, 43, 43, '2024-07-06', 'Loreto', 1),
(891, 37, 116.66, '2024-07-06', 'Loreto', 1),
(892, 18, 91.25, '2024-07-06', 'Loreto', 1),
(893, 24, 123.33, '2024-07-06', 'Loreto', 1),
(894, 28, 21, '2024-07-06', 'Loreto', 1),
(895, 51, 21, '2024-07-06', 'Loreto', 1),
(896, 53, 21, '2024-07-06', 'Loreto', 1),
(897, 47, 65, '2024-07-06', 'Loreto', 1),
(898, 5, 72, '2024-07-06', 'Loreto', 1),
(899, 4, 21, '2024-07-06', 'Loreto', 1),
(900, 50, 139.33, '2024-07-06', 'Loreto', 1),
(901, 16, 118.33, '2024-07-06', 'Loreto', 1),
(902, 34, 21, '2024-07-06', 'Loreto', 1),
(903, 40, 91, '2024-07-06', 'Loreto', 1),
(904, 24, 43, '2024-07-06', 'Loreto', 1),
(905, 41, 21, '2024-07-06', 'Loreto', 1),
(906, 9, 122.66, '2024-07-06', 'Loreto', 1),
(907, 35, 21, '2024-07-06', 'Loreto', 1),
(908, 19, 79, '2024-07-06', 'Loreto', 1),
(909, 20, 21, '2024-07-06', 'Loreto', 1),
(910, 4, 626.58, '2024-07-06', 'Loreto', 1),
(911, 47, 1, '2024-07-06', 'Loreto', 1),
(912, 17, 1, '2024-07-06', 'Loreto', 1),
(913, 13, 1, '2024-07-06', 'Loreto', 1),
(914, 30, 88.57, '2024-07-26', 'Loreto', 1),
(915, 13, 21, '2024-08-03', 'Loreto', 1),
(916, 19, 78, '2024-08-03', 'Loreto', 1),
(917, 38, 112.66, '2024-08-03', 'Loreto', 1),
(918, 23, 21, '2024-08-03', 'Loreto', 1),
(919, 1, 216, '2024-08-03', 'Loreto', 1),
(920, 56, 21, '2024-08-03', 'Loreto', 1),
(921, 22, 92, '2024-08-03', 'Loreto', 1),
(922, 3, 21, '2024-08-03', 'Loreto', 1),
(923, 51, 72.67, '2024-08-03', 'Loreto', 1),
(924, 53, 21, '2024-08-03', 'Loreto', 1),
(925, 51, 0.25, '2024-08-03', 'Loreto', 1),
(926, 43, 21, '2024-08-03', 'Loreto', 1),
(927, 26, 205.99, '2024-08-03', 'Loreto', 1),
(928, 30, 21, '2024-08-03', 'Loreto', 1),
(929, 21, 21, '2024-08-03', 'Loreto', 1),
(930, 46, 116.66, '2024-08-03', 'Loreto', 1),
(931, 49, 58.22, '2024-08-03', 'Loreto', 1),
(932, 33, 21, '2024-08-03', 'Loreto', 1),
(933, 45, 21, '2024-08-03', 'Loreto', 1),
(934, 37, 136, '2024-08-03', 'Loreto', 1),
(935, 35, 21, '2024-08-03', 'Loreto', 1),
(936, 31, 56, '2024-08-03', 'Loreto', 1),
(937, 46, 21, '2024-08-03', 'Loreto', 1),
(938, 48, 10, '2024-08-03', 'Loreto', 1),
(939, 45, 10, '2024-08-03', 'Loreto', 1),
(940, 31, 10, '2024-08-03', 'Loreto', 1),
(941, 4, 124.33, '2024-08-03', 'Loreto', 1),
(942, 18, 90, '2024-08-03', 'Loreto', 1),
(943, 30, 81, '2024-08-03', 'Loreto', 1),
(944, 18, 21, '2024-08-03', 'Loreto', 1),
(945, 16, 21, '2024-08-03', 'Loreto', 1),
(946, 13, 123.33, '2024-08-03', 'Loreto', 1),
(947, 50, 137.66, '2024-08-03', 'Loreto', 1),
(948, 16, 116.66, '2024-08-03', 'Loreto', 1),
(949, 5, 70.17, '2024-08-03', 'Loreto', 1),
(950, 12, 131, '2024-08-03', 'Loreto', 1),
(951, 14, 119.33, '2024-08-03', 'Loreto', 1),
(952, 34, 21, '2024-08-03', 'Loreto', 1),
(953, 40, 89.81, '2024-08-03', 'Loreto', 1),
(954, 41, 21, '2024-08-03', 'Loreto', 1),
(955, 9, 121, '2024-08-03', 'Loreto', 1),
(956, 28, 20, '2024-08-03', 'Loreto', 1),
(957, 17, 142.66, '2024-08-03', 'Loreto', 1),
(958, 2, 153.66, '2024-08-03', 'Loreto', 1),
(959, 46, 2, '2024-08-03', 'Loreto', 1),
(960, 3, 21, '2024-09-07', 'Loreto', 1),
(961, 56, 21, '2024-09-07', 'Loreto', 1),
(962, 13, 21, '2024-09-07', 'Loreto', 1),
(963, 23, 21, '2024-09-07', 'Loreto', 1),
(964, 26, 21, '2024-09-07', 'Loreto', 1),
(965, 19, 77, '2024-09-07', 'Loreto', 1),
(966, 38, 111, '2024-09-07', 'Loreto', 1),
(967, 30, 21, '2024-09-07', 'Loreto', 1),
(968, 21, 165.22, '2024-09-07', 'Loreto', 1),
(969, 22, 91, '2024-09-07', 'Loreto', 1),
(970, 1, 212, '2024-09-07', 'Loreto', 1),
(971, 16, 115, '2024-09-07', 'Loreto', 1),
(972, 40, 88.78, '2024-09-07', 'Loreto', 1),
(973, 34, 21, '2024-09-07', 'Loreto', 1),
(974, 5, 69.34, '2024-09-07', 'Loreto', 1),
(975, 50, 136, '2024-09-07', 'Loreto', 1),
(976, 53, 21, '2024-09-07', 'Loreto', 1),
(977, 51, 71.84, '2024-09-07', 'Loreto', 1),
(978, 47, 159.8, '2024-09-07', 'Loreto', 1),
(979, 28, 21, '2024-09-07', 'Loreto', 1),
(980, 17, 141, '2024-09-07', 'Loreto', 1),
(981, 31, 77, '2024-09-07', 'Loreto', 1),
(982, 48, 1551, '2024-09-07', 'Loreto', 1),
(983, 35, 21, '2024-09-07', 'Loreto', 1),
(984, 37, 21, '2024-09-07', 'Loreto', 1),
(985, 46, 136, '2024-09-07', 'Loreto', 1),
(986, 45, 144.33, '2024-09-07', 'Loreto', 1),
(987, 24, 258.33, '2024-09-07', 'Loreto', 1),
(988, 41, 21, '2024-09-07', 'Loreto', 1),
(989, 9, 119.33, '2024-09-07', 'Loreto', 1),
(990, 20, 131.66, '2024-09-07', 'Loreto', 1),
(991, 33, 21, '2024-09-07', 'Loreto', 1),
(992, 49, 57.67, '2024-09-07', 'Loreto', 1),
(993, 14, 117.66, '2024-09-07', 'Loreto', 1),
(994, 12, 129.33, '2024-09-07', 'Loreto', 1),
(995, 5, 291.65, '2024-09-07', 'Loreto', 1),
(996, 28, 1.4, '2024-09-07', 'Loreto', 1),
(997, 13, 121.66, '2024-09-07', 'Loreto', 1),
(998, 2, 172.99, '2024-09-07', 'Loreto', 1),
(999, 14, 583.37, '2024-09-09', 'Loreto', 1),
(1000, 13, 1891.01, '2024-10-05', 'Loreto', 1),
(1001, 2, 1934.34, '2024-10-05', 'Loreto', 1),
(1002, 50, 134.33, '2024-10-05', 'Loreto', 1),
(1003, 16, 113.33, '2024-10-05', 'Loreto', 1),
(1004, 38, 109.33, '2024-10-05', 'Loreto', 1),
(1005, 22, 90, '2024-10-05', 'Loreto', 1),
(1006, 28, 119.67, '2024-10-05', 'Loreto', 1),
(1007, 47, 106.6, '2024-10-05', 'Loreto', 1),
(1008, 21, 88.22, '2024-10-05', 'Loreto', 1),
(1009, 56, 21, '2024-10-05', 'Loreto', 1),
(1010, 23, 21, '2024-10-05', 'Loreto', 1),
(1011, 34, 21, '2024-10-05', 'Loreto', 1),
(1012, 3, 21, '2024-10-05', 'Loreto', 1),
(1013, 30, 21, '2024-10-05', 'Loreto', 1),
(1014, 46, 21, '2024-10-05', 'Loreto', 1),
(1015, 37, 21, '2024-10-05', 'Loreto', 1),
(1016, 35, 21, '2024-10-05', 'Loreto', 1),
(1017, 48, 21, '2024-10-05', 'Loreto', 1),
(1018, 31, 21, '2024-10-05', 'Loreto', 1),
(1019, 45, 142.66, '2024-10-05', 'Loreto', 1),
(1020, 40, 87.67, '2024-10-05', 'Loreto', 1),
(1021, 18, 43, '2024-10-05', 'Loreto', 1),
(1022, 16, 43, '2024-10-05', 'Loreto', 1),
(1023, 14, 176.17, '2024-10-05', 'Loreto', 1),
(1024, 12, 127.66, '2024-10-05', 'Loreto', 1),
(1025, 43, 43, '2024-10-05', 'Loreto', 1),
(1026, 51, 71, '2024-10-05', 'Loreto', 1),
(1027, 53, 21, '2024-10-05', 'Loreto', 1),
(1028, 40, 21, '2024-10-05', 'Loreto', 1),
(1029, 41, 21, '2024-10-05', 'Loreto', 1),
(1030, 9, 117.66, '2024-10-05', 'Loreto', 1),
(1031, 37, 233.32, '2024-10-05', 'Loreto', 1),
(1032, 46, 113.33, '2024-10-05', 'Loreto', 1),
(1033, 49, 57.11, '2024-10-05', 'Loreto', 1),
(1034, 33, 21, '2024-10-05', 'Loreto', 1),
(1035, 18, 1370, '2024-10-05', 'Loreto', 1),
(1036, 20, 292.99, '2024-10-05', 'Loreto', 1),
(1037, 26, 111, '2024-10-05', 'Loreto', 1),
(1038, 17, 1806.01, '2024-10-05', 'Loreto', 1),
(1039, 41, 1, '2024-10-05', 'Loreto', 1),
(1040, 24, 65, '2024-10-05', 'Loreto', 1),
(1041, 24, 243.32, '2024-10-05', 'Loreto', 1),
(1042, 4, 252.99, '2024-10-05', 'Loreto', 1),
(1043, 5, 113.5, '2024-10-05', 'Loreto', 1),
(1044, 1, 540, '2024-10-05', 'Loreto', 1),
(1045, 19, 255, '2024-10-07', 'Loreto', 1),
(1046, 56, 1.4, '2024-10-09', 'Loreto', 1),
(1047, 57, 660, '2024-10-17', 'Loreto', 1),
(1048, 57, 21, '2024-10-17', 'Loreto', 1),
(1049, 28, 118.34, '2024-11-02', 'Loreto', 1),
(1050, 56, 227.67, '2024-11-02', 'Loreto', 1),
(1051, 38, 107.66, '2024-11-03', 'Loreto', 1),
(1052, 26, 109.33, '2024-11-03', 'Loreto', 1),
(1053, 34, 21, '2024-11-03', 'Loreto', 1),
(1054, 22, 89, '2024-11-03', 'Loreto', 1),
(1055, 30, 85.71, '2024-11-08', 'Loreto', 1),
(1056, 23, 21, '2024-11-08', 'Loreto', 1),
(1057, 51, 70.17, '2024-11-09', 'Loreto', 1),
(1058, 53, 21, '2024-11-09', 'Loreto', 1),
(1059, 50, 132.66, '2024-11-09', 'Loreto', 1),
(1060, 16, 111.66, '2024-11-09', 'Loreto', 1),
(1061, 40, 65.56, '2024-11-09', 'Loreto', 1),
(1062, 46, 111.66, '2024-11-09', 'Loreto', 1),
(1063, 45, 141, '2024-11-09', 'Loreto', 1),
(1064, 48, 21, '2024-11-09', 'Loreto', 1),
(1065, 31, 21, '2024-11-09', 'Loreto', 1),
(1066, 46, 21, '2024-11-09', 'Loreto', 1),
(1067, 37, 21, '2024-11-09', 'Loreto', 1),
(1068, 35, 21, '2024-11-09', 'Loreto', 1),
(1069, 4, 98.33, '2024-11-09', 'Loreto', 1),
(1070, 43, 21, '2024-11-09', 'Loreto', 1),
(1071, 47, 62.4, '2024-11-09', 'Loreto', 1),
(1072, 12, 126, '2024-11-09', 'Loreto', 1),
(1073, 14, 173.09, '2024-11-09', 'Loreto', 1),
(1074, 2, 21, '2024-11-09', 'Loreto', 1),
(1075, 3, 21, '2024-11-09', 'Loreto', 1),
(1076, 43, 1, '2024-11-09', 'Loreto', 1),
(1077, 30, 21, '2024-11-09', 'Loreto', 1),
(1078, 17, 21, '2024-11-09', 'Loreto', 1),
(1079, 13, 21, '2024-11-09', 'Loreto', 1),
(1080, 21, 21, '2024-11-09', 'Loreto', 1),
(1081, 16, 21, '2024-11-09', 'Loreto', 1),
(1082, 18, 21, '2024-11-09', 'Loreto', 1),
(1083, 37, 110, '2024-11-09', 'Loreto', 1),
(1084, 33, 21, '2024-11-09', 'Loreto', 1),
(1085, 49, 56.56, '2024-11-09', 'Loreto', 1),
(1086, 20, 139.33, '2024-11-09', 'Loreto', 1),
(1087, 9, 116, '2024-11-09', 'Loreto', 1),
(1088, 41, 227.67, '2024-11-09', 'Loreto', 1),
(1089, 17, 1, '2024-12-07', 'Loreto', 1),
(1090, 56, 224.34, '2024-12-07', 'Loreto', 1),
(1093, 47, 103.2, '2024-12-07', 'Loreto', 1),
(1094, 23, 21, '2024-12-07', 'Loreto', 1),
(1095, 21, 157.89, '2024-12-07', 'Loreto', 1),
(1096, 3, 21, '2024-12-07', 'Loreto', 1),
(1097, 34, 21, '2024-12-07', 'Loreto', 1),
(1098, 40, 106.45, '2024-12-07', 'Loreto', 1),
(1099, 22, 88, '2024-12-07', 'Loreto', 1),
(1100, 17, 21, '2024-12-07', 'Loreto', 1),
(1101, 30, 21, '2024-12-07', 'Loreto', 1),
(1102, 26, 212.03, '2024-12-07', 'Loreto', 1),
(1103, 38, 106.04, '2024-12-07', 'Loreto', 1),
(1104, 28, 117, '2024-12-07', 'Loreto', 1),
(1105, 13, 21, '2024-12-07', 'Loreto', 1),
(1106, 5, 230.5, '2024-12-07', 'Loreto', 1),
(1107, 43, 144.33, '2024-12-07', 'Loreto', 1),
(1108, 18, 21, '2024-12-07', 'Loreto', 1),
(1109, 16, 21, '2024-12-07', 'Loreto', 1),
(1110, 33, 21, '2024-12-07', 'Loreto', 1),
(1111, 49, 56, '2024-12-07', 'Loreto', 1),
(1112, 57, 21, '2024-12-07', 'Loreto', 1),
(1113, 2, 21, '2024-12-07', 'Loreto', 1),
(1114, 50, 131, '2024-12-07', 'Loreto', 1),
(1115, 16, 110, '2024-12-07', 'Loreto', 1),
(1116, 45, 140.33, '2024-12-07', 'Loreto', 1),
(1117, 48, 21, '2024-12-07', 'Loreto', 1),
(1118, 46, 131, '2024-12-07', 'Loreto', 1),
(1119, 31, 21, '2024-12-07', 'Loreto', 1),
(1120, 37, 21, '2024-12-07', 'Loreto', 1),
(1121, 35, 21, '2024-12-07', 'Loreto', 1),
(1122, 24, 123.33, '2024-12-07', 'Loreto', 1),
(1123, 4, 138.66, '2024-12-07', 'Loreto', 1),
(1124, 30, 84.28, '2024-12-07', 'Loreto', 1),
(1125, 14, 171, '2024-12-07', 'Loreto', 1),
(1126, 12, 124.33, '2024-12-07', 'Loreto', 1),
(1127, 4, 584.35, '2024-12-07', 'Loreto', 1),
(1128, 51, 69.34, '2024-12-07', 'Loreto', 1),
(1129, 53, 42, '2024-12-07', 'Loreto', 1),
(1130, 9, 114.33, '2024-12-07', 'Loreto', 1),
(1131, 41, 224.34, '2024-12-07', 'Loreto', 1),
(1132, 28, 115.67, '2025-01-11', 'Loreto', 1),
(1133, 56, 221, '2025-01-11', 'Loreto', 1),
(1134, 16, 108.33, '2025-01-11', 'Loreto', 1),
(1135, 50, 129.33, '2025-01-11', 'Loreto', 1),
(1136, 38, 21, '2025-01-11', 'Loreto', 1),
(1137, 23, 21, '2025-01-11', 'Loreto', 1),
(1138, 2, 21, '2025-01-11', 'Loreto', 1),
(1139, 20, 261.99, '2025-01-11', 'Loreto', 1),
(1140, 13, 327, '2025-01-11', 'Loreto', 1),
(1141, 34, 21, '2025-01-11', 'Loreto', 1),
(1142, 40, 84.34, '2025-01-11', 'Loreto', 1),
(1143, 21, 21, '2025-01-11', 'Loreto', 1),
(1144, 57, 21, '2025-01-11', 'Loreto', 1),
(1145, 30, 82.86, '2025-01-11', 'Loreto', 1),
(1146, 12, 122.66, '2025-01-11', 'Loreto', 1),
(1147, 14, 168.92, '2025-01-11', 'Loreto', 1),
(1148, 16, 21, '2025-01-11', 'Loreto', 1),
(1149, 18, 21, '2025-01-11', 'Loreto', 1),
(1150, 37, 223.32, '2025-01-11', 'Loreto', 1),
(1151, 24, 121.66, '2025-01-11', 'Loreto', 1),
(1152, 45, 137.66, '2025-01-11', 'Loreto', 1),
(1153, 48, 21, '2025-01-11', 'Loreto', 1),
(1154, 46, 129.33, '2025-01-11', 'Loreto', 1),
(1155, 31, 21, '2025-01-11', 'Loreto', 1),
(1156, 35, 21, '2025-01-11', 'Loreto', 1),
(1157, 37, 21, '2025-01-11', 'Loreto', 1),
(1158, 5, 109.75, '2025-01-11', 'Loreto', 1),
(1159, 51, 68.5, '2025-01-11', 'Loreto', 1),
(1160, 17, 83, '2025-01-11', 'Loreto', 1),
(1161, 30, 21, '2025-01-11', 'Loreto', 1),
(1162, 4, 218.97, '2025-01-11', 'Loreto', 1),
(1163, 22, 87, '2025-01-11', 'Loreto', 1),
(1164, 49, 55.45, '2025-01-11', 'Loreto', 1),
(1165, 33, 21, '2025-01-11', 'Loreto', 1),
(1166, 3, 21, '2025-01-11', 'Loreto', 1),
(1167, 43, 142.66, '2025-01-11', 'Loreto', 1),
(1168, 41, 221, '2025-01-11', 'Loreto', 1),
(1169, 9, 112.66, '2025-01-11', 'Loreto', 1),
(1170, 57, 100, '2025-01-20', 'Loreto', 2),
(1171, 23, 100, '2025-01-20', 'Loreto', 2),
(1172, 13, 100, '2025-01-20', 'Loreto', 2),
(1173, 1, 165, '2025-01-20', 'Loreto', 2),
(1174, 2, 100, '2025-01-20', 'Loreto', 2),
(1175, 3, 100, '2025-01-20', 'Loreto', 2),
(1176, 5, 100, '2025-01-20', 'Loreto', 2),
(1177, 9, 100, '2025-01-20', 'Loreto', 2),
(1178, 12, 100, '2025-01-20', 'Loreto', 2),
(1179, 14, 100, '2025-01-20', 'Loreto', 2),
(1180, 16, 100, '2025-01-20', 'Loreto', 2),
(1181, 17, 100, '2025-01-20', 'Loreto', 2),
(1182, 18, 100, '2025-01-20', 'Loreto', 2),
(1183, 20, 122, '2025-01-20', 'Loreto', 2),
(1184, 21, 100, '2025-01-20', 'Loreto', 2),
(1185, 22, 100, '2025-01-20', 'Loreto', 2),
(1186, 24, 165, '2025-01-20', 'Loreto', 2),
(1187, 26, 100, '2025-01-20', 'Loreto', 2),
(1188, 28, 100, '2025-01-20', 'Loreto', 2),
(1189, 30, 100, '2025-01-20', 'Loreto', 2),
(1190, 31, 100, '2025-01-20', 'Loreto', 2),
(1191, 33, 100, '2025-01-20', 'Loreto', 2),
(1192, 34, 100, '2025-01-20', 'Loreto', 2),
(1193, 35, 100, '2025-01-20', 'Loreto', 2),
(1194, 37, 100, '2025-01-20', 'Loreto', 2),
(1195, 38, 100, '2025-01-20', 'Loreto', 2),
(1196, 40, 100, '2025-01-20', 'Loreto', 2),
(1197, 41, 100, '2025-01-20', 'Loreto', 2),
(1198, 43, 100, '2025-01-20', 'Loreto', 2),
(1199, 45, 100, '2025-01-20', 'Loreto', 2),
(1200, 46, 100, '2025-01-20', 'Loreto', 2),
(1201, 47, 122, '2025-01-20', 'Loreto', 2),
(1202, 48, 100, '2025-01-20', 'Loreto', 2),
(1203, 49, 100, '2025-01-20', 'Loreto', 2),
(1204, 50, 100, '2025-01-20', 'Loreto', 2),
(1205, 51, 100, '2025-01-20', 'Loreto', 2),
(1206, 53, 100, '2025-01-20', 'Loreto', 2),
(1207, 56, 100, '2025-01-20', 'Loreto', 2),
(1208, 4, 100, '2025-01-20', 'Loreto', 2),
(1209, 50, 1167.7, '2025-01-21', 'Loreto', 2),
(1210, 20, 1547.02, '2025-01-22', 'Loreto', 2),
(1211, 21, 152.68, '2025-01-22', 'Loreto', 2),
(1212, 16, 106.66, '2025-02-01', 'Loreto', 2),
(1213, 50, 131, '2025-02-01', 'Loreto', 2),
(1214, 34, 21, '2025-02-01', 'Loreto', 2);
INSERT INTO `Entry` (`number`, `account_number`, `amount`, `date`, `place`, `period_id`) VALUES
(1215, 22, 86, '2025-02-01', 'Loreto', 2),
(1216, 1, 117.77, '2025-02-01', 'Loreto', 2),
(1217, 2, 21, '2025-02-01', 'Loreto', 2),
(1218, 50, 16, '2025-02-01', 'Loreto', 2),
(1219, 38, 21, '2025-02-01', 'Loreto', 2),
(1220, 3, 21, '2025-02-01', 'Loreto', 2),
(1221, 13, 21, '2025-02-01', 'Loreto', 2),
(1222, 23, 21, '2025-02-01', 'Loreto', 2),
(1223, 21, 21, '2025-02-01', 'Loreto', 2),
(1224, 51, 67.67, '2025-02-01', 'Loreto', 2),
(1225, 53, 21, '2025-02-01', 'Loreto', 2),
(1226, 4, 215.72, '2025-02-01', 'Loreto', 2),
(1227, 30, 21, '2025-02-01', 'Loreto', 2),
(1228, 18, 75, '2025-02-01', 'Loreto', 2),
(1229, 16, 21, '2025-02-01', 'Loreto', 2),
(1230, 26, 125.33, '2025-02-01', 'Loreto', 2),
(1231, 14, 166.84, '2025-02-01', 'Loreto', 2),
(1232, 12, 121, '2025-02-01', 'Loreto', 2),
(1233, 9, 111, '2025-02-01', 'Loreto', 2),
(1234, 41, 217.67, '2025-02-01', 'Loreto', 2),
(1235, 47, 21, '2025-02-01', 'Loreto', 2),
(1236, 28, 114.34, '2025-02-01', 'Loreto', 2),
(1237, 17, 82, '2025-02-01', 'Loreto', 2),
(1238, 57, 21, '2025-02-01', 'Loreto', 2),
(1239, 46, 1190.03, '2025-02-01', 'Loreto', 2),
(1240, 37, 105, '2025-02-01', 'Loreto', 2),
(1241, 37, 21, '2025-02-01', 'Loreto', 2),
(1242, 48, 21, '2025-02-01', 'Loreto', 2),
(1243, 31, 21, '2025-02-01', 'Loreto', 2),
(1244, 45, 136, '2025-02-01', 'Loreto', 2),
(1245, 35, 21, '2025-02-01', 'Loreto', 2),
(1246, 46, 21, '2025-02-01', 'Loreto', 2),
(1247, 43, 141, '2025-02-01', 'Loreto', 2),
(1248, 24, 229.99, '2025-02-01', 'Loreto', 2),
(1249, 33, 21, '2025-02-01', 'Loreto', 2),
(1250, 49, 54.89, '2025-02-01', 'Loreto', 2),
(1251, 40, 342.78, '2025-02-01', 'Loreto', 2),
(1252, 5, 108.5, '2025-02-01', 'Loreto', 2),
(1253, 30, 161.41, '2025-02-01', 'Loreto', 2),
(1254, 20, 21, '2025-02-01', 'Loreto', 2),
(1255, 24, 21, '2025-02-01', 'Loreto', 2),
(1256, 3, 7, '2025-02-01', 'Loreto', 2),
(1257, 34, 11, '2025-02-02', 'Loreto', 2),
(1258, 56, 238.67, '2025-02-03', 'Loreto', 2),
(1259, 30, 25, '2025-02-06', 'Loreto', 2),
(1260, 34, 141, '2025-03-05', 'Loreto', 2),
(1261, 56, 193.34, '2025-03-05', 'Loreto', 2),
(1262, 28, 113, '2025-03-06', 'Loreto', 2),
(1263, 38, 21, '2025-03-07', 'Loreto', 2),
(1264, 23, 124.33, '2025-03-07', 'Loreto', 2),
(1265, 30, 21, '2025-03-08', 'Loreto', 2),
(1266, 50, 151, '2025-03-08', 'Loreto', 2),
(1267, 16, 105, '2025-03-08', 'Loreto', 2),
(1268, 3, 58, '2025-03-08', 'Loreto', 2),
(1269, 49, 54.34, '2025-03-08', 'Loreto', 2),
(1270, 33, 21, '2025-03-08', 'Loreto', 2),
(1271, 30, 148, '2025-03-08', 'Loreto', 2),
(1272, 20, 169, '2025-03-08', 'Loreto', 2),
(1273, 37, 21, '2025-03-08', 'Loreto', 2),
(1274, 35, 21, '2025-03-08', 'Loreto', 2),
(1275, 46, 21, '2025-03-08', 'Loreto', 2),
(1276, 45, 143.33, '2025-03-08', 'Loreto', 2),
(1277, 48, 21, '2025-03-08', 'Loreto', 2),
(1278, 31, 21, '2025-03-08', 'Loreto', 2),
(1279, 26, 122.66, '2025-03-08', 'Loreto', 2),
(1280, 14, 164.75, '2025-03-08', 'Loreto', 2),
(1281, 12, 21, '2025-03-08', 'Loreto', 2),
(1282, 40, 123, '2025-03-08', 'Loreto', 2),
(1283, 13, 21, '2025-03-08', 'Loreto', 2),
(1284, 43, 139.33, '2025-03-08', 'Loreto', 2),
(1285, 16, 21, '2025-03-08', 'Loreto', 2),
(1286, 18, 74, '2025-03-08', 'Loreto', 2),
(1287, 17, 81, '2025-03-08', 'Loreto', 2),
(1288, 53, 21, '2025-03-08', 'Loreto', 2),
(1289, 51, 66.84, '2025-03-08', 'Loreto', 2),
(1290, 57, 22, '2025-03-08', 'Loreto', 2),
(1291, 2, 21, '2025-03-08', 'Loreto', 2),
(1292, 4, 212.48, '2025-03-08', 'Loreto', 2),
(1293, 41, 214.34, '2025-03-08', 'Loreto', 2),
(1294, 9, 109.33, '2025-03-08', 'Loreto', 2),
(1295, 12, 766.03, '2025-03-08', 'Loreto', 2),
(1296, 5, 107.25, '2025-03-08', 'Loreto', 2),
(1297, 37, 103.33, '2025-03-08', 'Loreto', 2),
(1298, 21, 154.2, '2025-03-10', 'Loreto', 2),
(1299, 2, 26, '2025-03-12', 'Loreto', 2),
(1300, 56, 211, '2025-04-01', 'Loreto', 2),
(1301, 34, 139, '2025-04-01', 'Loreto', 2),
(1302, 23, 122.66, '2025-04-05', 'Loreto', 2),
(1303, 3, 57.5, '2025-04-05', 'Loreto', 2),
(1304, 13, 21, '2025-04-05', 'Loreto', 2),
(1305, 21, 152.4, '2025-04-05', 'Loreto', 2),
(1306, 16, 21, '2025-04-05', 'Loreto', 2),
(1307, 18, 73, '2025-04-05', 'Loreto', 2),
(1308, 40, 121.3, '2025-04-05', 'Loreto', 2),
(1309, 51, 66, '2025-04-05', 'Loreto', 2),
(1310, 53, 21, '2025-04-05', 'Loreto', 2),
(1311, 47, 43, '2025-04-05', 'Loreto', 2),
(1312, 50, 21, '2025-04-05', 'Loreto', 2),
(1313, 16, 103.33, '2025-04-05', 'Loreto', 2),
(1314, 46, 21, '2025-04-05', 'Loreto', 2),
(1315, 45, 132.66, '2025-04-05', 'Loreto', 2),
(1316, 48, 21, '2025-04-05', 'Loreto', 2),
(1317, 31, 21, '2025-04-05', 'Loreto', 2),
(1318, 35, 21, '2025-04-05', 'Loreto', 2),
(1319, 37, 21, '2025-04-05', 'Loreto', 2),
(1320, 30, 21, '2025-04-05', 'Loreto', 2),
(1321, 38, 21, '2025-04-05', 'Loreto', 2),
(1322, 2, 82.67, '2025-04-05', 'Loreto', 2),
(1323, 49, 53.78, '2025-04-05', 'Loreto', 2),
(1324, 33, 21, '2025-04-05', 'Loreto', 2),
(1325, 26, 121, '2025-04-05', 'Loreto', 2),
(1326, 17, 80, '2025-04-05', 'Loreto', 2),
(1327, 4, 209.23, '2025-04-05', 'Loreto', 2),
(1328, 28, 111.67, '2025-04-05', 'Loreto', 2),
(1329, 43, 137.66, '2025-04-05', 'Loreto', 2),
(1330, 43, 1583.35, '2025-04-05', 'Loreto', 2),
(1331, 12, 175.17, '2025-04-05', 'Loreto', 2),
(1332, 14, 162.67, '2025-04-05', 'Loreto', 2),
(1333, 9, 107.66, '2025-04-05', 'Loreto', 2),
(1334, 41, 211, '2025-04-05', 'Loreto', 2),
(1335, 50, 1463, '2025-04-05', 'Loreto', 2),
(1336, 1, 1303, '2025-04-05', 'Loreto', 2),
(1337, 22, 810, '2025-04-05', 'Loreto', 2),
(1338, 37, 960.04, '2025-04-05', 'Loreto', 2),
(1339, 57, 113.5, '2025-04-05', 'Loreto', 2),
(1340, 24, 43, '2025-04-05', 'Loreto', 2),
(1341, 5, 106, '2025-04-10', 'Loreto', 2),
(1342, 24, 214.99, '2025-04-11', 'Loreto', 2),
(1343, 20, 178, '2025-04-28', 'Loreto', 2),
(1344, 56, 207.67, '2025-05-05', 'Loreto', 2),
(1345, 13, 21, '2025-05-05', 'Loreto', 2),
(1346, 28, 110.34, '2025-05-05', 'Loreto', 2),
(1347, 38, 21, '2025-05-05', 'Loreto', 2),
(1348, 34, 137, '2025-05-05', 'Loreto', 2),
(1349, 16, 101.66, '2025-05-05', 'Loreto', 2),
(1350, 50, 230.67, '2025-05-05', 'Loreto', 2),
(1351, 23, 121, '2025-05-05', 'Loreto', 2),
(1352, 14, 160.59, '2025-05-10', 'Loreto', 2),
(1353, 12, 173.09, '2025-05-10', 'Loreto', 2),
(1354, 21, 150.6, '2025-05-10', 'Loreto', 2),
(1355, 3, 582, '2025-05-10', 'Loreto', 2),
(1356, 24, 21, '2025-05-10', 'Loreto', 2),
(1357, 37, 21, '2025-05-10', 'Loreto', 2),
(1358, 46, 21, '2025-05-10', 'Loreto', 2),
(1359, 35, 21, '2025-05-10', 'Loreto', 2),
(1360, 45, 131, '2025-05-10', 'Loreto', 2),
(1361, 48, 21, '2025-05-10', 'Loreto', 2),
(1362, 31, 21, '2025-05-10', 'Loreto', 2),
(1363, 53, 21, '2025-05-10', 'Loreto', 2),
(1364, 51, 65.17, '2025-05-10', 'Loreto', 2),
(1365, 26, 119.33, '2025-05-10', 'Loreto', 2),
(1366, 40, 119.6, '2025-05-10', 'Loreto', 2),
(1367, 2, 81.84, '2025-05-10', 'Loreto', 2),
(1368, 16, 21, '2025-05-10', 'Loreto', 2),
(1369, 18, 72, '2025-05-10', 'Loreto', 2),
(1370, 4, 43.72, '2025-05-10', 'Loreto', 2),
(1371, 30, 156, '2025-05-10', 'Loreto', 2),
(1372, 17, 79, '2025-05-10', 'Loreto', 2),
(1373, 30, 21, '2025-05-10', 'Loreto', 2),
(1374, 20, 165, '2025-05-10', 'Loreto', 2),
(1375, 43, 21, '2025-05-10', 'Loreto', 2),
(1376, 33, 21, '2025-05-10', 'Loreto', 2),
(1377, 49, 53.22, '2025-05-10', 'Loreto', 2),
(1378, 41, 207.67, '2025-05-10', 'Loreto', 2),
(1379, 9, 106.04, '2025-05-10', 'Loreto', 2),
(1380, 9, 11, '2025-05-10', 'Loreto', 2),
(1381, 57, 112.25, '2025-05-11', 'Loreto', 2),
(1382, 5, 104.75, '2025-05-20', 'Loreto', 2),
(1383, 38, 21, '2025-06-07', 'Loreto', 2),
(1384, 28, 108, '2025-06-07', 'Loreto', 2),
(1385, 51, 64.34, '2025-06-07', 'Loreto', 2),
(1386, 53, 21, '2025-06-07', 'Loreto', 2),
(1387, 23, 119.33, '2025-06-07', 'Loreto', 2),
(1388, 3, 21, '2025-06-07', 'Loreto', 2),
(1389, 24, 113.33, '2025-06-07', 'Loreto', 2),
(1390, 30, 154, '2025-06-07', 'Loreto', 2),
(1391, 37, 158, '2025-06-07', 'Loreto', 2),
(1392, 20, 21, '2025-06-07', 'Loreto', 2),
(1393, 47, 43, '2025-06-07', 'Loreto', 2),
(1394, 13, 21, '2025-06-07', 'Loreto', 2),
(1395, 43, 23, '2025-06-07', 'Loreto', 2),
(1396, 47, 6, '2025-06-07', 'Loreto', 2),
(1397, 38, 19, '2025-06-07', 'Loreto', 2),
(1398, 34, 135, '2025-06-07', 'Loreto', 2),
(1399, 40, 117.9, '2025-06-07', 'Loreto', 2),
(1400, 17, 78, '2025-06-07', 'Loreto', 2),
(1401, 30, 21, '2025-06-07', 'Loreto', 2),
(1402, 50, 227.84, '2025-06-07', 'Loreto', 2),
(1403, 16, 100, '2025-06-07', 'Loreto', 2),
(1404, 33, 21, '2025-06-07', 'Loreto', 2),
(1405, 49, 52.67, '2025-06-07', 'Loreto', 2),
(1406, 4, 98.7, '2025-06-07', 'Loreto', 2),
(1407, 14, 138.5, '2025-06-07', 'Loreto', 2),
(1408, 12, 171, '2025-06-07', 'Loreto', 2),
(1409, 26, 117.66, '2025-06-07', 'Loreto', 2),
(1410, 26, 116, '2025-06-07', 'Loreto', 2),
(1411, 41, 204.34, '2025-06-07', 'Loreto', 2),
(1412, 9, 124.33, '2025-06-07', 'Loreto', 2),
(1413, 37, 21, '2025-06-07', 'Loreto', 2),
(1414, 46, 21, '2025-06-07', 'Loreto', 2),
(1415, 35, 21, '2025-06-07', 'Loreto', 2),
(1416, 45, 129.33, '2025-06-07', 'Loreto', 2),
(1417, 48, 21, '2025-06-07', 'Loreto', 2),
(1418, 31, 21, '2025-06-07', 'Loreto', 2),
(1419, 2, 81, '2025-06-07', 'Loreto', 2),
(1420, 48, 31, '2025-06-07', 'Loreto', 2),
(1421, 57, 111, '2025-06-09', 'Loreto', 2),
(1422, 56, 204.34, '2025-06-09', 'Loreto', 2),
(1423, 5, 103.5, '2025-06-07', 'Loreto', 2);

-- --------------------------------------------------------

--
-- Estructura de tabla para la tabla `Entry_bill_detail`
--

CREATE TABLE `Entry_bill_detail` (
  `entry_number` int(11) NOT NULL,
  `transfer` float NOT NULL,
  `cash` float NOT NULL,
  `period_id` int(11) NOT NULL DEFAULT 1,
  `date` date NOT NULL
) ENGINE=InnoDB DEFAULT CHARSET=utf8mb4 COLLATE=utf8mb4_general_ci;

--
-- Volcado de datos para la tabla `Entry_bill_detail`
--

INSERT INTO `Entry_bill_detail` (`entry_number`, `transfer`, `cash`, `period_id`, `date`) VALUES
(-2, 0, 200, 1, '2022-10-01'),
(-1, 0, 178, 1, '2022-10-01'),
(1, 0, 115, 1, '2022-07-02'),
(2, 0, 115, 1, '2022-07-02'),
(3, 0, 115, 1, '2022-07-02'),
(4, 0, 115, 1, '2022-07-02'),
(5, 0, 115, 1, '2022-07-02'),
(6, 0, 115, 1, '2022-07-02'),
(7, 0, 115, 1, '2022-07-02'),
(8, 0, 115, 1, '2022-07-02'),
(9, 0, 115, 1, '2022-07-02'),
(10, 0, 115, 1, '2022-07-02'),
(11, 0, 115, 1, '2022-07-02'),
(12, 0, 115, 1, '2022-07-02'),
(13, 0, 115, 1, '2022-07-02'),
(14, 0, 115, 1, '2022-07-02'),
(15, 0, 115, 1, '2022-07-02'),
(16, 0, 115, 1, '2022-07-02'),
(17, 0, 115, 1, '2022-07-02'),
(18, 0, 121, 1, '2022-08-06'),
(19, 0, 136, 1, '2022-08-06'),
(20, 0, 136, 1, '2022-08-06'),
(21, 0, 136, 1, '2022-08-06'),
(22, 0, 136, 1, '2022-08-06'),
(23, 0, 22, 1, '2022-08-06'),
(24, 0, 138.3, 1, '2022-08-06'),
(25, 0, 42.47, 1, '2022-08-06'),
(26, 0, 21, 1, '2022-08-06'),
(27, 0, 80.8, 1, '2022-08-06'),
(28, 0, 21, 1, '2022-08-06'),
(29, 0, 21, 1, '2022-08-06'),
(30, 0, 21, 1, '2022-08-06'),
(31, 0, 73, 1, '2022-08-06'),
(32, 0, 21, 1, '2022-08-06'),
(33, 0, 21, 1, '2022-08-06'),
(34, 0, 49, 1, '2022-08-06'),
(35, 0, 30, 1, '2022-08-06'),
(36, 0, 136, 1, '2022-08-06'),
(37, 0, 136, 1, '2022-08-06'),
(38, 0, 136, 1, '2022-08-06'),
(39, 0, 136, 1, '2022-08-06'),
(40, 0, 21, 1, '2022-08-06'),
(41, 0, 21, 1, '2022-08-06'),
(42, 0, 21, 1, '2022-08-06'),
(43, 0, 1, 1, '2022-08-06'),
(44, 0, 91.72, 1, '2022-09-03'),
(45, 0, 36, 1, '2022-09-03'),
(46, 0, 21, 1, '2022-09-03'),
(47, 0, 21, 1, '2022-09-03'),
(48, 0, 21, 1, '2022-09-03'),
(49, 0, 56, 1, '2022-09-03'),
(50, 0, 21, 1, '2022-09-03'),
(51, 0, 37.72, 1, '2022-09-03'),
(52, 0, 41.24, 1, '2022-09-03'),
(53, 0, 80.8, 1, '2022-09-03'),
(54, 0, 42.47, 1, '2022-09-03'),
(55, 0, 21, 1, '2022-09-03'),
(56, 0, 21, 1, '2022-09-03'),
(57, 0, 21, 1, '2022-09-03'),
(58, 0, 73, 1, '2022-09-03'),
(59, 0, 43, 1, '2022-09-03'),
(60, 0, 77, 1, '2022-09-03'),
(61, 0, 21, 1, '2022-09-03'),
(62, 0, 21, 1, '2022-09-03'),
(63, 0, 21, 1, '2022-09-03'),
(64, 0, 21, 1, '2022-09-03'),
(65, 0, 21, 1, '2022-09-03'),
(66, 0, 21, 1, '2022-09-03'),
(67, 0, 21, 1, '2022-09-03'),
(68, 0, 157, 1, '2022-09-03'),
(69, 0, 1, 1, '2022-09-03'),
(70, 0, 75.05, 1, '2022-10-01'),
(71, 0, 21, 1, '2022-10-01'),
(72, 0, 41.24, 1, '2022-10-01'),
(73, 0, 21, 1, '2022-10-01'),
(74, 0, 21, 1, '2022-10-01'),
(75, 0, 21, 1, '2022-10-01'),
(76, 0, 21, 1, '2022-10-01'),
(77, 0, 42.47, 1, '2022-10-01'),
(78, 0, 91.72, 1, '2022-10-01'),
(79, 0, 0, 1, '2022-10-01'),
(80, 0, 189.44, 1, '2022-10-01'),
(81, 0, 21, 1, '2022-10-01'),
(82, 0, 56, 1, '2022-10-01'),
(83, 0, 21, 1, '2022-10-01'),
(84, 0, 21, 1, '2022-10-01'),
(85, 0, 21, 1, '2022-10-01'),
(86, 0, 21, 1, '2022-10-01'),
(87, 0, 21, 1, '2022-10-01'),
(88, 0, 21, 1, '2022-10-01'),
(89, 0, 21, 1, '2022-10-01'),
(90, 0, 21, 1, '2022-10-01'),
(91, 0, 21, 1, '2022-10-01'),
(92, 0, 77, 1, '2022-10-01'),
(93, 0, 21, 1, '2022-10-01'),
(94, 0, 21, 1, '2022-10-01'),
(95, 0, 21, 1, '2022-10-01'),
(96, 0, 21, 1, '2022-11-12'),
(97, 0, 21, 1, '2022-11-12'),
(98, 0, 21, 1, '2022-11-12'),
(99, 0, 21, 1, '2022-11-12'),
(100, 0, 21, 1, '2022-11-12'),
(101, 0, 21, 1, '2022-11-12'),
(102, 0, 54.23, 1, '2022-11-12'),
(103, 0, 21, 1, '2022-11-12'),
(104, 0, 21, 1, '2022-11-12'),
(105, 0, 37.72, 1, '2022-11-12'),
(106, 0, 30.4, 1, '2022-11-12'),
(107, 0, 21, 1, '2022-11-12'),
(108, 0, 21, 1, '2022-11-12'),
(109, 0, 42.47, 1, '2022-11-12'),
(110, 0, 158.34, 1, '2022-11-12'),
(111, 0, 21, 1, '2022-11-12'),
(112, 0, 77, 1, '2022-11-12'),
(113, 0, 58.33, 1, '2022-11-12'),
(114, 0, 41.24, 1, '2022-11-12'),
(115, 0, 0, 1, '2022-11-12'),
(116, 0, 156.5, 1, '2022-11-12'),
(117, 0, 127, 1, '2022-11-12'),
(118, 0, 58.33, 1, '2022-11-12'),
(119, 0, 43, 1, '2022-11-12'),
(120, 113.5, 0, 1, '2022-11-12'),
(121, 0, 0, 1, '2022-11-12'),
(122, 0, 118.71, 1, '2022-11-12'),
(123, 0, 21, 1, '2022-11-12'),
(124, 0, 34.33, 1, '2022-11-12'),
(125, 0, 200, 1, '2022-11-12'),
(126, 0, 200, 1, '2022-11-12'),
(127, 0, 200, 1, '2022-11-12'),
(128, 0, 54.23, 1, '2022-12-03'),
(129, 0, 21, 1, '2022-12-03'),
(130, 0, 21, 1, '2022-12-03'),
(131, 0, 21, 1, '2022-12-03'),
(132, 0, 70.3, 1, '2022-12-03'),
(133, 0, 75, 1, '2022-12-03'),
(134, 0, 41.24, 1, '2022-12-03'),
(135, 0, 96.56, 1, '2022-12-03'),
(136, 0, 21, 1, '2022-12-03'),
(137, 0, 58.33, 1, '2022-12-03'),
(138, 0, 21, 1, '2022-12-03'),
(139, 0, 21, 1, '2022-12-03'),
(140, 0, 91.31, 1, '2022-12-03'),
(141, 0, 21, 1, '2022-12-03'),
(142, 0, 21, 1, '2022-12-03'),
(143, 118.71, 0, 1, '2022-12-03'),
(144, 0, 221, 1, '2022-12-03'),
(145, 0, 127, 1, '2022-12-03'),
(146, 0, 21, 1, '2022-12-03'),
(147, 0, 42.47, 1, '2022-12-03'),
(148, 0, 58.33, 1, '2022-12-03'),
(149, 0, 77, 1, '2022-12-03'),
(150, 0, 113.5, 1, '2022-12-03'),
(151, 0, 100, 1, '2022-12-03'),
(152, 1375, 0, 1, '2022-12-03'),
(153, 43, 0, 1, '2022-12-03'),
(154, 21, 0, 1, '2022-12-03'),
(155, 66, 0, 1, '2023-01-07'),
(156, 0, 21, 1, '2023-01-07'),
(157, 118.71, 0, 1, '2023-01-07'),
(158, 0, 95.45, 1, '2023-01-07'),
(159, 0, 242, 1, '2023-01-07'),
(160, 0, 21, 1, '2023-01-07'),
(161, 0, 54.23, 1, '2023-01-07'),
(162, 0, 43, 1, '2023-01-07'),
(163, 0, 43, 1, '2023-01-07'),
(164, 0, 21, 1, '2023-01-07'),
(165, 0, 175, 1, '2023-01-07'),
(166, 0, 41.24, 1, '2023-01-07'),
(167, 0, 69.45, 1, '2023-01-07'),
(168, 0, 250, 1, '2023-01-07'),
(169, 0, 58.33, 1, '2023-01-07'),
(170, 0, 42.47, 1, '2023-01-07'),
(171, 0, 21, 1, '2023-01-07'),
(172, 0, 21, 1, '2023-01-07'),
(173, 0, 48, 1, '2023-01-07'),
(174, 0, 267, 1, '2023-01-07'),
(175, 0, 0, 1, '2023-01-07'),
(176, 0, 241, 1, '2023-01-07'),
(177, 0, 21, 1, '2023-01-07'),
(178, 0, 21, 1, '2023-01-07'),
(179, 0, 21, 1, '2023-01-07'),
(180, 0, 21, 1, '2023-01-07'),
(181, 0, 241, 1, '2023-01-07'),
(182, 0, 82.67, 1, '2023-01-07'),
(183, 0, 95, 1, '2023-01-07'),
(184, 157.65, 0, 1, '2023-01-07'),
(185, 0, 21, 1, '2023-01-07'),
(186, 0, 52.5, 1, '2023-01-07'),
(187, 0, 241, 1, '2023-01-07'),
(188, 0, 128, 1, '2023-01-07'),
(189, 0, 43, 1, '2023-02-04'),
(190, 0, 120.99, 1, '2023-02-04'),
(191, 0, 21, 1, '2023-02-04'),
(192, 0, 21, 1, '2023-02-04'),
(193, 0, 21, 1, '2023-02-04'),
(194, 0, 65.99, 1, '2023-02-04'),
(195, 0, 21, 1, '2023-02-04'),
(196, 0, 21, 1, '2023-02-04'),
(197, 0, 187, 1, '2023-02-04'),
(198, 0, 54.23, 1, '2023-02-04'),
(199, 0, 262, 1, '2023-02-04'),
(200, 0, 21, 1, '2023-02-04'),
(201, 0, 21, 1, '2023-02-04'),
(202, 0, 21, 1, '2023-02-04'),
(203, 0, 21, 1, '2023-02-04'),
(204, 0, 21, 1, '2023-02-04'),
(205, 0, 153.6, 1, '2023-02-04'),
(206, 0, 21, 1, '2023-02-04'),
(207, 0, 21, 1, '2023-02-04'),
(208, 0, 58.33, 1, '2023-02-04'),
(209, 0, 65.99, 1, '2023-02-04'),
(210, 0, 128.5, 1, '2023-02-04'),
(211, 0, 21, 1, '2023-02-04'),
(212, 0, 21, 1, '2023-02-04'),
(213, 0, 21, 1, '2023-02-04'),
(214, 0, 124.33, 1, '2023-02-04'),
(215, 0, 73.5, 1, '2023-02-04'),
(216, 0, 95.45, 1, '2023-02-04'),
(217, 0, 128, 1, '2023-02-04'),
(218, 0, 21, 1, '2023-02-04'),
(219, 0, 48, 1, '2023-02-04'),
(220, 0, 21, 1, '2023-02-04'),
(221, 0, 21, 1, '2023-02-04'),
(222, 0, 1, 1, '2023-02-04'),
(223, 0, 1, 1, '2023-02-04'),
(224, 81.84, 0, 1, '2023-02-04'),
(225, 0, 21, 1, '2023-02-04'),
(226, 118.71, 0, 1, '2023-02-04'),
(227, 81, 0, 1, '2023-03-04'),
(228, 0, 21, 1, '2023-03-04'),
(229, 0, 21, 1, '2023-03-04'),
(230, 0, 21, 1, '2023-03-04'),
(231, 0, 21, 1, '2023-03-04'),
(232, 0, 21, 1, '2023-03-04'),
(233, 0, 54.23, 1, '2023-03-04'),
(234, 0, 91.66, 1, '2023-03-04'),
(235, 0, 125, 1, '2023-03-04'),
(236, 0, 21, 1, '2023-03-04'),
(237, 0, 21, 1, '2023-03-04'),
(238, 0, 124.33, 1, '2023-03-04'),
(239, 21, 0, 1, '2023-03-04'),
(240, 0, 21, 1, '2023-03-04'),
(241, 0, 21, 1, '2023-03-04'),
(242, 0, 92, 1, '2023-03-04'),
(243, 0, 101.66, 1, '2023-03-04'),
(244, 0, 21, 1, '2023-03-04'),
(245, 0, 65.19, 1, '2023-03-04'),
(246, 0, 21, 1, '2023-03-04'),
(247, 0, 93.23, 1, '2023-03-04'),
(248, 0, 21, 1, '2023-03-04'),
(249, 0, 21, 1, '2023-03-04'),
(250, 0, 48, 1, '2023-03-04'),
(251, 0, 21, 1, '2023-03-04'),
(252, 0, 65.19, 1, '2023-03-04'),
(253, 0, 21, 1, '2023-03-04'),
(254, 0, 91.66, 1, '2023-03-04'),
(255, 0, 21, 1, '2023-03-04'),
(256, 21, 0, 1, '2023-03-04'),
(257, 118.71, 0, 1, '2023-03-04'),
(258, 0, 21, 1, '2023-03-04'),
(259, 43, 0, 1, '2023-03-04'),
(260, 95, 0, 1, '2023-03-04'),
(261, 0, 122.66, 1, '2023-04-01'),
(262, 0, 21, 1, '2023-04-01'),
(263, 0, 63.38, 1, '2023-04-01'),
(264, 0, 72.5, 1, '2023-04-01'),
(265, 21, 0, 1, '2023-04-01'),
(266, 21, 0, 1, '2023-04-01'),
(267, 21, 0, 1, '2023-04-01'),
(268, 0, 143, 1, '2023-04-01'),
(269, 0, 21, 1, '2023-04-01'),
(270, 0, 21, 1, '2023-04-01'),
(271, 0, 48, 1, '2023-04-01'),
(272, 0, 54.23, 1, '2023-04-01'),
(273, 0, 21, 1, '2023-04-01'),
(274, 0, 21, 1, '2023-04-01'),
(275, 0, 21, 1, '2023-04-01'),
(276, 0, 21, 1, '2023-04-01'),
(277, 0, 21, 1, '2023-04-01'),
(278, 0, 304, 1, '2023-04-01'),
(279, 0, 21, 1, '2023-04-01'),
(280, 0, 145, 1, '2023-04-01'),
(281, 0, 21, 1, '2023-04-01'),
(282, 0, 21, 1, '2023-04-01'),
(283, 0, 160, 1, '2023-04-01'),
(284, 0, 91, 1, '2023-04-01'),
(285, 0, 92.12, 1, '2023-04-01'),
(286, 0, 64.38, 1, '2023-04-01'),
(287, 0, 43, 1, '2023-04-01'),
(288, 0, 21, 1, '2023-04-01'),
(289, 0, 21, 1, '2023-04-01'),
(290, 21, 0, 1, '2023-04-01'),
(291, 118.71, 0, 1, '2023-04-01'),
(292, 94, 0, 1, '2023-04-01'),
(293, 80.17, 0, 1, '2023-04-01'),
(294, 21, 0, 1, '2023-04-01'),
(295, 21, 0, 1, '2023-04-01'),
(296, 21, 0, 1, '2023-04-01'),
(297, 63.58, 0, 1, '2023-05-06'),
(298, 21, 0, 1, '2023-05-06'),
(299, 21, 0, 1, '2023-05-06'),
(300, 21, 0, 1, '2023-05-06'),
(301, 93, 0, 1, '2023-05-06'),
(302, 0, 21, 1, '2023-05-06'),
(303, 0, 21, 1, '2023-05-06'),
(304, 0, 177, 1, '2023-05-06'),
(305, 0, 149.68, 1, '2023-05-06'),
(306, 0, 63.58, 1, '2023-05-06'),
(307, 0, 21, 1, '2023-05-06'),
(308, 0, 21, 1, '2023-05-06'),
(309, 0, 0, 1, '2023-05-05'),
(310, 92.25, 0, 1, '2023-05-06'),
(311, 121, 0, 1, '2023-05-06'),
(312, 21, 0, 1, '2023-05-06'),
(313, 0, 21, 1, '2023-05-06'),
(314, 0, 22, 1, '2023-05-06'),
(315, 0, 21, 1, '2023-05-06'),
(316, 0, 21, 1, '2023-05-06'),
(317, 0, 21, 1, '2023-05-06'),
(318, 0, 143, 1, '2023-05-06'),
(319, 0, 21, 1, '2023-05-06'),
(320, 0, 21, 1, '2023-05-06'),
(321, 0, 91, 1, '2023-05-06'),
(322, 0, 80.34, 1, '2023-05-06'),
(323, 0, 21, 1, '2023-05-06'),
(324, 0, 158, 1, '2023-05-06'),
(325, 0, 77, 1, '2023-05-06'),
(326, 0, 21, 1, '2023-05-06'),
(327, 0, 21, 1, '2023-05-06'),
(328, 0, 21, 1, '2023-05-06'),
(329, 0, 22, 1, '2023-05-06'),
(330, 0, 21, 1, '2023-05-06'),
(331, 870.99, 0, 1, '2023-05-06'),
(332, 0, 188, 1, '2023-05-06'),
(333, 0, 119.33, 1, '2023-05-06'),
(334, 21, 0, 1, '2023-05-06'),
(335, 118.71, 0, 1, '2023-05-06'),
(336, 21, 0, 1, '2023-05-06'),
(337, 109, 0, 1, '2023-06-03'),
(338, 92, 0, 1, '2023-06-03'),
(339, 21, 0, 1, '2023-06-03'),
(340, 0, 141, 1, '2023-06-03'),
(341, 0, 21, 1, '2023-06-03'),
(342, 0, 21, 1, '2023-06-03'),
(343, 0, 21, 1, '2023-06-03'),
(344, 0, 21, 1, '2023-06-03'),
(345, 0, 21, 1, '2023-06-03'),
(346, 21, 0, 1, '2023-06-03'),
(347, 91, 0, 1, '2023-06-03'),
(348, 119.33, 0, 1, '2023-06-03'),
(349, 21, 0, 1, '2023-06-03'),
(350, 21, 0, 1, '2023-06-03'),
(351, 72.67, 0, 1, '2023-06-03'),
(352, 62.78, 0, 1, '2023-06-03'),
(353, 21, 0, 1, '2023-06-03'),
(354, 0, 21, 1, '2023-06-03'),
(355, 0, 107.67, 1, '2023-06-03'),
(356, 0, 21, 1, '2023-06-03'),
(357, 0, 21, 1, '2023-06-03'),
(358, 0, 21, 1, '2023-06-03'),
(359, 0, 124.33, 1, '2023-06-03'),
(360, 0, 71, 1, '2023-06-03'),
(361, 0, 22, 1, '2023-06-03'),
(362, 0, 88, 1, '2023-06-03'),
(363, 0, 77, 1, '2023-06-03'),
(364, 0, 688.68, 1, '2023-06-03'),
(365, 21, 0, 1, '2023-06-03'),
(366, 21, 0, 1, '2023-06-03'),
(367, 89.89, 0, 1, '2023-06-03'),
(368, 21, 0, 1, '2023-06-03'),
(369, 21, 0, 1, '2023-06-03'),
(370, 107.67, 0, 1, '2023-06-03'),
(371, 21, 0, 1, '2023-07-01'),
(372, 91, 0, 1, '2023-07-01'),
(373, 43, 0, 1, '2023-07-01'),
(374, 0, 88.78, 1, '2023-07-01'),
(375, 0, 21, 1, '2023-07-01'),
(376, 0, 21, 1, '2023-07-01'),
(377, 0, 21, 1, '2023-07-01'),
(378, 89.75, 0, 1, '2023-07-01'),
(379, 117.66, 0, 1, '2023-07-01'),
(380, 21, 0, 1, '2023-07-01'),
(381, 71.84, 0, 1, '2023-07-01'),
(382, 0, 21, 1, '2023-07-01'),
(383, 0, 21, 1, '2023-07-01'),
(384, 0, 61.97, 1, '2023-07-01'),
(385, 0, 21, 1, '2023-07-01'),
(386, 0, 139, 1, '2023-07-01'),
(387, 0, 106.34, 1, '2023-07-01'),
(388, 0, 21, 1, '2023-07-01'),
(389, 0, 21, 1, '2023-07-01'),
(390, 0, 122.66, 1, '2023-07-01'),
(391, 0, 21, 1, '2023-07-01'),
(392, 0, 70.17, 1, '2023-07-01'),
(393, 0, 75.86, 1, '2023-07-01'),
(394, 0, 21, 1, '2023-07-01'),
(395, 0, 21, 1, '2023-07-01'),
(396, 0, 21, 1, '2023-07-01'),
(397, 0, 21, 1, '2023-07-01'),
(398, 107.4, 0, 1, '2023-07-01'),
(399, 0, 43, 1, '2023-07-01'),
(400, 0, 21, 1, '2023-07-01'),
(401, 0, 77, 1, '2023-07-01'),
(402, 95, 0, 1, '2023-07-01'),
(403, 169.68, 0, 1, '2023-07-01'),
(404, 0, 21, 1, '2023-07-01'),
(405, 0, 43, 1, '2023-07-01'),
(406, 0, 98.99, 1, '2023-07-01'),
(407, 21, 0, 1, '2023-07-01'),
(408, 1221, 0, 1, '2023-07-01'),
(409, 954.33, 0, 1, '2023-07-01'),
(410, 105.8, 0, 1, '2023-08-05'),
(411, 21, 0, 1, '2023-08-04'),
(412, 105, 0, 1, '2023-08-04'),
(413, 90, 0, 1, '2023-08-04'),
(414, 21, 0, 1, '2023-08-04'),
(415, 21, 0, 1, '2023-08-04'),
(416, 271, 0, 1, '2023-08-05'),
(417, 604.31, 0, 1, '2023-08-05'),
(418, 0, 34, 1, '2023-08-05'),
(419, 0, 21, 1, '2023-08-05'),
(420, 0, 21, 1, '2023-08-05'),
(421, 0, 58.33, 1, '2023-08-05'),
(422, 0, 21, 1, '2023-08-05'),
(423, 0, 121, 1, '2023-08-05'),
(424, 0, 87.67, 1, '2023-08-05'),
(425, 0, 21, 1, '2023-08-05'),
(426, 0, 21, 1, '2023-08-05'),
(427, 0, 77, 1, '2023-08-05'),
(428, 0, 124.33, 1, '2023-08-05'),
(429, 0, 21, 1, '2023-08-05'),
(430, 0, 21, 1, '2023-08-05'),
(431, 69.34, 0, 1, '2023-08-05'),
(432, 75, 0, 1, '2023-08-05'),
(433, 0, 21, 1, '2023-08-05'),
(434, 0, 137, 1, '2023-08-05'),
(435, 0, 21, 1, '2023-08-05'),
(436, 0, 71, 1, '2023-08-05'),
(437, 0, 21, 1, '2023-08-05'),
(438, 0, 101, 1, '2023-08-05'),
(439, 0, 1, 1, '2023-08-05'),
(440, 21, 0, 1, '2023-08-05'),
(441, 0, 21, 1, '2023-08-05'),
(442, 0, 21, 1, '2023-08-05'),
(443, 74, 0, 1, '2023-08-05'),
(444, 81, 0, 1, '2023-08-05'),
(445, 21, 0, 1, '2023-08-05'),
(446, 0, 1, 1, '2023-08-05'),
(447, 22, 0, 1, '2023-08-05'),
(448, 22, 0, 1, '2023-08-05'),
(449, 21, 0, 1, '2023-09-02'),
(450, 104.2, 0, 1, '2023-09-02'),
(451, 21, 0, 1, '2023-09-02'),
(452, 21, 0, 1, '2023-09-02'),
(453, 89, 0, 1, '2023-09-02'),
(454, 21, 0, 1, '2023-09-02'),
(455, 21, 0, 1, '2023-09-02'),
(456, 21, 0, 1, '2023-09-02'),
(457, 227.67, 0, 1, '2023-09-02'),
(458, 21, 0, 1, '2023-09-02'),
(459, 70.17, 0, 1, '2023-09-02'),
(460, 0, 126, 1, '2023-09-02'),
(461, 0, 21, 1, '2023-09-02'),
(462, 0, 74.15, 1, '2023-09-02'),
(463, 0, 68.5, 1, '2023-09-02'),
(464, 0, 43, 1, '2023-09-02'),
(465, 0, 43, 1, '2023-09-02'),
(466, 0, 21, 1, '2023-09-02'),
(467, 0, 21, 1, '2023-09-02'),
(468, 0, 86.56, 1, '2023-09-02'),
(469, 0, 21, 1, '2023-09-02'),
(470, 0, 135, 1, '2023-09-02'),
(471, 0, 87, 1, '2023-09-02'),
(472, 0, 21, 1, '2023-09-02'),
(473, 0, 21, 1, '2023-09-02'),
(474, 80.17, 0, 1, '2023-09-02'),
(475, 74, 0, 1, '2023-09-02'),
(476, 21, 0, 1, '2023-09-02'),
(477, 242.67, 0, 1, '2023-09-02'),
(478, 0, 83.11, 1, '2023-09-02'),
(479, 0, 119.33, 1, '2023-09-02'),
(480, 0, 21, 1, '2023-09-02'),
(481, 0, 21, 1, '2023-09-02'),
(482, 0, 21, 1, '2023-09-02'),
(483, 0, 1, 1, '2023-09-02'),
(484, 0, 21, 1, '2023-09-02'),
(485, 103.67, 0, 1, '2023-09-02'),
(486, 0, 251.02, 1, '2023-09-02'),
(487, 0, 1, 1, '2023-09-02'),
(488, 0, 1, 1, '2023-09-02'),
(489, 122.66, 0, 1, '2023-09-02'),
(490, 0, 7, 1, '2023-09-02'),
(491, 22, 0, 1, '2023-09-02'),
(492, 102.6, 0, 1, '2023-10-07'),
(493, 238.34, 0, 1, '2023-10-07'),
(494, 88, 0, 1, '2023-10-07'),
(495, 21, 0, 1, '2023-10-07'),
(496, 0, 21, 1, '2023-10-07'),
(497, 0, 21, 1, '2023-10-07'),
(498, 0, 73.29, 1, '2023-10-07'),
(499, 0, 168.33, 1, '2023-10-07'),
(500, 0, 21, 1, '2023-10-07'),
(501, 0, 133, 1, '2023-10-07'),
(502, 0, 21, 1, '2023-10-07'),
(503, 0, 21, 1, '2023-10-07'),
(504, 0, 21, 1, '2023-10-07'),
(505, 0, 85.45, 1, '2023-10-07'),
(506, 0, 21, 1, '2023-10-07'),
(507, 0, 117.66, 1, '2023-10-07'),
(508, 361.03, 0, 1, '2023-10-07'),
(509, 21, 0, 1, '2023-10-07'),
(510, 224.34, 0, 1, '2023-10-07'),
(511, 21, 0, 1, '2023-10-07'),
(512, 21, 0, 1, '2023-10-07'),
(513, 102.33, 0, 1, '2023-10-07'),
(514, 21, 0, 1, '2023-10-07'),
(515, 0, 79.34, 1, '2023-10-07'),
(516, 0, 74, 1, '2023-10-07'),
(517, 21, 0, 1, '2023-10-07'),
(518, 0, 86, 1, '2023-10-07'),
(519, 0, 21, 1, '2023-10-07'),
(520, 0, 124.5, 1, '2023-10-07'),
(521, 0, 101.17, 1, '2023-10-07'),
(522, 0, 21, 1, '2023-10-07'),
(523, 0, 21, 1, '2023-10-07'),
(524, 121, 0, 1, '2023-10-07'),
(525, 107.67, 0, 1, '2023-10-07'),
(526, 21, 0, 1, '2023-10-07'),
(527, 81.89, 0, 1, '2023-10-07'),
(528, 0, 500, 1, '2023-10-07'),
(529, 234, 0, 1, '2023-11-11'),
(530, 87, 0, 1, '2023-11-11'),
(531, 72.33, 0, 1, '2023-11-11'),
(532, 165.06, 0, 1, '2023-11-11'),
(533, 51.43, 0, 1, '2023-11-11'),
(534, 21, 0, 1, '2023-11-11'),
(535, 21, 0, 1, '2023-11-11'),
(536, 0, 21, 1, '2023-11-11'),
(537, 0, 116, 1, '2023-11-11'),
(538, 0, 84.34, 1, '2023-11-11'),
(539, 0, 21, 1, '2023-11-11'),
(540, 0, 21, 1, '2023-11-11'),
(541, 0, 21, 1, '2023-11-11'),
(542, 0, 21, 1, '2023-11-11'),
(543, 21, 0, 1, '2023-11-11'),
(544, 21, 0, 1, '2023-11-11'),
(545, 21, 0, 1, '2023-11-11'),
(546, 21, 0, 1, '2023-11-11'),
(547, 221, 0, 1, '2023-11-11'),
(548, 21, 0, 1, '2023-11-11'),
(549, 21, 0, 1, '2023-11-11'),
(550, 0, 21, 1, '2023-11-11'),
(551, 0, 1, 1, '2023-11-11'),
(552, 0, 21, 1, '2023-11-11'),
(553, 21, 0, 1, '2023-11-11'),
(554, 100.09, 0, 1, '2023-11-11'),
(555, 0, 85, 1, '2023-11-11'),
(556, 0, 1398, 1, '2023-11-11'),
(557, 0, 21, 1, '2023-11-11'),
(558, 119.33, 0, 1, '2023-11-11'),
(559, 0, 134.33, 1, '2023-11-11'),
(560, 0, 21, 1, '2023-11-11'),
(561, 0, 21, 1, '2023-11-11'),
(562, 0, 21, 1, '2023-11-11'),
(563, 0, 80.67, 1, '2023-11-11'),
(564, 21, 0, 1, '2023-11-11'),
(565, 0, 78.5, 1, '2023-11-11'),
(566, 0, 74, 1, '2023-11-11'),
(567, 0, 85.34, 1, '2023-11-11'),
(568, 0, 650, 1, '2023-11-11'),
(569, 21, 0, 1, '2023-11-11'),
(570, 0, 43, 1, '2023-11-11'),
(571, 71.16, 0, 1, '2023-12-09'),
(572, 229.67, 0, 1, '2023-12-09'),
(573, 91.43, 0, 1, '2023-12-09'),
(574, 86, 0, 1, '2023-12-09'),
(575, 206.34, 0, 1, '2023-12-09'),
(576, 21, 0, 1, '2023-12-09'),
(577, 21, 0, 1, '2023-12-09'),
(578, 0, 21, 1, '2023-12-09'),
(579, 0, 132.66, 1, '2023-12-09'),
(580, 0, 21, 1, '2023-12-09'),
(581, 0, 114.33, 1, '2023-12-09'),
(582, 0, 21, 1, '2023-12-09'),
(583, 0, 21, 1, '2023-12-09'),
(584, 0, 21, 1, '2023-12-09'),
(585, 0, 120.67, 1, '2023-12-09'),
(586, 217.67, 0, 1, '2023-12-09'),
(587, 21, 0, 1, '2023-12-09'),
(588, 21, 0, 1, '2023-12-09'),
(589, 21, 0, 1, '2023-12-09'),
(590, 0, 21, 1, '2023-12-09'),
(591, 0, 21, 1, '2023-12-09'),
(592, 0, 21, 1, '2023-12-09'),
(593, 0, 21, 1, '2023-12-09'),
(594, 0, 21, 1, '2023-12-09'),
(595, 0, 21, 1, '2023-12-09'),
(596, 0, 83.23, 1, '2023-12-09'),
(597, 0, 74, 1, '2023-12-09'),
(598, 0, 77.67, 1, '2023-12-09'),
(599, 163.8, 0, 1, '2023-12-09'),
(600, 71.57, 0, 1, '2023-12-09'),
(601, 21, 0, 1, '2023-12-09'),
(602, 21, 0, 1, '2023-12-09'),
(603, 99, 0, 1, '2023-12-09'),
(604, 0, 117.66, 1, '2023-12-09'),
(605, 84, 0, 1, '2023-12-09'),
(606, 0, 1, 1, '2023-12-09'),
(607, 21, 0, 1, '2023-12-09'),
(608, 21, 0, 1, '2023-12-09'),
(609, 709.31, 0, 1, '2023-12-09'),
(610, 21, 0, 1, '2024-01-06'),
(611, 70, 0, 1, '2024-01-06'),
(612, 21, 0, 1, '2024-01-06'),
(613, 225.34, 0, 1, '2024-01-06'),
(614, 85, 0, 1, '2024-01-06'),
(615, 124.33, 0, 1, '2024-01-06'),
(616, 97.92, 0, 1, '2024-01-06'),
(617, 0, 21, 1, '2024-01-06'),
(618, 0, 21, 1, '2024-01-06'),
(619, 0, 21, 1, '2024-01-06'),
(620, 0, 119.14, 1, '2024-01-06'),
(621, 0, 43, 1, '2024-01-06'),
(622, 103.67, 0, 1, '2024-01-06'),
(623, 21, 0, 1, '2024-01-06'),
(624, 0, 20, 1, '2024-01-06'),
(625, 24, 0, 1, '2024-01-06'),
(626, 0, 184.77, 1, '2024-01-06'),
(627, 370.7, 0, 1, '2024-01-06'),
(628, 0, 161.53, 1, '2024-01-06'),
(629, 0, 21, 1, '2024-01-06'),
(630, 0, 21, 1, '2024-01-06'),
(631, 0, 98.34, 1, '2024-01-06'),
(632, 0, 21, 1, '2024-01-06'),
(633, 0, 21, 1, '2024-01-06'),
(634, 0, 82.12, 1, '2024-01-06'),
(635, 0, 112.66, 1, '2024-01-06'),
(636, 0, 21, 1, '2024-01-06'),
(637, 0, 223.16, 1, '2024-01-06'),
(638, 21, 0, 1, '2024-01-06'),
(639, 214.34, 0, 1, '2024-01-06'),
(640, 21, 0, 1, '2024-01-06'),
(641, 21, 0, 1, '2024-01-06'),
(642, 21, 0, 1, '2024-01-06'),
(643, 616.02, 0, 1, '2024-01-06'),
(644, 0, 21, 1, '2024-01-06'),
(645, 0, 131, 1, '2024-01-06'),
(646, 0, 43, 1, '2024-01-06'),
(647, 0, 43, 1, '2024-01-06'),
(648, 0, 326.65, 1, '2024-01-06'),
(649, 0, 109, 1, '2024-01-06'),
(650, 21, 0, 1, '2024-01-06'),
(651, 0, 1, 1, '2024-01-06'),
(652, 126.41, 0, 1, '2024-01-06'),
(653, 74, 0, 1, '2024-01-06'),
(654, 493, 0, 1, '2024-01-06'),
(655, 159.26, 0, 1, '2024-02-03'),
(656, 424, 0, 1, '2024-02-03'),
(657, 84, 0, 1, '2024-02-03'),
(658, 185.71, 0, 1, '2024-02-03'),
(659, 122.66, 0, 1, '2024-02-03'),
(660, 97, 0, 1, '2024-02-03'),
(661, 68.83, 0, 1, '2024-02-03'),
(662, 21, 0, 1, '2024-02-03'),
(663, 21, 0, 1, '2024-02-03'),
(664, 21, 0, 1, '2024-02-03'),
(665, 96.84, 0, 1, '2024-02-03'),
(666, 21, 0, 1, '2024-02-03'),
(667, 21, 0, 1, '2024-02-03'),
(668, 21, 0, 1, '2024-02-03'),
(669, 21, 0, 1, '2024-02-03'),
(670, 21, 0, 1, '2024-02-03'),
(671, 21, 0, 1, '2024-02-03'),
(672, 0, 111, 1, '2024-02-03'),
(673, 0, 21, 1, '2024-02-03'),
(674, 0, 124.33, 1, '2024-02-03'),
(675, 0, 21, 1, '2024-02-03'),
(676, 0, 21, 1, '2024-02-03'),
(677, 0, 21, 1, '2024-02-03'),
(678, 0, 81.34, 1, '2024-02-03'),
(679, 0, 1, 1, '2024-02-03'),
(680, 0, 83, 1, '2024-02-03'),
(681, 0, 129.33, 1, '2024-02-03'),
(682, 0, 21, 1, '2024-02-03'),
(683, 0, 21, 1, '2024-02-03'),
(684, 211, 0, 1, '2024-02-03'),
(685, 21, 0, 1, '2024-02-03'),
(686, 21, 0, 1, '2024-02-03'),
(687, 874, 0, 1, '2024-02-03'),
(688, 0, 21, 1, '2024-02-03'),
(689, 0, 21, 1, '2024-02-03'),
(690, 0, 21, 1, '2024-02-03'),
(691, 0, 124.98, 1, '2024-02-03'),
(692, 0, 77, 1, '2024-02-03'),
(693, 21, 0, 1, '2024-02-03'),
(694, 21, 0, 1, '2024-02-03'),
(695, 117.6, 0, 1, '2024-02-03'),
(696, 21, 0, 1, '2024-02-03'),
(697, 87, 0, 1, '2024-02-03'),
(698, 21, 0, 1, '2024-02-03'),
(699, 21, 0, 1, '2024-02-03'),
(700, 121, 0, 1, '2024-03-02'),
(701, 21, 0, 1, '2024-03-02'),
(702, 21, 0, 1, '2024-03-02'),
(703, 21, 0, 1, '2024-03-02'),
(704, 83, 0, 1, '2024-03-02'),
(705, 96.56, 0, 1, '2024-03-02'),
(706, 21, 0, 1, '2024-03-02'),
(707, 122.66, 0, 1, '2024-03-02'),
(708, 43, 0, 1, '2024-03-02'),
(709, 0, 116.07, 1, '2024-03-02'),
(710, 0, 157, 1, '2024-03-02'),
(711, 0, 21, 1, '2024-03-02'),
(712, 0, 21, 1, '2024-03-02'),
(713, 0, 21, 1, '2024-03-02'),
(714, 0, 21, 1, '2024-03-02'),
(715, 0, 21, 1, '2024-03-02'),
(716, 0, 21, 1, '2024-03-02'),
(717, 0, 21, 1, '2024-03-02'),
(718, 0, 207.67, 1, '2024-03-02'),
(719, 0, 21, 1, '2024-03-02'),
(720, 0, 21, 1, '2024-03-02'),
(721, 0, 21, 1, '2024-03-02'),
(722, 0, 109.33, 1, '2024-03-02'),
(723, 428.97, 0, 1, '2024-03-02'),
(724, 21, 0, 1, '2024-03-02'),
(725, 21, 0, 1, '2024-03-02'),
(726, 101, 0, 1, '2024-03-02'),
(727, 0, 82, 1, '2024-03-02'),
(728, 0, 127.66, 1, '2024-03-02'),
(729, 0, 21, 1, '2024-03-02'),
(730, 0, 21, 1, '2024-03-02'),
(731, 0, 4, 1, '2024-03-02'),
(732, 95.75, 0, 1, '2024-03-02'),
(733, 416, 0, 1, '2024-03-05'),
(734, 21, 0, 1, '2024-03-02'),
(735, 21, 0, 1, '2024-03-02'),
(736, 95.45, 0, 1, '2024-04-06'),
(737, 21, 0, 1, '2024-04-06'),
(738, 119.33, 0, 1, '2024-04-06'),
(739, 82, 0, 1, '2024-04-06'),
(740, 21, 0, 1, '2024-04-06'),
(741, 21, 0, 1, '2024-04-06'),
(742, 0, 121, 1, '2024-04-06'),
(743, 0, 21, 1, '2024-04-06'),
(744, 0, 107.66, 1, '2024-04-06'),
(745, 0, 156.44, 1, '2024-04-06'),
(746, 22, 0, 1, '2024-04-06'),
(747, 0, 21, 1, '2024-04-06'),
(748, 99.67, 0, 1, '2024-04-06'),
(749, 144.33, 0, 1, '2024-04-06'),
(750, 0, 43, 1, '2024-04-06'),
(751, 0, 114.54, 1, '2024-04-06'),
(752, 0, 21, 1, '2024-04-06'),
(753, 0, 21, 1, '2024-04-06'),
(754, 0, 43, 1, '2024-04-06'),
(755, 0, 21, 1, '2024-04-06'),
(756, 21, 0, 1, '2024-04-06'),
(757, 21, 0, 1, '2024-04-06'),
(758, 21, 0, 1, '2024-04-06'),
(759, 77, 0, 1, '2024-04-06'),
(760, 204.34, 0, 1, '2024-04-06'),
(761, 21, 0, 1, '2024-04-06'),
(762, 21, 0, 1, '2024-04-06'),
(763, 21, 0, 1, '2024-04-06'),
(764, 0, 21, 1, '2024-04-06'),
(765, 0, 1020, 1, '2024-04-06'),
(766, 0, 1, 1, '2024-04-06'),
(767, 0, 123.33, 1, '2024-04-06'),
(768, 0, 21, 1, '2024-04-06'),
(769, 0, 21, 1, '2024-04-06'),
(770, 0, 154.73, 1, '2024-04-06'),
(771, 0, 43, 1, '2024-04-06'),
(772, 0, 81, 1, '2024-04-06'),
(773, 0, 126, 1, '2024-04-06'),
(774, 123.33, 0, 1, '2024-04-06'),
(775, 63, 0, 1, '2024-04-06'),
(776, 43, 0, 1, '2024-04-08'),
(777, 429, 0, 1, '2024-04-08'),
(778, 511.01, 0, 1, '2024-04-08'),
(779, 1, 0, 1, '2024-04-08'),
(780, 210.81, 0, 1, '2024-04-11'),
(781, 253.32, 0, 1, '2024-04-11'),
(782, 1, 0, 1, '2024-04-11'),
(783, 0, 945.82, 1, '2024-05-11'),
(784, 0, 106.04, 1, '2024-05-11'),
(785, 0, 21, 1, '2024-05-11'),
(786, 0, 1, 1, '2024-05-11'),
(787, 21, 0, 1, '2024-05-11'),
(788, 98.34, 0, 1, '2024-05-11'),
(789, 21, 0, 1, '2024-05-11'),
(790, 21, 0, 1, '2024-05-11'),
(791, 0, 94.34, 1, '2024-05-11'),
(792, 0, 72.23, 1, '2024-05-11'),
(793, 117.66, 0, 1, '2024-05-11'),
(794, 21, 0, 1, '2024-05-11'),
(795, 201, 0, 1, '2024-05-11'),
(796, 77, 0, 1, '2024-05-11'),
(797, 21, 0, 1, '2024-05-11'),
(798, 142.66, 0, 1, '2024-05-11'),
(799, 21, 0, 1, '2024-05-11'),
(800, 0, 113, 1, '2024-05-11'),
(801, 0, 21, 1, '2024-05-11'),
(802, 0, 21, 1, '2024-05-11'),
(803, 81, 0, 1, '2024-05-11'),
(804, 0, 43, 1, '2024-05-11'),
(805, 121.66, 0, 1, '2024-05-11'),
(806, 142.66, 0, 1, '2024-05-11'),
(807, 0, 119.33, 1, '2024-05-11'),
(808, 95, 0, 1, '2024-05-11'),
(809, 21, 0, 1, '2024-05-11'),
(810, 173.68, 0, 1, '2024-05-11'),
(811, 0, 21, 1, '2024-05-11'),
(812, 0, 21, 1, '2024-05-11'),
(813, 0, 21, 1, '2024-05-11'),
(814, 0, 21, 1, '2024-05-11'),
(815, 0, 120.71, 1, '2024-05-11'),
(816, 0, 21, 1, '2024-05-11'),
(817, 120, 0, 1, '2024-05-11'),
(818, 0, 21, 1, '2024-05-11'),
(819, 0, 21, 1, '2024-05-11'),
(820, 0, 1, 1, '2024-05-11'),
(821, 0, 80, 1, '2024-05-11'),
(822, 0, 124.33, 1, '2024-05-11'),
(823, 0, 1, 1, '2024-05-11'),
(824, 400, 0, 1, '2024-05-11'),
(825, 73.33, 0, 1, '2024-05-13'),
(826, 21, 0, 1, '2024-06-01'),
(827, 21, 0, 1, '2024-06-01'),
(828, 0, 92.5, 1, '2024-06-01'),
(829, 0, 92.12, 1, '2024-06-01'),
(830, 0, 21, 1, '2024-06-01'),
(831, 0, 21, 1, '2024-06-01'),
(832, 0, 21, 1, '2024-06-01'),
(833, 0, 124.33, 1, '2024-06-01'),
(834, 0, 21, 1, '2024-06-01'),
(835, 0, 21, 1, '2024-06-01'),
(836, 0, 21, 1, '2024-06-01'),
(837, 0, 111.47, 1, '2024-06-01'),
(838, 0, 117.66, 1, '2024-06-01'),
(839, 0, 114.5, 1, '2024-06-01'),
(840, 0, 134.33, 1, '2024-06-01'),
(841, 0, 122.66, 1, '2024-06-01'),
(842, 0, 21, 1, '2024-06-01'),
(843, 0, 21, 1, '2024-06-01'),
(844, 141, 0, 1, '2024-06-01'),
(845, 21, 0, 1, '2024-06-01'),
(846, 197.67, 0, 1, '2024-06-01'),
(847, 21, 0, 1, '2024-06-01'),
(848, 77, 0, 1, '2024-06-01'),
(849, 21, 0, 1, '2024-06-01'),
(850, 21, 0, 1, '2024-06-01'),
(851, 116, 0, 1, '2024-06-01'),
(852, 21, 0, 1, '2024-06-01'),
(853, 21, 0, 1, '2024-06-01'),
(854, 21, 0, 1, '2024-06-01'),
(855, 21, 0, 1, '2024-06-01'),
(856, 21, 0, 1, '2024-06-01'),
(857, 144.51, 0, 1, '2024-06-01'),
(858, 80, 0, 1, '2024-06-01'),
(859, 813.47, 0, 1, '2024-06-01'),
(860, 476.97, 0, 1, '2024-06-01'),
(861, 118.33, 0, 1, '2024-06-01'),
(862, 141, 0, 1, '2024-06-01'),
(863, 120, 0, 1, '2024-06-01'),
(864, 224, 0, 1, '2024-06-01'),
(865, 94, 0, 1, '2024-06-01'),
(866, 368.58, 0, 1, '2024-06-11'),
(867, 114.33, 0, 1, '2024-07-05'),
(868, 93, 0, 1, '2024-07-05'),
(869, 1435.03, 0, 1, '2024-07-05'),
(870, 144.33, 0, 1, '2024-07-05'),
(871, 21, 0, 1, '2024-07-05'),
(872, 0, 192.11, 1, '2024-07-06'),
(873, 21, 0, 1, '2024-07-06'),
(874, 220, 0, 1, '2024-07-06'),
(875, 21, 0, 1, '2024-07-06'),
(876, 21, 0, 1, '2024-07-06'),
(877, 0, 121, 1, '2024-07-06'),
(878, 0, 132.66, 1, '2024-07-06'),
(879, 0, 21, 1, '2024-07-06'),
(880, 0, 21, 1, '2024-07-06'),
(881, 0, 116, 1, '2024-07-06'),
(882, 0, 21, 1, '2024-07-06'),
(883, 0, 58.78, 1, '2024-07-06'),
(884, 139.33, 0, 1, '2024-07-06'),
(885, 21, 0, 1, '2024-07-06'),
(886, 21, 0, 1, '2024-07-06'),
(887, 360.97, 0, 1, '2024-07-06'),
(888, 98, 0, 1, '2024-07-06'),
(889, 21, 0, 1, '2024-07-06'),
(890, 43, 0, 1, '2024-07-06'),
(891, 116.66, 0, 1, '2024-07-06'),
(892, 91.25, 0, 1, '2024-07-06'),
(893, 123, 0.33, 1, '2024-07-06'),
(894, 0, 21, 1, '2024-07-06'),
(895, 0, 21, 1, '2024-07-06'),
(896, 0, 21, 1, '2024-07-06'),
(897, 0, 65, 1, '2024-07-06'),
(898, 0, 72, 1, '2024-07-06'),
(899, 0, 21, 1, '2024-07-06'),
(900, 0, 139.33, 1, '2024-07-06'),
(901, 0, 118.33, 1, '2024-07-06'),
(902, 0, 21, 1, '2024-07-06'),
(903, 0, 91, 1, '2024-07-06'),
(904, 0, 43, 1, '2024-07-06'),
(905, 0, 21, 1, '2024-07-06'),
(906, 0, 122.66, 1, '2024-07-06'),
(907, 0, 21, 1, '2024-07-06'),
(908, 79, 0, 1, '2024-07-06'),
(909, 21, 0, 1, '2024-07-06'),
(910, 0, 626.58, 1, '2024-07-06'),
(911, 0, 1, 1, '2024-07-06'),
(912, 0, 1, 1, '2024-07-06'),
(913, 0, 1, 1, '2024-07-06'),
(914, 88.57, 0, 1, '2024-07-26'),
(915, 21, 0, 1, '2024-08-03'),
(916, 78, 0, 1, '2024-08-03'),
(917, 112.66, 0, 1, '2024-08-03'),
(918, 21, 0, 1, '2024-08-03'),
(919, 216, 0, 1, '2024-08-03'),
(920, 21, 0, 1, '2024-08-03'),
(921, 92, 0, 1, '2024-08-03'),
(922, 0, 21, 1, '2024-08-03'),
(923, 0, 72.67, 1, '2024-08-03'),
(924, 0, 21, 1, '2024-08-03'),
(925, 0, 0.25, 1, '2024-08-03'),
(926, 21, 0, 1, '2024-08-03'),
(927, 0, 205.99, 1, '2024-08-03'),
(928, 21, 0, 1, '2024-08-03'),
(929, 0, 21, 1, '2024-08-03'),
(930, 0, 116.66, 1, '2024-08-03'),
(931, 0, 58.22, 1, '2024-08-03'),
(932, 0, 21, 1, '2024-08-03'),
(933, 21, 0, 1, '2024-08-03'),
(934, 136, 0, 1, '2024-08-03'),
(935, 21, 0, 1, '2024-08-03'),
(936, 56, 0, 1, '2024-08-03'),
(937, 21, 0, 1, '2024-08-03'),
(938, 10, 0, 1, '2024-08-03'),
(939, 10, 0, 1, '2024-08-03'),
(940, 10, 0, 1, '2024-08-03'),
(941, 0, 124.33, 1, '2024-08-03'),
(942, 90, 0, 1, '2024-08-03'),
(943, 81, 0, 1, '2024-08-03'),
(944, 0, 21, 1, '2024-08-03'),
(945, 0, 21, 1, '2024-08-03'),
(946, 123.33, 0, 1, '2024-08-03'),
(947, 0, 137.66, 1, '2024-08-03'),
(948, 0, 116.66, 1, '2024-08-03'),
(949, 0, 70.17, 1, '2024-08-03'),
(950, 0, 131, 1, '2024-08-03'),
(951, 0, 119.33, 1, '2024-08-03'),
(952, 0, 21, 1, '2024-08-03'),
(953, 89.81, 0, 1, '2024-08-03'),
(954, 0, 21, 1, '2024-08-03'),
(955, 0, 121, 1, '2024-08-03'),
(956, 20, 0, 1, '2024-08-03'),
(957, 142.66, 0, 1, '2024-08-03'),
(958, 153.66, 0, 1, '2024-08-03'),
(959, 0, 2, 1, '2024-08-03'),
(960, 21, 0, 1, '2024-09-07'),
(961, 21, 0, 1, '2024-09-07'),
(962, 21, 0, 1, '2024-09-07'),
(963, 21, 0, 1, '2024-09-07'),
(964, 21, 0, 1, '2024-09-07'),
(965, 77, 0, 1, '2024-09-07'),
(966, 111, 0, 1, '2024-09-07'),
(967, 21, 0, 1, '2024-09-07'),
(968, 0, 165.22, 1, '2024-09-07'),
(969, 91, 0, 1, '2024-09-07'),
(970, 212, 0, 1, '2024-09-07'),
(971, 115, 0, 1, '2024-09-07'),
(972, 0, 88.78, 1, '2024-09-07'),
(973, 0, 21, 1, '2024-09-07'),
(974, 0, 69.34, 1, '2024-09-07'),
(975, 136, 0, 1, '2024-09-07'),
(976, 0, 21, 1, '2024-09-07'),
(977, 0, 71.84, 1, '2024-09-07'),
(978, 0, 159.8, 1, '2024-09-07'),
(979, 0, 21, 1, '2024-09-07'),
(980, 141, 0, 1, '2024-09-07'),
(981, 77, 0, 1, '2024-09-07'),
(982, 1551, 0, 1, '2024-09-07'),
(983, 21, 0, 1, '2024-09-07'),
(984, 21, 0, 1, '2024-09-07'),
(985, 21, 115, 1, '2024-09-07'),
(986, 144.33, 0, 1, '2024-09-07'),
(987, 0, 258.33, 1, '2024-09-07'),
(988, 0, 21, 1, '2024-09-07'),
(989, 0, 119.33, 1, '2024-09-07'),
(990, 0, 131.66, 1, '2024-09-07'),
(991, 0, 21, 1, '2024-09-07'),
(992, 0, 57.67, 1, '2024-09-07'),
(993, 0, 117.66, 1, '2024-09-07'),
(994, 0, 129.33, 1, '2024-09-07'),
(995, 0, 291.65, 1, '2024-09-07'),
(996, 0.4, 1, 1, '2024-09-07'),
(997, 121.66, 0, 1, '2024-09-07'),
(998, 172.99, 0, 1, '2024-09-07'),
(999, 583.37, 0, 1, '2024-09-09'),
(1000, 1891.01, 0, 1, '2024-10-05'),
(1001, 1934.34, 0, 1, '2024-10-05'),
(1002, 134.33, 0, 1, '2024-10-05'),
(1003, 113.33, 0, 1, '2024-10-05'),
(1004, 109.33, 0, 1, '2024-10-05'),
(1005, 90, 0, 1, '2024-10-05'),
(1006, 0, 119.67, 1, '2024-10-05'),
(1007, 0, 106.6, 1, '2024-10-05'),
(1008, 0, 88.22, 1, '2024-10-05'),
(1009, 0, 21, 1, '2024-10-05'),
(1010, 0, 21, 1, '2024-10-05'),
(1011, 21, 0, 1, '2024-10-05'),
(1012, 21, 0, 1, '2024-10-05'),
(1013, 21, 0, 1, '2024-10-05'),
(1014, 0, 21, 1, '2024-10-05'),
(1015, 0, 21, 1, '2024-10-05'),
(1016, 0, 21, 1, '2024-10-05'),
(1017, 21, 0, 1, '2024-10-05'),
(1018, 21, 0, 1, '2024-10-05'),
(1019, 142.66, 0, 1, '2024-10-05'),
(1020, 0, 87.67, 1, '2024-10-05'),
(1021, 0, 43, 1, '2024-10-05'),
(1022, 0, 43, 1, '2024-10-05'),
(1023, 0, 176.17, 1, '2024-10-05'),
(1024, 0, 127.66, 1, '2024-10-05'),
(1025, 0, 43, 1, '2024-10-05'),
(1026, 0, 71, 1, '2024-10-05'),
(1027, 0, 21, 1, '2024-10-05'),
(1028, 0, 21, 1, '2024-10-05'),
(1029, 0, 21, 1, '2024-10-05'),
(1030, 0, 117.66, 1, '2024-10-05'),
(1031, 233.32, 0, 1, '2024-10-05'),
(1032, 113.33, 0, 1, '2024-10-05'),
(1033, 0, 57.11, 1, '2024-10-05'),
(1034, 0, 21, 1, '2024-10-05'),
(1035, 1370, 0, 1, '2024-10-05'),
(1036, 292.99, 0, 1, '2024-10-05'),
(1037, 111, 0, 1, '2024-10-05'),
(1038, 1806.01, 0, 1, '2024-10-05'),
(1039, 0, 1, 1, '2024-10-05'),
(1040, 65, 0, 1, '2024-10-05'),
(1041, 243.32, 0, 1, '2024-10-05'),
(1042, 0, 252.99, 1, '2024-10-05'),
(1043, 0, 113.5, 1, '2024-10-05'),
(1044, 540, 0, 1, '2024-10-05'),
(1045, 255, 0, 1, '2024-10-07'),
(1046, 1.4, 0, 1, '2024-10-09'),
(1047, 660, 0, 1, '2024-10-17'),
(1048, 21, 0, 1, '2024-10-17'),
(1049, 118.34, 0, 1, '2024-11-02'),
(1050, 227.67, 0, 1, '2024-11-02'),
(1051, 107.66, 0, 1, '2024-11-03'),
(1052, 109.33, 0, 1, '2024-11-03'),
(1053, 21, 0, 1, '2024-11-03'),
(1054, 89, 0, 1, '2024-11-03'),
(1055, 85.71, 0, 1, '2024-11-08'),
(1056, 21, 0, 1, '2024-11-08'),
(1057, 0, 70.17, 1, '2024-11-09'),
(1058, 0, 21, 1, '2024-11-09'),
(1059, 132.66, 0, 1, '2024-11-09'),
(1060, 111.66, 0, 1, '2024-11-09'),
(1061, 0, 65.56, 1, '2024-11-09'),
(1062, 0, 111.66, 1, '2024-11-09'),
(1063, 141, 0, 1, '2024-11-09'),
(1064, 21, 0, 1, '2024-11-09'),
(1065, 21, 0, 1, '2024-11-09'),
(1066, 21, 0, 1, '2024-11-09'),
(1067, 21, 0, 1, '2024-11-09'),
(1068, 21, 0, 1, '2024-11-09'),
(1069, 0, 98.33, 1, '2024-11-09'),
(1070, 0, 21, 1, '2024-11-09'),
(1071, 0, 62.4, 1, '2024-11-09'),
(1072, 0, 126, 1, '2024-11-09'),
(1073, 0, 173.09, 1, '2024-11-09'),
(1074, 21, 0, 1, '2024-11-09'),
(1075, 21, 0, 1, '2024-11-09'),
(1076, 0, 1, 1, '2024-11-09'),
(1077, 21, 0, 1, '2024-11-09'),
(1078, 21, 0, 1, '2024-11-09'),
(1079, 21, 0, 1, '2024-11-09'),
(1080, 0, 21, 1, '2024-11-09'),
(1081, 0, 21, 1, '2024-11-09'),
(1082, 0, 21, 1, '2024-11-09'),
(1083, 110, 0, 1, '2024-11-09'),
(1084, 0, 21, 1, '2024-11-09'),
(1085, 0, 56.56, 1, '2024-11-09'),
(1086, 17.33, 122, 1, '2024-11-09'),
(1087, 0, 116, 1, '2024-11-09'),
(1088, 0, 227.67, 1, '2024-11-09'),
(1089, 1, 0, 1, '2024-12-07'),
(1090, 224.34, 0, 1, '2024-12-07'),
(1093, 88.2, 15, 1, '2024-12-07'),
(1094, 21, 0, 1, '2024-12-07'),
(1095, 0, 157.89, 1, '2024-12-07'),
(1096, 21, 0, 1, '2024-12-07'),
(1097, 21, 0, 1, '2024-12-07'),
(1098, 5, 101.45, 1, '2024-12-07'),
(1099, 88, 0, 1, '2024-12-07'),
(1100, 21, 0, 1, '2024-12-07'),
(1101, 21, 0, 1, '2024-12-07'),
(1102, 0, 212.03, 1, '2024-12-07'),
(1103, 106.04, 0, 1, '2024-12-07'),
(1104, 117, 0, 1, '2024-12-07'),
(1105, 21, 0, 1, '2024-12-07'),
(1106, 0, 230.5, 1, '2024-12-07'),
(1107, 0, 144.33, 1, '2024-12-07'),
(1108, 0, 21, 1, '2024-12-07'),
(1109, 0, 21, 1, '2024-12-07'),
(1110, 0, 21, 1, '2024-12-07'),
(1111, 0, 56, 1, '2024-12-07'),
(1112, 21, 0, 1, '2024-12-07'),
(1113, 21, 0, 1, '2024-12-07'),
(1114, 131, 0, 1, '2024-12-07'),
(1115, 110, 0, 1, '2024-12-07'),
(1116, 140.33, 0, 1, '2024-12-07'),
(1117, 21, 0, 1, '2024-12-07'),
(1118, 131, 0, 1, '2024-12-07'),
(1119, 21, 0, 1, '2024-12-07'),
(1120, 21, 0, 1, '2024-12-07'),
(1121, 21, 0, 1, '2024-12-07'),
(1122, 123.33, 0, 1, '2024-12-07'),
(1123, 0, 138.66, 1, '2024-12-07'),
(1124, 84.28, 0, 1, '2024-12-07'),
(1125, 0, 171, 1, '2024-12-07'),
(1126, 0, 124.33, 1, '2024-12-07'),
(1127, 0, 584.35, 1, '2024-12-07'),
(1128, 69.34, 0, 1, '2024-12-07'),
(1129, 42, 0, 1, '2024-12-07'),
(1130, 0, 114.33, 1, '2024-12-07'),
(1131, 0, 224.34, 1, '2024-12-07'),
(1132, 115.67, 0, 1, '2025-01-11'),
(1133, 221, 0, 1, '2025-01-11'),
(1134, 108.33, 0, 1, '2025-01-11'),
(1135, 129.33, 0, 1, '2025-01-11'),
(1136, 21, 0, 1, '2025-01-11'),
(1137, 21, 0, 1, '2025-01-11'),
(1138, 21, 0, 1, '2025-01-11'),
(1139, 1.99, 260, 1, '2025-01-11'),
(1140, 327, 0, 1, '2025-01-11'),
(1141, 0, 21, 1, '2025-01-11'),
(1142, 0, 84.34, 1, '2025-01-11'),
(1143, 0, 21, 1, '2025-01-11'),
(1144, 21, 0, 1, '2025-01-11'),
(1145, 82.86, 0, 1, '2025-01-11'),
(1146, 0, 122.66, 1, '2025-01-11'),
(1147, 0, 168.92, 1, '2025-01-11'),
(1148, 0, 21, 1, '2025-01-11'),
(1149, 0, 21, 1, '2025-01-11'),
(1150, 223.32, 0, 1, '2025-01-11'),
(1151, 121.66, 0, 1, '2025-01-11'),
(1152, 137.66, 0, 1, '2025-01-11'),
(1153, 21, 0, 1, '2025-01-11'),
(1154, 129.33, 0, 1, '2025-01-11'),
(1155, 21, 0, 1, '2025-01-11'),
(1156, 21, 0, 1, '2025-01-11'),
(1157, 21, 0, 1, '2025-01-11'),
(1158, 0, 109.75, 1, '2025-01-11'),
(1159, 0, 68.5, 1, '2025-01-11'),
(1160, 83, 0, 1, '2025-01-11'),
(1161, 21, 0, 1, '2025-01-11'),
(1162, 0, 218.97, 1, '2025-01-11'),
(1163, 87, 0, 1, '2025-01-11'),
(1164, 0, 55.45, 1, '2025-01-11'),
(1165, 0, 21, 1, '2025-01-11'),
(1166, 0, 21, 1, '2025-01-11'),
(1167, 142.66, 0, 1, '2025-01-11'),
(1168, 0, 221, 1, '2025-01-11'),
(1169, 0, 112.66, 1, '2025-01-11'),
(1170, 100, 0, 2, '2025-01-20'),
(1171, 100, 0, 2, '2025-01-20'),
(1172, 100, 0, 2, '2025-01-20'),
(1173, 165, 0, 2, '2025-01-20'),
(1174, 100, 0, 2, '2025-01-20'),
(1175, 100, 0, 2, '2025-01-20'),
(1176, 0, 100, 2, '2025-01-20'),
(1177, 0, 100, 2, '2025-01-20'),
(1178, 0, 100, 2, '2025-01-20'),
(1179, 0, 100, 2, '2025-01-20'),
(1180, 0, 100, 2, '2025-01-20'),
(1181, 100, 0, 2, '2025-01-20'),
(1182, 0, 100, 2, '2025-01-20'),
(1183, 122, 0, 2, '2025-01-20'),
(1184, 0, 100, 2, '2025-01-20'),
(1185, 100, 0, 2, '2025-01-20'),
(1186, 165, 0, 2, '2025-01-20'),
(1187, 0, 100, 2, '2025-01-20'),
(1188, 0, 100, 2, '2025-01-20'),
(1189, 0, 100, 2, '2025-01-20'),
(1190, 100, 0, 2, '2025-01-20'),
(1191, 100, 0, 2, '2025-01-20'),
(1192, 0, 100, 2, '2025-01-20'),
(1193, 100, 0, 2, '2025-01-20'),
(1194, 100, 0, 2, '2025-01-20'),
(1195, 100, 0, 2, '2025-01-20'),
(1196, 0, 100, 2, '2025-01-20'),
(1197, 0, 100, 2, '2025-01-20'),
(1198, 0, 100, 2, '2025-01-20'),
(1199, 100, 0, 2, '2025-01-20'),
(1200, 100, 0, 2, '2025-01-20'),
(1201, 0, 122, 2, '2025-01-20'),
(1202, 100, 0, 2, '2025-01-20'),
(1203, 0, 100, 2, '2025-01-20'),
(1204, 100, 0, 2, '2025-01-20'),
(1205, 0, 100, 2, '2025-01-20'),
(1206, 0, 100, 2, '2025-01-20'),
(1207, 100, 0, 2, '2025-01-20'),
(1208, 0, 100, 2, '2025-01-20'),
(1209, 1167.7, 0, 2, '2025-01-21'),
(1210, 1547.02, 0, 2, '2025-01-22'),
(1211, 152.68, 0, 2, '2025-01-22'),
(1212, 106.66, 0, 2, '2025-02-01'),
(1213, 131, 0, 2, '2025-02-01'),
(1214, 21, 0, 2, '2025-02-01'),
(1215, 86, 0, 2, '2025-02-01'),
(1216, 117.77, 0, 2, '2025-02-01'),
(1217, 21, 0, 2, '2025-02-01'),
(1218, 16, 0, 2, '2025-02-01'),
(1219, 21, 0, 2, '2025-02-01'),
(1220, 21, 0, 2, '2025-02-01'),
(1221, 21, 0, 2, '2025-02-01'),
(1222, 21, 0, 2, '2025-02-01'),
(1223, 0, 21, 2, '2025-02-01'),
(1224, 0, 67.67, 2, '2025-02-01'),
(1225, 0, 21, 2, '2025-02-01'),
(1226, 0, 215.72, 2, '2025-02-01'),
(1227, 0, 21, 2, '2025-02-01'),
(1228, 0, 75, 2, '2025-02-01'),
(1229, 0, 21, 2, '2025-02-01'),
(1230, 0, 125.33, 2, '2025-02-01'),
(1231, 0, 166.84, 2, '2025-02-01'),
(1232, 0, 121, 2, '2025-02-01'),
(1233, 0, 111, 2, '2025-02-01'),
(1234, 0, 217.67, 2, '2025-02-01'),
(1235, 0, 21, 2, '2025-02-01'),
(1236, 0, 114.34, 2, '2025-02-01'),
(1237, 82, 0, 2, '2025-02-01'),
(1238, 0, 21, 2, '2025-02-01'),
(1239, 1190.03, 0, 2, '2025-02-01'),
(1240, 105, 0, 2, '2025-02-01'),
(1241, 21, 0, 2, '2025-02-01'),
(1242, 21, 0, 2, '2025-02-01'),
(1243, 21, 0, 2, '2025-02-01'),
(1244, 136, 0, 2, '2025-02-01'),
(1245, 21, 0, 2, '2025-02-01'),
(1246, 21, 0, 2, '2025-02-01'),
(1247, 141, 0, 2, '2025-02-01'),
(1248, 229.99, 0, 2, '2025-02-01'),
(1249, 0, 21, 2, '2025-02-01'),
(1250, 0, 54.89, 2, '2025-02-01'),
(1251, 342.78, 0, 2, '2025-02-01'),
(1252, 0, 108.5, 2, '2025-02-01'),
(1253, 161.41, 0, 2, '2025-02-01'),
(1254, 0, 21, 2, '2025-02-01'),
(1255, 21, 0, 2, '2025-02-01'),
(1256, 7, 0, 2, '2025-02-01'),
(1257, 11, 0, 2, '2025-02-02'),
(1258, 238.67, 0, 2, '2025-02-03'),
(1259, 25, 0, 2, '2025-02-06'),
(1260, 141, 0, 2, '2025-03-05'),
(1261, 193.34, 0, 2, '2025-03-05'),
(1262, 113, 0, 2, '2025-03-06'),
(1263, 21, 0, 2, '2025-03-07'),
(1264, 0, 124.33, 2, '2025-03-07'),
(1265, 21, 0, 2, '2025-03-08'),
(1266, 151, 0, 2, '2025-03-08'),
(1267, 105, 0, 2, '2025-03-08'),
(1268, 58, 0, 2, '2025-03-08'),
(1269, 54.34, 0, 2, '2025-03-08'),
(1270, 21, 0, 2, '2025-03-08'),
(1271, 148, 0, 2, '2025-03-08'),
(1272, 169, 0, 2, '2025-03-08'),
(1273, 21, 0, 2, '2025-03-08'),
(1274, 21, 0, 2, '2025-03-08'),
(1275, 21, 0, 2, '2025-03-08'),
(1276, 143.33, 0, 2, '2025-03-08'),
(1277, 21, 0, 2, '2025-03-08'),
(1278, 21, 0, 2, '2025-03-08'),
(1279, 0, 122.66, 2, '2025-03-08'),
(1280, 0, 164.75, 2, '2025-03-08'),
(1281, 0, 21, 2, '2025-03-08'),
(1282, 0, 123, 2, '2025-03-08'),
(1283, 21, 0, 2, '2025-03-08'),
(1284, 0, 139.33, 2, '2025-03-08'),
(1285, 0, 21, 2, '2025-03-08'),
(1286, 0, 74, 2, '2025-03-08'),
(1287, 81, 0, 2, '2025-03-08'),
(1288, 0, 21, 2, '2025-03-08'),
(1289, 0, 66.84, 2, '2025-03-08'),
(1290, 0, 22, 2, '2025-03-08'),
(1291, 0, 21, 2, '2025-03-08'),
(1292, 0, 212.48, 2, '2025-03-08'),
(1293, 0, 214.34, 2, '2025-03-08'),
(1294, 0, 109.33, 2, '2025-03-08'),
(1295, 0, 766.03, 2, '2025-03-08'),
(1296, 0, 107.25, 2, '2025-03-08'),
(1297, 103.33, 0, 2, '2025-03-08'),
(1298, 154.2, 0, 2, '2025-03-10'),
(1299, 26, 0, 2, '2025-03-12'),
(1300, 211, 0, 2, '2025-04-01'),
(1301, 139, 0, 2, '2025-04-01'),
(1302, 122.66, 0, 2, '2025-04-05'),
(1303, 57.5, 0, 2, '2025-04-05'),
(1304, 21, 0, 2, '2025-04-05'),
(1305, 0, 152.4, 2, '2025-04-05'),
(1306, 0, 21, 2, '2025-04-05'),
(1307, 0, 73, 2, '2025-04-05'),
(1308, 0, 121.3, 2, '2025-04-05'),
(1309, 0, 66, 2, '2025-04-05'),
(1310, 0, 21, 2, '2025-04-05'),
(1311, 0, 43, 2, '2025-04-05'),
(1312, 21, 0, 2, '2025-04-05'),
(1313, 103.33, 0, 2, '2025-04-05'),
(1314, 21, 0, 2, '2025-04-05'),
(1315, 132.66, 0, 2, '2025-04-05'),
(1316, 21, 0, 2, '2025-04-05'),
(1317, 21, 0, 2, '2025-04-05'),
(1318, 21, 0, 2, '2025-04-05'),
(1319, 21, 0, 2, '2025-04-05'),
(1320, 21, 0, 2, '2025-04-05'),
(1321, 21, 0, 2, '2025-04-05'),
(1322, 22.67, 60, 2, '2025-04-05'),
(1323, 0, 53.78, 2, '2025-04-05'),
(1324, 0, 21, 2, '2025-04-05'),
(1325, 0, 121, 2, '2025-04-05'),
(1326, 80, 0, 2, '2025-04-05'),
(1327, 0, 209.23, 2, '2025-04-05'),
(1328, 0, 111.67, 2, '2025-04-05'),
(1329, 0, 137.66, 2, '2025-04-05'),
(1330, 83.35, 1500, 2, '2025-04-05'),
(1331, 0, 175.17, 2, '2025-04-05'),
(1332, 0, 162.67, 2, '2025-04-05'),
(1333, 0, 107.66, 2, '2025-04-05'),
(1334, 0, 211, 2, '2025-04-05'),
(1335, 0, 1463, 2, '2025-04-05'),
(1336, 0, 1303, 2, '2025-04-05'),
(1337, 0, 810, 2, '2025-04-05'),
(1338, 960.04, 0, 2, '2025-04-05'),
(1339, 113.5, 0, 2, '2025-04-05'),
(1340, 43, 0, 2, '2025-04-05'),
(1341, 106, 0, 2, '2025-04-10'),
(1342, 214.99, 0, 2, '2025-04-11'),
(1343, 178, 0, 2, '2025-04-28'),
(1344, 207.67, 0, 2, '2025-05-05'),
(1345, 21, 0, 2, '2025-05-05'),
(1346, 110.34, 0, 2, '2025-05-05'),
(1347, 21, 0, 2, '2025-05-05'),
(1348, 137, 0, 2, '2025-05-05'),
(1349, 101.66, 0, 2, '2025-05-05'),
(1350, 230.67, 0, 2, '2025-05-05'),
(1351, 0, 121, 2, '2025-05-05'),
(1352, 0, 160.59, 2, '2025-05-10'),
(1353, 0, 173.09, 2, '2025-05-10'),
(1354, 0, 150.6, 2, '2025-05-10'),
(1355, 382, 200, 2, '2025-05-10'),
(1356, 21, 0, 2, '2025-05-10'),
(1357, 21, 0, 2, '2025-05-10'),
(1358, 21, 0, 2, '2025-05-10'),
(1359, 21, 0, 2, '2025-05-10'),
(1360, 131, 0, 2, '2025-05-10'),
(1361, 21, 0, 2, '2025-05-10'),
(1362, 21, 0, 2, '2025-05-10'),
(1363, 21, 0, 2, '2025-05-10'),
(1364, 65.17, 0, 2, '2025-05-10'),
(1365, 119.33, 0, 2, '2025-05-10'),
(1366, 0, 119.6, 2, '2025-05-10'),
(1367, 81.84, 0, 2, '2025-05-10'),
(1368, 0, 21, 2, '2025-05-10'),
(1369, 0, 72, 2, '2025-05-10'),
(1370, 0, 43.72, 2, '2025-05-10'),
(1371, 156, 0, 2, '2025-05-10'),
(1372, 79, 0, 2, '2025-05-10'),
(1373, 21, 0, 2, '2025-05-10'),
(1374, 165, 0, 2, '2025-05-10'),
(1375, 21, 0, 2, '2025-05-10'),
(1376, 0, 21, 2, '2025-05-10'),
(1377, 0, 53.22, 2, '2025-05-10'),
(1378, 0, 207.67, 2, '2025-05-10'),
(1379, 0, 106.04, 2, '2025-05-10'),
(1380, 0, 11, 2, '2025-05-10'),
(1381, 112.25, 0, 2, '2025-05-11'),
(1382, 104.75, 0, 2, '2025-05-20'),
(1383, 21, 0, 2, '2025-06-07'),
(1384, 108, 0, 2, '2025-06-07'),
(1385, 64.34, 0, 2, '2025-06-07'),
(1386, 21, 0, 2, '2025-06-07'),
(1387, 0, 119.33, 2, '2025-06-07'),
(1388, 21, 0, 2, '2025-06-07'),
(1389, 113.33, 0, 2, '2025-06-07'),
(1390, 150, 4, 2, '2025-06-07'),
(1391, 158, 0, 2, '2025-06-07'),
(1392, 0, 21, 2, '2025-06-07'),
(1393, 0, 43, 2, '2025-06-07'),
(1394, 21, 0, 2, '2025-06-07'),
(1395, 23, 0, 2, '2025-06-07'),
(1396, 0, 6, 2, '2025-06-07'),
(1397, 19, 0, 2, '2025-06-07'),
(1398, 0, 135, 2, '2025-06-07'),
(1399, 0, 117.9, 2, '2025-06-07'),
(1400, 78, 0, 2, '2025-06-07'),
(1401, 21, 0, 2, '2025-06-07'),
(1402, 0, 227.84, 2, '2025-06-07'),
(1403, 0, 100, 2, '2025-06-07'),
(1404, 0, 21, 2, '2025-06-07'),
(1405, 0, 52.67, 2, '2025-06-07'),
(1406, 0, 98.7, 2, '2025-06-07'),
(1407, 0, 138.5, 2, '2025-06-07'),
(1408, 0, 171, 2, '2025-06-07'),
(1409, 0, 117.66, 2, '2025-06-07'),
(1410, 0, 116, 2, '2025-06-07'),
(1411, 0, 204.34, 2, '2025-06-07'),
(1412, 0, 124.33, 2, '2025-06-07'),
(1413, 21, 0, 2, '2025-06-07'),
(1414, 21, 0, 2, '2025-06-07'),
(1415, 21, 0, 2, '2025-06-07'),
(1416, 129.33, 0, 2, '2025-06-07'),
(1417, 21, 0, 2, '2025-06-07'),
(1418, 21, 0, 2, '2025-06-07'),
(1419, 81, 0, 2, '2025-06-07'),
(1420, 0, 31, 2, '2025-06-07'),
(1421, 111, 0, 2, '2025-06-09'),
(1422, 204.34, 0, 2, '2025-06-09'),
(1423, 103.5, 0, 2, '2025-06-07');

-- --------------------------------------------------------

--
-- Estructura de tabla para la tabla `Entry_detail`
--

CREATE TABLE `Entry_detail` (
  `entry_number` int(11) NOT NULL,
  `type_id` int(11) NOT NULL,
  `value` float NOT NULL
) ENGINE=InnoDB DEFAULT CHARSET=utf8mb4 COLLATE=utf8mb4_general_ci;

--
-- Volcado de datos para la tabla `Entry_detail`
--

INSERT INTO `Entry_detail` (`entry_number`, `type_id`, `value`) VALUES
(1, 1, 10),
(1, 8, 100),
(1, 9, 5),
(2, 1, 10),
(2, 8, 100),
(2, 9, 5),
(3, 1, 10),
(3, 8, 100),
(3, 9, 5),
(4, 1, 10),
(4, 8, 100),
(4, 9, 5),
(5, 1, 10),
(5, 8, 100),
(5, 9, 5),
(6, 1, 10),
(6, 8, 100),
(6, 9, 5),
(7, 1, 10),
(7, 8, 100),
(7, 9, 5),
(8, 1, 10),
(8, 8, 100),
(8, 9, 5),
(9, 1, 10),
(9, 8, 100),
(9, 9, 5),
(10, 1, 10),
(10, 8, 100),
(10, 9, 5),
(11, 1, 10),
(11, 8, 100),
(11, 9, 5),
(12, 1, 10),
(12, 8, 100),
(12, 9, 5),
(13, 1, 10),
(13, 8, 100),
(13, 9, 5),
(14, 1, 10),
(14, 8, 100),
(14, 9, 5),
(15, 1, 10),
(15, 8, 100),
(15, 9, 5),
(16, 1, 10),
(16, 8, 100),
(16, 9, 5),
(17, 1, 10),
(17, 8, 100),
(17, 9, 5),
(18, 8, 120),
(18, 9, 1),
(19, 1, 10),
(19, 8, 120),
(19, 9, 6),
(20, 1, 10),
(20, 8, 120),
(20, 9, 6),
(21, 1, 10),
(21, 8, 120),
(21, 9, 6),
(22, 1, 10),
(22, 8, 120),
(22, 9, 6),
(23, 1, 1),
(23, 8, 20),
(23, 9, 1),
(24, 8, 20),
(24, 9, 1),
(24, 3, 115),
(24, 4, 2.3),
(25, 9, 1),
(25, 8, 20),
(25, 3, 19.17),
(25, 4, 2.3),
(26, 9, 1),
(26, 8, 20),
(27, 8, 20),
(27, 9, 1),
(27, 3, 57.5),
(27, 4, 2.3),
(28, 9, 1),
(28, 8, 20),
(29, 9, 1),
(29, 8, 20),
(30, 9, 1),
(30, 8, 20),
(31, 8, 20),
(31, 9, 1),
(31, 3, 50),
(31, 4, 2),
(32, 9, 1),
(32, 8, 20),
(33, 9, 1),
(33, 8, 20),
(34, 8, 20),
(34, 9, 1),
(34, 3, 25),
(34, 4, 3),
(35, 8, 29),
(35, 9, 1),
(36, 8, 120),
(36, 9, 6),
(36, 1, 10),
(37, 8, 120),
(37, 9, 6),
(37, 1, 10),
(38, 8, 120),
(38, 9, 6),
(38, 1, 10),
(39, 8, 120),
(39, 9, 6),
(39, 1, 10),
(40, 9, 1),
(40, 8, 20),
(41, 9, 1),
(41, 8, 20),
(42, 9, 1),
(42, 8, 20),
(43, 1, 1),
(44, 8, 20),
(44, 9, 1),
(44, 3, 68),
(44, 4, 2.72),
(45, 1, 10),
(45, 8, 20),
(45, 9, 6),
(46, 9, 1),
(46, 8, 20),
(47, 9, 1),
(47, 8, 20),
(48, 9, 1),
(48, 8, 20),
(49, 4, 6),
(49, 3, 50),
(50, 9, 1),
(50, 8, 20),
(52, 8, 20),
(52, 9, 1),
(52, 3, 18.4),
(52, 4, 1.84),
(53, 8, 20),
(53, 9, 1),
(53, 3, 57.5),
(53, 4, 2.3),
(54, 8, 20),
(54, 9, 1),
(54, 3, 19.17),
(54, 4, 2.3),
(55, 9, 1),
(55, 8, 20),
(56, 9, 1),
(56, 8, 20),
(57, 9, 1),
(57, 8, 20),
(58, 8, 20),
(58, 9, 1),
(58, 4, 2),
(59, 8, 40),
(59, 9, 2),
(59, 6, 1),
(60, 8, 20),
(60, 9, 1),
(60, 4, 6),
(61, 9, 1),
(61, 8, 20),
(62, 9, 1),
(62, 8, 20),
(63, 9, 1),
(63, 8, 20),
(64, 9, 1),
(64, 8, 20),
(65, 9, 1),
(65, 8, 20),
(66, 9, 1),
(66, 8, 20),
(67, 9, 1),
(67, 8, 20),
(68, 1, 10),
(68, 8, 140),
(68, 9, 7),
(69, 1, 1),
(58, 3, 50),
(60, 3, 50),
(70, 8, 20),
(70, 9, 1),
(70, 3, 48.53),
(70, 4, 5.52),
(71, 9, 1),
(71, 8, 20),
(72, 8, 20),
(72, 9, 1),
(72, 3, 18.4),
(72, 4, 1.84),
(73, 9, 1),
(73, 8, 20),
(74, 9, 1),
(74, 8, 20),
(75, 9, 1),
(75, 8, 20),
(76, 9, 1),
(76, 8, 20),
(77, 8, 20),
(77, 9, 1),
(77, 3, 19.17),
(77, 4, 2.3),
(78, 8, 20),
(78, 9, 1),
(78, 3, 68),
(78, 4, 2.72),
(80, 8, 40),
(80, 9, 2),
(80, 3, 136),
(80, 4, 5.44),
(80, 6, 6),
(81, 9, 1),
(81, 8, 20),
(82, 3, 50),
(82, 4, 6),
(83, 9, 1),
(83, 8, 20),
(84, 9, 1),
(84, 8, 20),
(85, 9, 1),
(85, 8, 20),
(86, 9, 1),
(86, 8, 20),
(88, 9, 1),
(88, 8, 20),
(87, 9, 1),
(87, 8, 20),
(89, 9, 1),
(89, 8, 20),
(90, 9, 1),
(90, 8, 20),
(91, 9, 1),
(91, 8, 20),
(92, 8, 20),
(92, 9, 1),
(92, 3, 50),
(92, 4, 6),
(93, 9, 1),
(93, 8, 20),
(94, 9, 1),
(94, 8, 20),
(95, 9, 1),
(95, 8, 20),
(96, 9, 1),
(96, 8, 20),
(97, 9, 1),
(97, 8, 20),
(98, 9, 1),
(98, 8, 20),
(99, 9, 1),
(99, 8, 20),
(100, 9, 1),
(100, 8, 20),
(101, 9, 1),
(101, 8, 20),
(102, 8, 20),
(102, 9, 1),
(102, 3, 29.67),
(102, 4, 3.56),
(103, 9, 1),
(103, 8, 20),
(104, 9, 1),
(104, 8, 20),
(105, 8, 20),
(105, 9, 1),
(105, 3, 15.2),
(105, 4, 1.52),
(106, 3, 30.4),
(107, 9, 1),
(107, 8, 20),
(108, 9, 1),
(108, 8, 20),
(109, 8, 20),
(109, 9, 1),
(109, 3, 19.17),
(109, 4, 2.3),
(110, 8, 20),
(110, 9, 1),
(110, 3, 133.34),
(110, 4, 4),
(111, 9, 1),
(111, 8, 20),
(112, 8, 20),
(112, 9, 1),
(112, 3, 50),
(112, 4, 6),
(113, 8, 20),
(113, 9, 1),
(113, 3, 33.33),
(113, 4, 4),
(114, 8, 20),
(114, 9, 1),
(114, 3, 18.4),
(114, 4, 1.84),
(116, 8, 60),
(116, 9, 3),
(116, 3, 75),
(116, 4, 9),
(116, 6, 2),
(116, 5, 7.5),
(117, 8, 20),
(117, 9, 1),
(117, 3, 100),
(117, 4, 6),
(118, 8, 20),
(118, 9, 1),
(118, 3, 33.33),
(118, 4, 4),
(119, 8, 40),
(119, 9, 2),
(119, 6, 1),
(120, 8, 20),
(120, 9, 1),
(120, 3, 62.5),
(120, 4, 30),
(122, 8, 20),
(122, 9, 1),
(122, 3, 85.71),
(122, 4, 12),
(123, 9, 1),
(123, 8, 20),
(124, 3, 33.33),
(124, 1, 1),
(125, 8, 180),
(125, 9, 9),
(125, 1, 11),
(126, 8, 180),
(126, 9, 9),
(126, 1, 11),
(127, 8, 180),
(127, 9, 9),
(127, 1, 11),
(128, 8, 20),
(128, 9, 1),
(128, 3, 29.67),
(128, 4, 3.56),
(129, 9, 1),
(129, 8, 20),
(130, 9, 1),
(130, 8, 20),
(131, 9, 1),
(131, 8, 20),
(132, 8, 20),
(132, 9, 1),
(132, 3, 42.5),
(132, 4, 6.8),
(133, 8, 20),
(133, 9, 1),
(133, 3, 50),
(133, 4, 4),
(134, 8, 20),
(134, 9, 1),
(134, 3, 18.4),
(134, 4, 1.84),
(135, 8, 20),
(135, 9, 1),
(135, 3, 55.56),
(135, 4, 20),
(136, 9, 1),
(136, 8, 20),
(137, 8, 20),
(137, 9, 1),
(137, 3, 33.33),
(137, 4, 4),
(138, 9, 1),
(138, 8, 20),
(139, 9, 1),
(139, 8, 20),
(140, 8, 20),
(140, 9, 1),
(140, 3, 66.33),
(140, 4, 3.98),
(141, 9, 1),
(141, 8, 20),
(142, 9, 1),
(142, 8, 20),
(143, 8, 20),
(143, 9, 1),
(143, 3, 85.71),
(143, 4, 12),
(144, 8, 200),
(144, 9, 11),
(144, 1, 10),
(145, 8, 20),
(145, 9, 1),
(145, 3, 100),
(145, 4, 6),
(146, 9, 1),
(146, 8, 20),
(147, 8, 20),
(147, 9, 1),
(147, 3, 19.17),
(147, 4, 2.3),
(148, 8, 20),
(148, 9, 1),
(148, 3, 33.33),
(148, 4, 4),
(149, 8, 20),
(149, 9, 1),
(149, 3, 50),
(149, 4, 6),
(150, 8, 20),
(150, 9, 1),
(150, 3, 62.5),
(150, 4, 30),
(151, 3, 100),
(152, 3, 1375),
(153, 8, 40),
(153, 9, 2),
(153, 6, 1),
(154, 9, 1),
(154, 8, 20),
(155, 8, 60),
(155, 9, 3),
(155, 6, 3),
(156, 9, 1),
(156, 8, 20),
(157, 8, 20),
(157, 9, 1),
(157, 3, 85.71),
(157, 4, 12),
(158, 8, 20),
(158, 9, 1),
(158, 3, 55.56),
(158, 4, 18.89),
(159, 8, 220),
(159, 9, 12),
(159, 1, 10),
(160, 9, 1),
(160, 8, 20),
(161, 8, 20),
(161, 9, 1),
(161, 3, 29.67),
(161, 4, 3.56),
(162, 8, 40),
(162, 9, 2),
(162, 6, 1),
(163, 8, 40),
(163, 9, 2),
(163, 6, 1),
(164, 9, 1),
(164, 8, 20),
(165, 8, 20),
(165, 9, 1),
(165, 3, 150),
(165, 4, 4),
(166, 8, 20),
(166, 9, 1),
(166, 3, 18.4),
(166, 4, 1.84),
(167, 8, 20),
(167, 9, 1),
(167, 3, 42.5),
(167, 4, 5.95),
(168, 8, 20),
(168, 9, 1),
(168, 3, 200),
(168, 4, 18),
(168, 1, 1),
(168, 5, 10),
(169, 8, 20),
(169, 9, 1),
(169, 3, 33.33),
(169, 4, 4),
(170, 8, 20),
(170, 9, 1),
(170, 3, 19.17),
(170, 4, 2.3),
(171, 9, 1),
(171, 8, 20),
(172, 9, 1),
(172, 8, 20),
(173, 8, 20),
(173, 9, 1),
(173, 3, 25),
(173, 4, 2),
(174, 8, 40),
(174, 9, 2),
(174, 3, 200),
(174, 4, 4),
(174, 6, 1),
(174, 5, 20),
(176, 8, 220),
(176, 9, 11),
(176, 1, 10),
(177, 9, 1),
(177, 8, 20),
(178, 9, 1),
(178, 8, 20),
(179, 9, 1),
(179, 8, 20),
(180, 9, 1),
(180, 8, 20),
(181, 8, 220),
(181, 9, 11),
(181, 1, 10),
(182, 8, 20),
(182, 9, 1),
(182, 3, 41.67),
(182, 4, 20),
(183, 8, 20),
(183, 9, 1),
(183, 3, 50),
(183, 4, 24),
(184, 8, 20),
(184, 9, 1),
(184, 3, 132.67),
(184, 4, 3.98),
(185, 9, 1),
(185, 8, 20),
(186, 8, 20),
(186, 9, 1),
(186, 3, 25),
(186, 4, 3),
(186, 6, 1),
(186, 5, 2.5),
(187, 8, 220),
(187, 9, 11),
(187, 1, 10),
(188, 8, 20),
(188, 9, 1),
(188, 3, 100),
(188, 4, 6),
(188, 1, 1),
(51, 8, 20),
(51, 9, 1),
(51, 3, 15.2),
(51, 4, 1.52),
(189, 8, 40),
(189, 9, 2),
(189, 6, 1),
(190, 8, 40),
(190, 9, 2),
(190, 3, 66.66),
(190, 4, 8),
(190, 6, 1),
(190, 5, 3.33),
(191, 9, 1),
(191, 8, 20),
(192, 9, 1),
(192, 8, 20),
(193, 9, 1),
(193, 8, 20),
(194, 8, 20),
(194, 9, 1),
(194, 3, 40.17),
(194, 4, 4.82),
(195, 9, 1),
(195, 8, 20),
(196, 9, 1),
(196, 8, 20),
(197, 8, 40),
(197, 9, 2),
(197, 3, 100),
(197, 4, 45),
(198, 8, 20),
(198, 9, 1),
(198, 3, 29.67),
(198, 4, 3.56),
(199, 8, 240),
(199, 9, 12),
(199, 1, 10),
(200, 9, 1),
(200, 8, 20),
(201, 9, 1),
(201, 8, 20),
(202, 9, 1),
(202, 8, 20),
(203, 9, 1),
(203, 8, 20),
(204, 9, 1),
(204, 8, 20),
(205, 8, 20),
(205, 9, 1),
(205, 3, 127.5),
(205, 4, 5.1),
(206, 9, 1),
(206, 8, 20),
(207, 9, 1),
(207, 8, 20),
(208, 8, 20),
(208, 9, 1),
(208, 3, 33.33),
(208, 4, 4),
(209, 8, 20),
(209, 9, 1),
(209, 3, 40.17),
(209, 4, 4.82),
(210, 3, 127.5),
(210, 1, 1),
(211, 9, 1),
(211, 8, 20),
(212, 9, 1),
(212, 8, 20),
(213, 9, 1),
(213, 8, 20),
(214, 8, 20),
(214, 9, 1),
(214, 3, 83.33),
(214, 4, 20),
(215, 8, 40),
(215, 9, 2),
(215, 3, 25),
(215, 4, 3),
(215, 6, 1),
(215, 5, 2.5),
(216, 8, 20),
(216, 9, 1),
(216, 3, 55.56),
(216, 4, 18.89),
(217, 8, 20),
(217, 9, 1),
(217, 3, 100),
(217, 4, 6),
(217, 1, 1),
(218, 9, 1),
(218, 8, 20),
(219, 8, 20),
(219, 9, 1),
(219, 3, 25),
(219, 4, 2),
(220, 9, 1),
(220, 8, 20),
(221, 9, 1),
(221, 8, 20),
(222, 1, 1),
(223, 1, 1),
(224, 8, 20),
(224, 9, 1),
(224, 3, 41.67),
(224, 4, 19.17),
(225, 9, 1),
(225, 8, 20),
(226, 8, 20),
(226, 9, 1),
(226, 3, 85.71),
(226, 4, 12),
(-1, 8, 160),
(-1, 9, 8),
(-1, 1, 10),
(-2, 3, 200),
(227, 3, 41.67),
(227, 4, 18.33),
(227, 8, 20),
(227, 9, 1),
(228, 8, 20),
(228, 9, 1),
(229, 8, 20),
(229, 9, 1),
(230, 8, 20),
(230, 9, 1),
(231, 8, 20),
(231, 9, 1),
(232, 8, 20),
(232, 9, 1),
(233, 3, 29.67),
(233, 4, 3.56),
(233, 8, 20),
(233, 9, 1),
(234, 3, 66.66),
(234, 4, 4),
(234, 8, 20),
(234, 9, 1),
(235, 3, 100),
(235, 4, 4),
(235, 8, 20),
(235, 9, 1),
(236, 8, 20),
(236, 9, 1),
(237, 8, 20),
(237, 9, 1),
(238, 3, 83.33),
(238, 4, 20),
(238, 8, 20),
(238, 9, 1),
(239, 8, 20),
(239, 9, 1),
(240, 8, 20),
(240, 9, 1),
(241, 8, 20),
(241, 9, 1),
(242, 3, 50),
(242, 4, 21),
(242, 8, 20),
(242, 9, 1),
(243, 3, 83.33),
(243, 4, 18.33),
(244, 8, 20),
(244, 9, 1),
(245, 3, 40.17),
(245, 4, 4.02),
(245, 8, 20),
(245, 9, 1),
(246, 8, 20),
(246, 9, 1),
(247, 3, 55.56),
(247, 4, 16.67),
(247, 8, 20),
(247, 9, 1),
(248, 8, 20),
(248, 9, 1),
(249, 8, 20),
(249, 9, 1),
(250, 3, 25),
(250, 4, 2),
(250, 8, 20),
(250, 9, 1),
(251, 8, 20),
(251, 9, 1),
(252, 3, 40.17),
(252, 4, 4.02),
(252, 8, 20),
(252, 9, 1),
(253, 8, 20),
(253, 9, 1),
(254, 3, 66.66),
(254, 4, 4),
(254, 8, 20),
(254, 9, 1),
(255, 8, 20),
(255, 9, 1),
(256, 8, 20),
(256, 9, 1),
(257, 3, 85.71),
(257, 4, 12),
(257, 8, 20),
(257, 9, 1),
(258, 8, 20),
(258, 9, 1),
(259, 6, 1),
(259, 8, 40),
(259, 9, 2),
(260, 3, 50),
(260, 4, 24),
(260, 8, 20),
(260, 9, 1),
(261, 3, 83.33),
(261, 4, 18.33),
(261, 8, 20),
(261, 9, 1),
(262, 8, 20),
(262, 9, 1),
(263, 3, 40.17),
(263, 4, 3.21),
(263, 8, 20),
(264, 3, 62.5),
(264, 4, 10),
(265, 8, 20),
(265, 9, 1),
(266, 8, 20),
(266, 9, 1),
(267, 8, 20),
(267, 9, 1),
(268, 3, 83.33),
(268, 4, 16.67),
(268, 6, 1),
(268, 8, 40),
(268, 9, 2),
(269, 8, 20),
(269, 9, 1),
(270, 8, 20),
(270, 9, 1),
(271, 3, 25),
(271, 4, 2),
(271, 8, 20),
(271, 9, 1),
(272, 3, 29.67),
(272, 4, 3.56),
(272, 8, 20),
(272, 9, 1),
(273, 8, 20),
(273, 9, 1),
(274, 8, 20),
(274, 9, 1),
(275, 8, 20),
(275, 9, 1),
(276, 8, 20),
(276, 9, 1),
(277, 8, 20),
(277, 9, 1),
(278, 1, 10),
(278, 8, 280),
(278, 9, 14),
(279, 8, 20),
(279, 9, 1),
(280, 3, 100),
(280, 4, 24),
(280, 8, 20),
(280, 9, 1),
(281, 8, 20),
(281, 9, 1),
(282, 8, 20),
(282, 9, 1),
(283, 3, 100),
(283, 4, 12),
(283, 5, 5),
(283, 6, 1),
(283, 8, 40),
(283, 9, 2),
(284, 3, 50),
(284, 4, 20),
(284, 8, 20),
(284, 9, 1),
(285, 3, 55.56),
(285, 4, 15.56),
(285, 8, 20),
(285, 9, 1),
(286, 3, 40.17),
(286, 4, 3.21),
(286, 8, 20),
(286, 9, 1),
(287, 6, 1),
(287, 8, 40),
(287, 9, 2),
(288, 8, 20),
(288, 9, 1),
(289, 8, 20),
(289, 9, 1),
(290, 8, 20),
(290, 9, 1),
(291, 3, 85.71),
(291, 4, 12),
(291, 8, 20),
(291, 9, 1),
(292, 3, 50),
(292, 4, 23),
(292, 8, 20),
(292, 9, 1),
(293, 3, 41.67),
(293, 4, 17.5),
(293, 8, 20),
(293, 9, 1),
(294, 8, 20),
(294, 9, 1),
(295, 8, 20),
(295, 9, 1),
(296, 8, 20),
(296, 9, 1),
(297, 3, 40.17),
(297, 4, 2.41),
(297, 8, 20),
(297, 9, 1),
(298, 8, 20),
(298, 9, 1),
(299, 8, 20),
(299, 9, 1),
(300, 8, 20),
(300, 9, 1),
(301, 3, 50),
(301, 4, 22),
(301, 8, 20),
(301, 9, 1),
(302, 8, 20),
(302, 9, 1),
(303, 8, 20),
(303, 9, 1),
(304, 3, 100),
(304, 4, 2),
(304, 5, 10),
(304, 6, 2),
(304, 8, 60),
(304, 9, 3),
(305, 3, 83.34),
(305, 4, 19.17),
(305, 5, 4.17),
(305, 6, 1),
(305, 8, 40),
(305, 9, 2),
(306, 3, 40.17),
(306, 4, 2.41),
(306, 8, 20),
(306, 9, 1),
(307, 8, 20),
(307, 9, 1),
(308, 8, 20),
(308, 9, 1),
(310, 3, 62.5),
(310, 4, 8.75),
(310, 8, 20),
(310, 9, 1),
(311, 3, 83.33),
(311, 4, 16.67),
(311, 8, 20),
(311, 9, 1),
(312, 8, 20),
(312, 9, 1),
(313, 8, 20),
(313, 9, 1),
(314, 1, 1),
(314, 8, 20),
(314, 9, 1),
(315, 8, 20),
(315, 9, 1),
(316, 8, 20),
(316, 9, 1),
(317, 8, 20),
(317, 9, 1),
(318, 3, 100),
(318, 4, 22),
(318, 8, 20),
(318, 9, 1),
(319, 8, 20),
(319, 9, 1),
(320, 8, 20),
(320, 9, 1),
(321, 3, 55.56),
(321, 4, 14.44),
(321, 8, 20),
(321, 9, 1),
(322, 3, 80.34),
(323, 8, 20),
(323, 9, 1),
(324, 3, 100),
(324, 4, 37),
(324, 8, 20),
(324, 9, 1),
(325, 3, 50),
(325, 4, 6),
(325, 8, 20),
(325, 9, 1),
(326, 8, 20),
(326, 9, 1),
(327, 8, 20),
(327, 9, 1),
(328, 8, 20),
(328, 9, 1),
(329, 1, 1),
(329, 8, 20),
(329, 9, 1),
(330, 8, 20),
(330, 9, 1),
(331, 3, 833.32),
(331, 4, 16.67),
(331, 8, 20),
(331, 9, 1),
(332, 6, 8),
(332, 8, 171),
(332, 9, 9),
(333, 3, 83.33),
(333, 4, 15),
(333, 8, 20),
(333, 9, 1),
(334, 8, 20),
(334, 9, 1),
(335, 3, 85.71),
(335, 4, 12),
(335, 8, 20),
(335, 9, 1),
(336, 8, 20),
(336, 9, 1),
(337, 3, 80),
(337, 4, 8),
(337, 8, 20),
(337, 9, 1),
(338, 3, 50),
(338, 4, 21),
(338, 8, 20),
(338, 9, 1),
(339, 8, 20),
(339, 9, 1),
(340, 3, 100),
(340, 4, 20),
(340, 8, 20),
(340, 9, 1),
(341, 8, 20),
(341, 9, 1),
(342, 8, 20),
(342, 9, 1),
(343, 8, 20),
(343, 9, 1),
(344, 8, 20),
(344, 9, 1),
(345, 8, 20),
(345, 9, 1),
(346, 8, 20),
(346, 9, 1),
(347, 3, 62.5),
(347, 4, 7.5),
(347, 8, 20),
(347, 9, 1),
(348, 3, 83.33),
(348, 4, 15),
(348, 8, 20),
(348, 9, 1),
(349, 8, 20),
(349, 9, 1),
(350, 8, 20),
(350, 9, 1),
(351, 3, 41.67),
(351, 4, 10),
(351, 8, 20),
(351, 9, 1),
(352, 3, 40.17),
(352, 4, 1.61),
(352, 8, 20),
(352, 9, 1),
(353, 8, 20),
(353, 9, 1),
(354, 8, 20),
(354, 9, 1),
(355, 3, 66.67),
(355, 4, 20),
(355, 8, 20),
(355, 9, 1),
(356, 8, 20),
(356, 9, 1),
(357, 8, 20),
(357, 9, 1),
(358, 8, 20),
(358, 9, 1),
(359, 3, 83.33),
(359, 4, 20),
(359, 8, 20),
(359, 9, 1),
(360, 3, 41.67),
(360, 4, 8.33),
(360, 8, 20),
(360, 9, 1),
(361, 1, 1),
(361, 8, 20),
(361, 9, 1),
(362, 3, 50),
(362, 4, 17),
(362, 8, 20),
(362, 9, 1),
(363, 3, 50),
(363, 4, 6),
(363, 8, 20),
(363, 9, 1),
(364, 1, 1),
(364, 3, 666.68),
(364, 8, 20),
(364, 9, 1),
(365, 8, 20),
(365, 9, 1),
(366, 8, 20),
(366, 9, 1),
(367, 3, 55.56),
(367, 4, 13.33),
(367, 8, 20),
(367, 9, 1),
(368, 8, 20),
(368, 9, 1),
(369, 8, 20),
(369, 9, 1),
(370, 3, 66.67),
(370, 4, 20),
(370, 8, 20),
(370, 9, 1),
(371, 8, 20),
(371, 9, 1),
(372, 3, 50),
(372, 4, 20),
(372, 8, 20),
(372, 9, 1),
(373, 6, 1),
(373, 8, 40),
(373, 9, 2),
(374, 3, 55.56),
(374, 4, 12.22),
(374, 8, 20),
(374, 9, 1),
(375, 8, 20),
(375, 9, 1),
(376, 8, 20),
(376, 9, 1),
(377, 8, 20),
(377, 9, 1),
(378, 3, 62.5),
(378, 4, 6.25),
(378, 8, 20),
(378, 9, 1),
(379, 3, 83.33),
(379, 4, 13.33),
(379, 8, 20),
(379, 9, 1),
(380, 8, 20),
(380, 9, 1),
(381, 3, 41.67),
(381, 4, 9.17),
(381, 8, 20),
(381, 9, 1),
(382, 8, 20),
(382, 9, 1),
(383, 8, 20),
(383, 9, 1),
(384, 3, 40.17),
(384, 4, 0.8),
(384, 8, 20),
(384, 9, 1),
(385, 8, 20),
(385, 9, 1),
(386, 3, 100),
(386, 4, 18),
(386, 8, 20),
(386, 9, 1),
(387, 3, 66.67),
(387, 4, 18.67),
(387, 8, 20),
(387, 9, 1),
(388, 8, 20),
(388, 9, 1),
(389, 8, 20),
(389, 9, 1),
(390, 3, 83.33),
(390, 4, 18.33),
(390, 8, 20),
(390, 9, 1),
(391, 8, 20),
(391, 9, 1),
(392, 3, 41.67),
(392, 4, 7.5),
(392, 8, 20),
(392, 9, 1),
(393, 3, 42.86),
(393, 4, 12),
(393, 8, 20),
(393, 9, 1),
(394, 8, 20),
(394, 9, 1),
(395, 8, 20),
(395, 9, 1),
(396, 8, 20),
(396, 9, 1),
(397, 8, 20),
(397, 9, 1),
(398, 3, 80),
(398, 4, 6.4),
(398, 8, 20),
(398, 9, 1),
(399, 6, 1),
(399, 8, 40),
(399, 9, 2),
(400, 8, 20),
(400, 9, 1),
(401, 3, 50),
(401, 4, 6),
(401, 8, 20),
(401, 9, 1),
(402, 3, 50),
(402, 4, 24),
(402, 8, 20),
(402, 9, 1),
(403, 3, 83.34),
(403, 4, 39.17),
(403, 5, 4.17),
(403, 6, 1),
(403, 8, 40),
(403, 9, 2),
(404, 8, 20),
(404, 9, 1),
(405, 6, 1),
(405, 8, 40),
(405, 9, 2),
(406, 3, 66.66),
(406, 4, 8),
(406, 5, 3.33),
(406, 8, 20),
(406, 9, 1),
(407, 8, 20),
(407, 9, 1),
(408, 3, 1200),
(408, 8, 20),
(408, 9, 1),
(409, 3, 933.33),
(409, 8, 20),
(409, 9, 1),
(410, 3, 80),
(410, 4, 4.8),
(410, 8, 20),
(410, 9, 1),
(411, 8, 20),
(411, 9, 1),
(412, 3, 66.67),
(412, 4, 17.33),
(412, 8, 20),
(412, 9, 1),
(413, 3, 50),
(413, 4, 19),
(413, 8, 20),
(413, 9, 1),
(414, 8, 20),
(414, 9, 1),
(415, 8, 20),
(415, 9, 1),
(416, 3, 250),
(416, 8, 20),
(416, 9, 1),
(417, 3, 583.31),
(417, 8, 20),
(417, 9, 1),
(418, 4, 13),
(418, 8, 20),
(418, 9, 1),
(419, 8, 20),
(419, 9, 1),
(420, 8, 20),
(420, 9, 1),
(421, 3, 33.33),
(421, 4, 4),
(421, 8, 20),
(421, 9, 1),
(422, 8, 20),
(422, 9, 1),
(423, 3, 83.33),
(423, 4, 16.67),
(423, 8, 20),
(423, 9, 1),
(424, 3, 55.56),
(424, 4, 11.11),
(424, 8, 20),
(424, 9, 1),
(425, 8, 20),
(425, 9, 1),
(426, 8, 20),
(426, 9, 1),
(427, 3, 50),
(427, 4, 6),
(427, 8, 20),
(427, 9, 1),
(428, 3, 83.33),
(428, 4, 20),
(428, 8, 20),
(428, 9, 1),
(429, 8, 20),
(429, 9, 1),
(430, 8, 20),
(430, 9, 1),
(431, 3, 41.67),
(431, 4, 6.67),
(431, 8, 20),
(431, 9, 1),
(432, 3, 42.86),
(432, 4, 11.14),
(432, 8, 20),
(432, 9, 1),
(433, 8, 20),
(433, 9, 1),
(434, 3, 100),
(434, 4, 16),
(434, 8, 20),
(434, 9, 1),
(435, 8, 20),
(435, 9, 1),
(436, 3, 41.67),
(436, 4, 8.33),
(436, 8, 20),
(436, 9, 1),
(437, 8, 20),
(437, 9, 1),
(438, 1, 1),
(438, 3, 100),
(439, 1, 1),
(440, 8, 20),
(440, 9, 1),
(441, 8, 20),
(441, 9, 1),
(442, 8, 20),
(442, 9, 1),
(443, 3, 50),
(443, 4, 24),
(444, 3, 41.67),
(444, 4, 18.33),
(444, 8, 20),
(444, 9, 1),
(445, 8, 20),
(445, 9, 1),
(446, 1, 1),
(447, 6, 1),
(447, 8, 20),
(447, 9, 1),
(448, 6, 1),
(448, 8, 20),
(448, 9, 1),
(449, 8, 20),
(449, 9, 1),
(450, 3, 80),
(450, 4, 3.2),
(450, 8, 20),
(450, 9, 1),
(451, 8, 20),
(451, 9, 1),
(452, 8, 20),
(452, 9, 1),
(453, 3, 50),
(453, 4, 18),
(453, 8, 20),
(453, 9, 1),
(454, 8, 20),
(454, 9, 1),
(455, 8, 20),
(455, 9, 1),
(456, 8, 20),
(456, 9, 1),
(457, 3, 166.67),
(457, 4, 40),
(457, 8, 20),
(457, 9, 1),
(458, 8, 20),
(458, 9, 1),
(459, 3, 41.67),
(459, 4, 7.5),
(459, 8, 20),
(459, 9, 1),
(460, 3, 75),
(460, 4, 30),
(460, 8, 20),
(460, 9, 1),
(461, 8, 20),
(461, 9, 1),
(462, 3, 42.86),
(462, 4, 10.29),
(462, 8, 20),
(462, 9, 1),
(463, 3, 41.67),
(463, 4, 5.83),
(463, 8, 20),
(463, 9, 1),
(464, 6, 1),
(464, 8, 40),
(464, 9, 2),
(465, 6, 1),
(465, 8, 40),
(465, 9, 2),
(466, 8, 20),
(466, 9, 1),
(467, 8, 20),
(467, 9, 1),
(468, 3, 55.56),
(468, 4, 10),
(468, 8, 20),
(468, 9, 1),
(469, 8, 20),
(469, 9, 1),
(470, 3, 100),
(470, 4, 14),
(470, 8, 20),
(470, 9, 1),
(471, 3, 50),
(471, 4, 16),
(471, 8, 20),
(471, 9, 1),
(472, 8, 20),
(472, 9, 1),
(473, 8, 20),
(473, 9, 1),
(474, 3, 41.67),
(474, 4, 17.5),
(474, 8, 20),
(474, 9, 1),
(475, 3, 50),
(475, 4, 24),
(476, 8, 20),
(476, 9, 1),
(477, 3, 216.67),
(477, 4, 26),
(478, 3, 61.11),
(478, 4, 22),
(479, 3, 83.33),
(479, 4, 15),
(479, 8, 20),
(479, 9, 1),
(480, 8, 20),
(480, 9, 1),
(481, 8, 20),
(481, 9, 1),
(482, 8, 20),
(482, 9, 1),
(483, 1, 1),
(484, 8, 20),
(484, 9, 1),
(485, 3, 66.67),
(485, 4, 16),
(485, 8, 20),
(485, 9, 1),
(486, 1, 1),
(486, 3, 250.02),
(487, 1, 1),
(488, 1, 1),
(489, 3, 83.33),
(489, 4, 18.33),
(489, 8, 20),
(489, 9, 1),
(490, 4, 7),
(491, 6, 1),
(491, 8, 20),
(491, 9, 1),
(492, 3, 80),
(492, 4, 1.6),
(492, 8, 20),
(492, 9, 1),
(493, 3, 216.67),
(493, 4, 21.67),
(494, 3, 50),
(494, 4, 17),
(494, 8, 20),
(494, 9, 1),
(495, 8, 20),
(495, 9, 1),
(496, 8, 20),
(496, 9, 1),
(497, 8, 20),
(497, 9, 1),
(498, 3, 42.86),
(498, 4, 9.43),
(498, 8, 20),
(498, 9, 1),
(499, 3, 113.33),
(499, 4, 34),
(499, 8, 20),
(499, 9, 1),
(500, 8, 20),
(500, 9, 1),
(501, 3, 100),
(501, 4, 12),
(501, 8, 20),
(501, 9, 1),
(502, 8, 20),
(502, 9, 1),
(503, 8, 20),
(503, 9, 1),
(504, 8, 20),
(504, 9, 1),
(505, 3, 55.56),
(505, 4, 8.89),
(505, 8, 20),
(505, 9, 1),
(506, 8, 20),
(506, 9, 1),
(507, 3, 83.33),
(507, 4, 13.33),
(507, 8, 20),
(507, 9, 1),
(508, 3, 333.36),
(508, 4, 6.67),
(508, 8, 20),
(508, 9, 1),
(509, 8, 20),
(509, 9, 1),
(510, 3, 166.67),
(510, 4, 36.67),
(510, 8, 20),
(510, 9, 1),
(511, 8, 20),
(511, 9, 1),
(512, 8, 20),
(512, 9, 1),
(513, 3, 66.67),
(513, 4, 14.66),
(513, 8, 20),
(513, 9, 1),
(514, 8, 20),
(514, 9, 1),
(515, 3, 41.67),
(515, 4, 16.67),
(515, 8, 20),
(515, 9, 1),
(516, 3, 50),
(516, 4, 24),
(517, 8, 20),
(517, 9, 1),
(518, 3, 50),
(518, 4, 15),
(518, 8, 20),
(518, 9, 1),
(519, 8, 20),
(519, 9, 1),
(520, 3, 75),
(520, 4, 28.5),
(520, 8, 20),
(520, 9, 1),
(521, 3, 54.17),
(521, 4, 26),
(521, 8, 20),
(521, 9, 1),
(522, 8, 20),
(522, 9, 1),
(523, 8, 20),
(523, 9, 1),
(524, 3, 83.33),
(524, 4, 16.67),
(524, 8, 20),
(524, 9, 1),
(525, 3, 66.67),
(525, 4, 20),
(525, 8, 20),
(525, 9, 1),
(526, 8, 20),
(526, 9, 1),
(527, 3, 61.11),
(527, 4, 20.78),
(528, 3, 500),
(529, 3, 216.67),
(529, 4, 17.33),
(530, 3, 50),
(530, 4, 16),
(530, 9, 1),
(530, 8, 20),
(531, 3, 58.33),
(531, 4, 14),
(532, 3, 113.33),
(532, 4, 31.73),
(532, 8, 20),
(533, 3, 42.86),
(533, 4, 8.57),
(534, 9, 1),
(534, 8, 20),
(535, 8, 20),
(535, 9, 1),
(536, 8, 20),
(536, 9, 1),
(537, 3, 83.33),
(537, 4, 11.67),
(537, 8, 20),
(537, 9, 1),
(538, 4, 7.78),
(538, 3, 55.56),
(538, 8, 20),
(538, 9, 1),
(539, 9, 1),
(539, 8, 20),
(540, 9, 1),
(540, 8, 20),
(541, 8, 20),
(541, 9, 1),
(542, 8, 20),
(542, 9, 1),
(543, 9, 1),
(543, 8, 20),
(544, 8, 20),
(544, 9, 1),
(545, 8, 20),
(545, 9, 1),
(546, 8, 20),
(546, 9, 1),
(547, 3, 166.67),
(547, 8, 20),
(547, 9, 1),
(547, 4, 33.33),
(548, 8, 20),
(548, 9, 1),
(549, 8, 20),
(549, 9, 1),
(550, 8, 20),
(550, 9, 1),
(551, 9, 1),
(552, 8, 20),
(552, 9, 1),
(553, 8, 20),
(553, 9, 1),
(554, 3, 54.17),
(554, 4, 24.92),
(554, 8, 20),
(554, 9, 1),
(555, 3, 50),
(555, 4, 14),
(555, 8, 20),
(555, 9, 1),
(556, 3, 1350),
(556, 4, 27),
(556, 9, 1),
(556, 8, 20),
(557, 9, 1),
(557, 8, 20),
(558, 3, 83.33),
(558, 4, 15),
(558, 8, 20),
(558, 9, 1),
(559, 4, 30),
(559, 8, 20),
(559, 3, 83.33),
(559, 9, 1),
(560, 8, 20),
(560, 9, 1),
(561, 9, 1),
(561, 8, 20),
(562, 8, 20),
(562, 9, 1),
(563, 4, 19.56),
(563, 3, 61.11),
(564, 8, 20),
(564, 9, 1),
(565, 4, 15.83),
(565, 3, 41.67),
(565, 8, 20),
(565, 9, 1),
(566, 3, 50),
(566, 4, 24),
(567, 3, 66.67),
(567, 4, 18.67),
(568, 3, 650),
(569, 8, 20),
(569, 9, 1),
(570, 6, 1),
(570, 8, 40),
(570, 9, 2),
(571, 4, 12.83),
(571, 3, 58.33),
(572, 4, 13),
(572, 3, 216.67),
(573, 4, 20),
(573, 3, 71.43),
(574, 3, 50),
(574, 9, 1),
(574, 8, 20),
(574, 4, 15),
(575, 4, 25.33),
(575, 3, 133.34),
(575, 8, 40),
(575, 5, 6.67),
(575, 9, 1),
(576, 8, 20),
(576, 9, 1),
(577, 9, 1),
(577, 8, 20),
(578, 8, 20),
(578, 9, 1),
(579, 3, 83.33),
(579, 8, 20),
(579, 9, 1),
(579, 4, 28.33),
(580, 8, 20),
(580, 9, 1),
(581, 3, 83.33),
(581, 4, 10),
(581, 8, 20),
(581, 9, 1),
(582, 9, 1),
(582, 8, 20),
(583, 8, 20),
(583, 9, 1),
(584, 9, 1),
(584, 8, 20),
(585, 4, 23),
(585, 8, 20),
(585, 9, 1),
(585, 3, 76.67),
(586, 3, 166.67),
(586, 8, 20),
(586, 9, 1),
(586, 4, 30),
(587, 8, 20),
(587, 9, 1),
(588, 8, 20),
(588, 9, 1),
(589, 8, 20),
(589, 9, 1),
(590, 9, 1),
(590, 8, 20),
(591, 8, 20),
(591, 9, 1),
(592, 8, 20),
(592, 9, 1),
(593, 9, 1),
(593, 8, 20),
(594, 8, 20),
(594, 9, 1),
(595, 8, 20),
(595, 9, 1),
(596, 3, 55.56),
(596, 8, 20),
(596, 9, 1),
(596, 4, 6.67),
(597, 3, 50),
(597, 4, 24),
(598, 3, 41.67),
(598, 8, 20),
(598, 4, 15),
(598, 9, 1),
(599, 3, 113.33),
(599, 8, 20),
(599, 9, 1),
(599, 4, 29.47),
(600, 3, 42.86),
(600, 9, 1),
(600, 4, 7.71),
(600, 8, 20),
(601, 9, 1),
(601, 8, 20),
(602, 9, 1),
(602, 8, 20),
(603, 4, 23.83),
(603, 8, 20),
(603, 9, 1),
(603, 3, 54.17),
(604, 3, 83.33),
(604, 4, 13.33),
(604, 8, 20),
(604, 9, 1),
(605, 4, 17.33),
(605, 3, 66.67),
(606, 1, 1),
(607, 8, 20),
(607, 9, 1),
(608, 8, 20),
(608, 9, 1),
(609, 1, 1),
(609, 3, 708.31),
(610, 8, 20),
(610, 9, 1),
(611, 4, 11.67),
(611, 3, 58.33),
(612, 8, 20),
(612, 9, 1),
(613, 3, 216.67),
(613, 4, 8.67),
(614, 9, 1),
(614, 4, 14),
(614, 8, 20),
(614, 3, 50),
(615, 8, 20),
(615, 3, 83.33),
(615, 4, 20),
(615, 9, 1),
(616, 4, 22.75),
(616, 3, 54.17),
(616, 9, 1),
(616, 8, 20),
(617, 8, 20),
(617, 9, 1),
(618, 9, 1),
(618, 8, 20),
(619, 9, 1),
(619, 8, 20),
(620, 8, 20),
(620, 3, 76.67),
(620, 4, 21.47),
(620, 9, 1),
(621, 9, 2),
(621, 6, 1),
(621, 8, 40),
(622, 4, 16),
(622, 9, 1),
(622, 3, 66.67),
(622, 8, 20),
(623, 9, 1),
(623, 8, 20),
(624, 8, 20),
(625, 9, 2),
(625, 8, 20),
(625, 6, 2),
(626, 8, 20),
(626, 5, 6.11),
(626, 3, 122.22),
(626, 9, 1),
(626, 4, 35.44),
(627, 9, 1),
(627, 8, 20),
(627, 4, 6.86),
(627, 3, 342.84),
(628, 4, 27.2),
(628, 9, 1),
(628, 8, 20),
(628, 3, 113.33),
(629, 8, 20),
(629, 9, 1),
(630, 9, 1),
(630, 8, 20),
(631, 3, 66.67),
(631, 8, 20),
(631, 4, 10.67),
(631, 9, 1),
(632, 9, 1),
(632, 8, 20),
(633, 8, 20),
(633, 9, 1),
(634, 4, 5.56),
(634, 8, 20),
(634, 3, 55.56),
(634, 9, 1),
(635, 4, 8.33),
(635, 8, 20),
(635, 3, 83.33),
(635, 9, 1),
(636, 9, 1),
(636, 8, 20),
(637, 3, 222.16),
(637, 1, 1),
(638, 9, 1),
(638, 8, 20),
(639, 8, 20),
(639, 9, 1),
(639, 3, 166.67),
(639, 4, 26.67),
(640, 8, 20),
(640, 9, 1),
(641, 8, 20),
(641, 9, 1),
(642, 8, 20),
(642, 9, 1),
(643, 3, 583.35),
(643, 8, 20),
(643, 4, 11.67),
(643, 9, 1),
(644, 8, 20),
(644, 9, 1),
(645, 3, 83.33),
(645, 4, 26.67),
(645, 8, 20),
(645, 9, 1),
(646, 6, 1),
(646, 8, 40),
(646, 9, 2),
(647, 9, 2),
(647, 8, 40),
(647, 6, 1),
(648, 6, 4),
(648, 1, 1),
(648, 9, 5),
(648, 3, 216.65),
(648, 8, 100),
(649, 9, 5),
(649, 8, 100),
(649, 6, 4),
(650, 8, 20),
(650, 9, 1),
(651, 1, 1),
(652, 8, 20),
(652, 3, 71.22),
(652, 4, 34.19),
(652, 9, 1),
(653, 3, 50),
(653, 4, 24),
(654, 8, 460),
(654, 1, 10),
(654, 9, 23),
(655, 9, 1),
(655, 4, 24.93),
(655, 8, 20),
(655, 3, 113.33),
(656, 4, 24),
(656, 3, 400),
(657, 4, 13),
(657, 9, 1),
(657, 3, 50),
(657, 8, 20),
(658, 5, 7.14),
(658, 3, 142.86),
(658, 4, 35.71),
(659, 3, 83.33),
(659, 8, 20),
(659, 9, 1),
(659, 4, 18.33),
(660, 3, 66.67),
(660, 9, 1),
(660, 4, 9.33),
(660, 8, 20),
(661, 3, 58.33),
(661, 4, 10.5),
(662, 9, 1),
(662, 8, 20),
(663, 8, 20),
(663, 9, 1),
(664, 8, 20),
(664, 9, 1),
(665, 8, 20),
(665, 4, 21.67),
(665, 3, 54.17),
(665, 9, 1),
(666, 8, 20),
(666, 9, 1),
(667, 9, 1),
(667, 8, 20),
(668, 8, 20),
(668, 9, 1),
(669, 9, 1),
(669, 8, 20),
(670, 8, 20),
(670, 9, 1),
(671, 8, 20),
(671, 9, 1),
(672, 3, 83.33),
(672, 4, 6.67),
(672, 8, 20),
(672, 9, 1),
(673, 8, 20),
(673, 9, 1),
(674, 3, 83.33),
(674, 4, 20),
(674, 8, 20),
(674, 9, 1),
(675, 9, 1),
(675, 8, 20),
(676, 8, 20),
(676, 9, 1),
(677, 8, 20),
(677, 9, 1),
(678, 3, 66.67),
(678, 4, 14.67),
(679, 1, 1),
(680, 8, 20),
(680, 4, 12),
(680, 9, 1),
(680, 3, 50),
(681, 4, 25),
(681, 3, 83.33),
(681, 9, 1),
(681, 8, 20),
(682, 9, 1),
(682, 8, 20),
(683, 8, 20),
(683, 9, 1),
(684, 4, 23.33),
(684, 9, 1),
(684, 3, 166.67),
(684, 8, 20),
(685, 9, 1),
(685, 8, 20),
(686, 9, 1),
(686, 8, 20),
(687, 4, 24),
(687, 3, 850),
(688, 8, 20),
(688, 9, 1),
(689, 9, 1),
(689, 8, 20),
(690, 9, 1),
(690, 8, 20),
(691, 9, 1),
(691, 4, 32.76),
(691, 8, 20),
(691, 3, 71.22),
(692, 4, 15.89),
(692, 3, 61.11),
(693, 8, 20),
(693, 9, 1),
(694, 8, 20),
(694, 9, 1),
(695, 4, 19.93),
(695, 3, 76.67),
(695, 9, 1),
(695, 8, 20),
(696, 9, 1),
(696, 8, 20),
(697, 9, 4),
(697, 8, 80),
(697, 6, 3),
(698, 8, 20),
(698, 9, 1),
(699, 9, 1),
(699, 8, 20),
(700, 3, 83.33),
(700, 8, 20),
(700, 4, 16.67),
(700, 9, 1),
(701, 9, 1),
(701, 8, 20),
(702, 8, 20),
(702, 9, 1),
(703, 9, 1),
(703, 8, 20),
(704, 4, 12),
(704, 3, 50),
(704, 8, 20),
(704, 9, 1),
(705, 3, 55.56),
(705, 4, 20),
(705, 9, 1),
(705, 8, 20),
(706, 8, 20),
(706, 9, 1),
(707, 4, 18.33),
(707, 9, 1),
(707, 8, 20),
(707, 3, 83.33),
(708, 9, 2),
(708, 8, 40),
(708, 6, 1),
(709, 3, 76.67),
(709, 8, 20),
(709, 4, 18.4),
(709, 9, 1),
(710, 8, 20),
(710, 3, 113.33),
(710, 4, 22.67),
(710, 9, 1),
(711, 9, 1),
(711, 8, 20),
(712, 8, 20),
(712, 9, 1),
(713, 8, 20),
(713, 9, 1),
(714, 8, 20),
(714, 9, 1),
(715, 9, 1),
(715, 8, 20),
(716, 9, 1),
(716, 8, 20),
(717, 8, 20),
(717, 9, 1),
(718, 3, 166.67),
(718, 8, 20),
(718, 9, 1),
(718, 4, 20),
(719, 9, 1),
(719, 8, 20),
(720, 9, 1),
(720, 8, 20),
(721, 8, 20),
(721, 9, 1),
(722, 9, 1),
(722, 8, 20),
(722, 4, 5),
(722, 3, 83.33),
(723, 9, 1),
(723, 8, 20),
(723, 4, 8),
(723, 3, 399.97),
(724, 9, 1),
(724, 8, 20),
(725, 8, 20),
(725, 9, 1),
(726, 4, 13.33),
(726, 3, 66.67),
(726, 8, 20),
(726, 9, 1),
(727, 3, 50),
(727, 9, 1),
(727, 8, 20),
(727, 4, 11),
(728, 3, 83.33),
(728, 4, 23.33),
(728, 9, 1),
(728, 8, 20),
(729, 9, 1),
(729, 8, 20),
(730, 8, 20),
(730, 9, 1),
(731, 1, 4),
(732, 9, 1),
(732, 3, 54.17),
(732, 4, 20.58),
(732, 8, 20),
(733, 3, 400),
(733, 4, 16),
(734, 8, 20),
(734, 9, 1),
(735, 8, 20),
(735, 9, 1),
(736, 4, 18.89),
(736, 9, 1),
(736, 8, 20),
(736, 3, 55.56),
(737, 8, 20),
(737, 9, 1),
(738, 4, 15),
(738, 3, 83.33),
(738, 9, 1),
(738, 8, 20),
(739, 4, 11),
(739, 3, 50),
(739, 9, 1),
(739, 8, 20),
(740, 8, 20),
(740, 9, 1),
(741, 8, 20),
(741, 9, 1),
(742, 4, 16.67),
(742, 9, 1),
(742, 8, 20),
(742, 3, 83.33),
(743, 8, 20),
(743, 9, 1),
(744, 3, 83.33),
(744, 4, 3.33),
(744, 8, 20),
(744, 9, 1),
(745, 3, 122.22),
(745, 4, 28.11),
(745, 5, 6.11),
(746, 6, 1),
(746, 8, 20),
(746, 9, 1),
(747, 8, 20),
(747, 9, 1),
(748, 8, 20),
(748, 3, 66.67),
(748, 4, 12),
(748, 9, 1),
(749, 9, 1),
(749, 8, 20),
(749, 4, 40),
(749, 3, 83.33),
(750, 6, 1),
(750, 9, 2),
(750, 8, 40),
(751, 3, 76.67),
(751, 4, 16.87),
(751, 8, 20),
(751, 9, 1),
(752, 9, 1),
(752, 8, 20),
(753, 8, 20),
(753, 9, 1),
(754, 8, 40),
(754, 6, 1),
(754, 9, 2),
(755, 9, 1),
(755, 8, 20),
(756, 9, 1),
(756, 8, 20),
(757, 8, 20),
(757, 9, 1),
(758, 8, 20),
(758, 9, 1),
(759, 3, 50),
(759, 4, 6),
(759, 8, 20),
(759, 9, 1),
(760, 3, 166.67),
(760, 8, 20),
(760, 4, 16.67),
(760, 9, 1),
(761, 8, 20),
(761, 9, 1),
(762, 8, 20),
(762, 9, 1),
(763, 8, 20),
(763, 9, 1),
(764, 9, 1),
(764, 8, 20),
(765, 3, 1000),
(765, 4, 20),
(766, 1, 1),
(767, 4, 40),
(767, 3, 83.33),
(768, 8, 20),
(768, 9, 1),
(769, 8, 20),
(769, 9, 1),
(770, 3, 113.33),
(770, 8, 20),
(770, 4, 20.4),
(770, 9, 1),
(771, 8, 40),
(771, 9, 2),
(771, 6, 1),
(772, 4, 10),
(772, 3, 50),
(772, 8, 20),
(772, 9, 1),
(773, 4, 21.67),
(773, 3, 83.33),
(773, 8, 20),
(773, 9, 1),
(774, 3, 83.33),
(774, 4, 40),
(775, 8, 60),
(775, 9, 3),
(776, 9, 2),
(776, 6, 1),
(776, 8, 40),
(777, 3, 400),
(777, 8, 20),
(777, 9, 1),
(777, 4, 8),
(778, 3, 466.68),
(778, 8, 20),
(778, 4, 17.5),
(778, 9, 1),
(778, 5, 5.83),
(779, 1, 1),
(780, 3, 142.44),
(780, 4, 61.25),
(780, 5, 7.12),
(781, 4, 78.33),
(781, 3, 166.66),
(781, 5, 8.33),
(782, 1, 1),
(783, 8, 20),
(783, 3, 906.69),
(783, 4, 18.13),
(783, 9, 1),
(784, 3, 83.37),
(784, 8, 20),
(784, 4, 1.67),
(784, 9, 1),
(785, 9, 1),
(785, 8, 20),
(786, 1, 1),
(787, 9, 1),
(787, 8, 20),
(788, 4, 10.67),
(788, 8, 20),
(788, 3, 66.67),
(788, 9, 1),
(789, 9, 1),
(789, 8, 20),
(790, 9, 1),
(790, 8, 20),
(791, 8, 20),
(791, 3, 55.56),
(791, 4, 17.78),
(791, 9, 1),
(792, 3, 55.56),
(792, 4, 16.67),
(793, 3, 83.33),
(793, 9, 1),
(793, 8, 20),
(793, 4, 13.33),
(794, 8, 20),
(794, 9, 1),
(795, 4, 13.33),
(795, 3, 166.67),
(795, 8, 20),
(795, 9, 1),
(796, 4, 6),
(796, 3, 50),
(796, 9, 1),
(796, 8, 20),
(797, 9, 1),
(797, 8, 20),
(798, 9, 1),
(798, 3, 83.33),
(798, 8, 20),
(798, 4, 38.33),
(799, 8, 20),
(799, 9, 1),
(800, 9, 1),
(800, 4, 15.33),
(800, 3, 76.67),
(800, 8, 20),
(801, 9, 1),
(801, 8, 20),
(802, 8, 20),
(802, 9, 1),
(803, 8, 20),
(803, 4, 10),
(803, 3, 50),
(803, 9, 1),
(804, 6, 1),
(804, 9, 2),
(804, 8, 40),
(805, 3, 83.33),
(805, 4, 38.33),
(806, 4, 38.33),
(806, 8, 20),
(806, 3, 83.33),
(806, 9, 1),
(807, 3, 83.33),
(807, 9, 1),
(807, 8, 20),
(807, 4, 15),
(808, 9, 1),
(808, 4, 24),
(808, 8, 20),
(808, 3, 50),
(809, 8, 20),
(809, 9, 1),
(810, 5, 5.42),
(810, 9, 1),
(810, 3, 108.34),
(810, 4, 37.92),
(810, 8, 20),
(810, 6, 1),
(811, 8, 20),
(811, 9, 1),
(812, 8, 20),
(812, 9, 1),
(813, 8, 20),
(813, 9, 1),
(814, 8, 20),
(814, 9, 1),
(815, 4, 28.49),
(815, 9, 1),
(815, 3, 71.22),
(815, 8, 20),
(816, 8, 20),
(816, 9, 1),
(817, 3, 83.33),
(817, 4, 36.67),
(818, 8, 20),
(818, 9, 1),
(819, 8, 20),
(819, 9, 1),
(820, 1, 1),
(821, 3, 50),
(821, 9, 1),
(821, 4, 9),
(821, 8, 20),
(822, 9, 1),
(822, 4, 20),
(822, 3, 83.33),
(822, 8, 20),
(823, 1, 1),
(824, 3, 400),
(825, 3, 61.11),
(825, 4, 12.22),
(826, 8, 20),
(826, 9, 1),
(827, 8, 20),
(827, 9, 1),
(828, 3, 62.5),
(828, 4, 30),
(829, 4, 15.56),
(829, 3, 55.56),
(829, 9, 1),
(829, 8, 20),
(830, 8, 20),
(830, 9, 1),
(831, 9, 1),
(831, 8, 20),
(832, 9, 1),
(832, 8, 20),
(833, 4, 20),
(833, 9, 1),
(833, 8, 20),
(833, 3, 83.33),
(834, 9, 1),
(834, 8, 20),
(835, 8, 20),
(835, 9, 1),
(836, 9, 1),
(836, 8, 20),
(837, 9, 1),
(837, 3, 76.67),
(837, 4, 13.8),
(837, 8, 20),
(838, 4, 13.33),
(838, 3, 83.33),
(838, 8, 20),
(838, 9, 1),
(839, 6, 1),
(839, 3, 54.17),
(839, 9, 2),
(839, 4, 17.33),
(839, 8, 40),
(840, 9, 1),
(840, 3, 83.33),
(840, 4, 30),
(840, 8, 20),
(841, 3, 83.33),
(841, 8, 20),
(841, 9, 1),
(841, 4, 18.33),
(842, 8, 20),
(842, 9, 1),
(843, 9, 1),
(843, 8, 20),
(844, 3, 83.33),
(844, 9, 1),
(844, 8, 20),
(844, 4, 36.67),
(845, 9, 1),
(845, 8, 20),
(846, 4, 10),
(846, 9, 1),
(846, 8, 20),
(846, 3, 166.67),
(847, 8, 20),
(847, 9, 1),
(848, 4, 6),
(848, 3, 50),
(848, 8, 20),
(848, 9, 1),
(849, 8, 20),
(849, 9, 1),
(850, 8, 20),
(850, 9, 1),
(851, 8, 20),
(851, 9, 1),
(851, 4, 11.67),
(851, 3, 83.33),
(852, 8, 20),
(852, 9, 1),
(853, 9, 1),
(853, 8, 20),
(854, 8, 20),
(854, 9, 1),
(855, 8, 20),
(855, 9, 1),
(856, 8, 20),
(856, 9, 1),
(857, 3, 83.34),
(857, 8, 40),
(857, 4, 19.17),
(857, 9, 2),
(858, 3, 50),
(858, 8, 20),
(858, 4, 9),
(858, 9, 1),
(859, 1, 1),
(859, 3, 812.47),
(860, 3, 466.64),
(860, 4, 9.33),
(860, 1, 1),
(861, 4, 35),
(861, 3, 83.33),
(862, 8, 20),
(862, 9, 1),
(862, 4, 36.67),
(862, 3, 83.33),
(863, 4, 36.67),
(863, 3, 83.33),
(864, 4, 24),
(864, 3, 200),
(865, 9, 1),
(865, 3, 50),
(865, 4, 23),
(865, 8, 20),
(866, 4, 54.29),
(866, 3, 285.72),
(866, 5, 28.57),
(867, 4, 10),
(867, 3, 83.33),
(867, 8, 20),
(867, 9, 1),
(868, 3, 50),
(868, 8, 20),
(868, 4, 22),
(868, 9, 1),
(869, 1, 1),
(869, 3, 1353.21),
(869, 4, 52.7),
(869, 5, 7.12),
(869, 9, 1),
(869, 8, 20),
(870, 4, 40),
(870, 8, 20),
(870, 3, 83.33),
(870, 9, 1),
(871, 8, 20),
(871, 9, 1),
(872, 3, 122.22),
(872, 4, 20.78),
(872, 6, 1),
(872, 5, 6.11),
(872, 8, 40),
(872, 9, 2),
(873, 9, 1),
(873, 8, 20),
(874, 4, 20),
(874, 3, 200),
(875, 8, 20),
(875, 9, 1),
(876, 8, 20),
(876, 9, 1),
(877, 3, 83.33),
(877, 4, 16.67),
(877, 8, 20),
(877, 9, 1),
(878, 4, 28.33),
(878, 3, 83.33),
(878, 8, 20),
(878, 9, 1),
(879, 9, 1),
(879, 8, 20),
(880, 9, 1),
(880, 8, 20),
(881, 3, 83.33),
(881, 4, 11.67),
(881, 9, 1),
(881, 8, 20),
(882, 9, 1),
(882, 8, 20),
(883, 3, 27.78),
(883, 4, 10),
(883, 9, 1),
(883, 8, 20),
(884, 3, 83.33),
(884, 4, 35),
(884, 9, 1),
(884, 8, 20),
(885, 8, 20),
(885, 9, 1),
(886, 9, 1),
(886, 8, 20),
(887, 4, 6.67),
(887, 8, 20),
(887, 3, 333.3),
(887, 9, 1),
(888, 4, 6),
(888, 8, 40),
(888, 3, 50),
(888, 9, 2),
(889, 8, 20),
(889, 9, 1),
(890, 8, 40),
(890, 6, 1),
(890, 9, 2),
(891, 3, 83.33),
(891, 4, 33.33),
(892, 3, 62.5),
(892, 4, 28.75),
(893, 3, 83.33),
(893, 4, 40),
(894, 9, 1),
(894, 8, 20),
(895, 9, 1),
(895, 8, 20),
(896, 8, 20),
(896, 9, 1),
(897, 6, 2),
(897, 8, 60),
(897, 9, 3),
(898, 3, 41.67),
(898, 4, 8.33),
(898, 8, 20),
(898, 9, 1),
(898, 6, 1),
(899, 8, 20),
(899, 9, 1),
(900, 4, 35),
(900, 9, 1),
(900, 8, 20),
(900, 3, 83.33),
(901, 3, 83.33),
(901, 4, 35),
(902, 9, 1),
(902, 8, 20),
(903, 3, 55.56),
(903, 8, 20),
(903, 4, 14.44),
(903, 9, 1),
(904, 6, 1),
(904, 8, 40),
(904, 9, 2),
(905, 8, 20),
(905, 9, 1),
(906, 4, 18.33),
(906, 8, 20),
(906, 3, 83.33),
(906, 9, 1),
(907, 8, 20),
(907, 9, 1),
(908, 3, 50),
(908, 4, 8),
(908, 8, 20),
(908, 9, 1),
(909, 8, 20),
(909, 9, 1),
(910, 1, 1),
(910, 3, 613.31),
(910, 4, 12.27),
(911, 1, 1),
(912, 1, 1),
(913, 1, 1),
(914, 3, 71.43),
(914, 5, 7.14),
(914, 4, 10),
(915, 9, 1),
(915, 8, 20),
(916, 4, 7),
(916, 8, 20),
(916, 3, 50),
(916, 9, 1),
(917, 3, 83.33),
(917, 8, 20),
(917, 9, 1),
(917, 4, 8.33),
(918, 8, 20),
(918, 9, 1),
(919, 3, 200),
(919, 4, 16),
(920, 9, 1),
(920, 8, 20),
(921, 3, 50),
(921, 8, 20),
(921, 4, 21),
(921, 9, 1),
(922, 8, 20),
(922, 9, 1),
(923, 3, 41.67),
(923, 8, 20),
(923, 9, 1),
(923, 4, 10),
(924, 8, 20),
(924, 9, 1),
(925, 1, 0.25),
(926, 9, 1),
(926, 8, 20),
(927, 4, 18.33),
(927, 3, 166.66),
(927, 8, 20),
(927, 9, 1),
(928, 9, 1),
(928, 8, 20),
(929, 9, 1),
(929, 8, 20),
(930, 3, 83.33),
(930, 4, 33.33),
(931, 8, 20),
(931, 4, 9.44),
(931, 9, 1),
(931, 3, 27.78),
(932, 9, 1),
(932, 8, 20),
(933, 8, 20),
(933, 9, 1),
(934, 4, 31.67),
(934, 3, 83.33),
(934, 9, 1),
(934, 8, 20),
(935, 9, 1),
(935, 8, 20),
(936, 3, 50),
(936, 4, 6),
(937, 9, 1),
(937, 8, 20),
(938, 1, 10),
(939, 1, 10),
(940, 1, 10),
(941, 3, 83.33),
(941, 4, 20),
(941, 8, 20),
(941, 9, 1),
(942, 3, 62.5),
(942, 4, 27.5),
(943, 3, 71.43),
(943, 9, 1),
(943, 4, 8.57),
(944, 9, 1),
(944, 8, 20),
(945, 8, 20),
(945, 9, 1),
(946, 4, 40),
(946, 3, 83.33),
(947, 3, 83.33),
(947, 4, 33.33),
(947, 8, 20),
(947, 9, 1),
(948, 3, 83.33),
(948, 4, 33.33),
(949, 3, 41.67),
(949, 4, 7.5),
(949, 8, 20),
(949, 9, 1),
(950, 3, 83.33),
(950, 4, 26.67),
(950, 9, 1),
(950, 8, 20),
(951, 3, 83.33),
(951, 8, 20),
(951, 9, 1),
(951, 4, 15),
(952, 8, 20),
(952, 9, 1),
(953, 4, 13.33),
(953, 3, 55.48),
(953, 9, 1),
(953, 8, 20),
(954, 8, 20),
(954, 9, 1),
(955, 3, 83.33),
(955, 4, 16.67),
(955, 9, 1),
(955, 8, 20),
(956, 8, 20),
(957, 4, 38.33),
(957, 3, 83.33),
(957, 8, 20),
(957, 9, 1),
(958, 3, 83.33),
(958, 4, 40),
(958, 6, 1),
(958, 8, 20),
(958, 9, 1),
(958, 5, 8.33),
(959, 1, 2),
(960, 8, 20),
(960, 9, 1),
(961, 8, 20),
(961, 9, 1),
(962, 8, 20),
(962, 9, 1),
(963, 8, 20),
(963, 9, 1),
(964, 9, 1),
(964, 8, 20),
(965, 8, 20),
(965, 3, 50),
(965, 4, 6),
(965, 9, 1),
(966, 4, 6.67),
(966, 3, 83.33),
(966, 8, 20),
(966, 9, 1),
(967, 8, 20),
(967, 9, 1),
(968, 4, 15.89),
(968, 3, 122.22),
(968, 9, 1),
(968, 8, 20),
(968, 5, 6.11),
(969, 4, 20),
(969, 8, 20),
(969, 3, 50),
(969, 9, 1),
(970, 3, 200),
(970, 4, 12),
(971, 3, 83.33),
(971, 4, 31.67),
(972, 4, 12.22),
(972, 3, 55.56),
(972, 9, 1),
(972, 8, 20),
(973, 9, 1),
(973, 8, 20),
(974, 4, 6.67),
(974, 3, 41.67),
(974, 9, 1),
(974, 8, 20),
(975, 3, 83.33),
(975, 4, 31.67),
(975, 8, 20),
(975, 9, 1),
(976, 9, 1),
(976, 8, 20),
(977, 3, 41.67),
(977, 4, 9.17),
(977, 9, 1),
(977, 8, 20),
(978, 4, 10.8),
(978, 3, 120),
(978, 6, 1),
(978, 8, 20),
(978, 9, 2),
(978, 5, 6),
(979, 9, 1),
(979, 8, 20),
(980, 3, 83.33),
(980, 4, 36.67),
(980, 8, 20),
(980, 9, 1),
(981, 3, 50),
(981, 4, 6),
(981, 9, 1),
(981, 8, 20),
(982, 4, 30),
(982, 3, 1500),
(982, 8, 20),
(982, 9, 1),
(983, 9, 1),
(983, 8, 20),
(984, 8, 20),
(984, 9, 1),
(985, 3, 83.33),
(985, 4, 31.67),
(985, 9, 1),
(985, 8, 20),
(986, 4, 40),
(986, 8, 20),
(986, 9, 1),
(986, 3, 83.33),
(987, 3, 166.66),
(987, 5, 16.67),
(987, 4, 75),
(988, 8, 20),
(988, 9, 1),
(989, 3, 83.33),
(989, 8, 20),
(989, 4, 15),
(989, 9, 1),
(990, 3, 83.33),
(990, 4, 40),
(990, 5, 8.33),
(991, 8, 20),
(991, 9, 1),
(992, 3, 27.78),
(992, 4, 8.89),
(992, 8, 20),
(992, 9, 1),
(993, 4, 13.33),
(993, 3, 83.33),
(993, 8, 20),
(993, 9, 1),
(994, 3, 83.33),
(994, 8, 20),
(994, 9, 1),
(994, 4, 25),
(995, 3, 291.65),
(996, 1, 1.4),
(997, 3, 83.33),
(997, 4, 38.33),
(998, 3, 83.33),
(998, 6, 1),
(998, 8, 40),
(998, 9, 2),
(998, 4, 38.33),
(998, 5, 8.33),
(999, 3, 583.37),
(1000, 4, 36.67),
(1000, 9, 1),
(1000, 3, 1833.34),
(1000, 8, 20),
(1001, 5, 8.33),
(1001, 4, 71.67),
(1001, 9, 1),
(1001, 3, 1833.34),
(1001, 8, 20),
(1002, 3, 83.33),
(1002, 9, 1),
(1002, 4, 30),
(1002, 8, 20),
(1003, 3, 83.33),
(1003, 4, 30),
(1004, 3, 83.33),
(1004, 9, 1),
(1004, 4, 5),
(1004, 8, 20),
(1005, 4, 19),
(1005, 9, 1),
(1005, 3, 50),
(1005, 8, 20),
(1006, 3, 66.67),
(1006, 4, 32),
(1006, 9, 1),
(1006, 8, 20),
(1007, 4, 3.6),
(1007, 6, 1),
(1007, 9, 2),
(1007, 3, 60),
(1007, 8, 40),
(1008, 3, 61.11),
(1008, 4, 6.11),
(1008, 9, 1),
(1008, 8, 20),
(1009, 9, 1),
(1009, 8, 20),
(1010, 9, 1),
(1010, 8, 20),
(1011, 9, 1),
(1011, 8, 20),
(1012, 9, 1),
(1012, 8, 20),
(1013, 9, 1),
(1013, 8, 20),
(1014, 9, 1),
(1014, 8, 20),
(1015, 9, 1),
(1015, 8, 20),
(1016, 9, 1),
(1016, 8, 20),
(1017, 9, 1),
(1017, 8, 20),
(1018, 9, 1),
(1018, 8, 20),
(1019, 4, 38.33),
(1019, 3, 83.33),
(1019, 9, 1),
(1019, 8, 20),
(1020, 3, 55.56),
(1020, 4, 11.11),
(1020, 9, 1),
(1020, 8, 20),
(1021, 6, 1),
(1021, 9, 2),
(1021, 8, 40),
(1022, 6, 1),
(1022, 9, 2),
(1022, 8, 40),
(1023, 1, 1),
(1023, 4, 50),
(1023, 9, 1),
(1023, 3, 104.17),
(1023, 8, 20),
(1024, 4, 23.33),
(1024, 9, 1),
(1024, 3, 83.33),
(1024, 8, 20),
(1025, 6, 1),
(1025, 9, 2),
(1025, 8, 40),
(1026, 3, 41.67),
(1026, 4, 8.33),
(1026, 9, 1),
(1026, 8, 20),
(1027, 9, 1),
(1027, 8, 20),
(1028, 9, 1),
(1028, 8, 20),
(1029, 9, 1),
(1029, 8, 20),
(1030, 3, 83.33),
(1030, 4, 13.33),
(1030, 9, 1),
(1030, 8, 20),
(1031, 3, 166.66),
(1031, 4, 58.33),
(1031, 5, 8.33),
(1032, 4, 30),
(1032, 3, 83.33),
(1033, 3, 27.78),
(1033, 4, 8.33),
(1033, 9, 1),
(1033, 8, 20),
(1034, 9, 1),
(1034, 8, 20),
(1035, 4, 51.25),
(1035, 3, 1312.5),
(1035, 5, 6.25),
(1036, 3, 166.66),
(1036, 6, 1),
(1036, 5, 8.33),
(1036, 9, 2),
(1036, 4, 75),
(1036, 8, 40),
(1037, 3, 83.33),
(1037, 4, 6.67),
(1037, 9, 1),
(1037, 8, 20),
(1038, 3, 1750.01),
(1038, 4, 35),
(1038, 9, 1),
(1038, 8, 20),
(1039, 1, 1),
(1040, 6, 2),
(1040, 9, 3),
(1040, 8, 60),
(1041, 3, 166.66),
(1041, 4, 68.33),
(1041, 5, 8.33),
(1042, 5, 8.33),
(1042, 9, 2),
(1042, 6, 1),
(1042, 4, 35),
(1042, 8, 40),
(1042, 3, 166.66),
(1043, 3, 62.5),
(1043, 9, 1),
(1043, 4, 30),
(1043, 8, 20),
(1044, 1, 1),
(1044, 4, 8),
(1044, 6, 5),
(1044, 3, 400),
(1044, 9, 6),
(1044, 8, 120),
(1045, 4, 5),
(1045, 3, 250),
(1046, 1, 1.4),
(1047, 1, 10),
(1047, 9, 10),
(1047, 8, 640),
(1048, 9, 1),
(1048, 8, 20),
(1049, 3, 66.67),
(1049, 4, 30.67),
(1049, 9, 1),
(1049, 8, 20),
(1050, 3, 166.67),
(1050, 4, 40),
(1050, 9, 1),
(1050, 8, 20),
(1051, 9, 1),
(1051, 4, 3.33),
(1051, 3, 83.33),
(1051, 8, 20),
(1052, 3, 83.33),
(1052, 9, 1),
(1052, 4, 5),
(1052, 8, 20),
(1053, 9, 1),
(1053, 8, 20),
(1054, 4, 18),
(1054, 9, 1),
(1054, 3, 50),
(1054, 8, 20),
(1055, 5, 7.14),
(1055, 4, 7.14),
(1055, 3, 71.43),
(1056, 9, 1),
(1056, 8, 20),
(1057, 4, 7.5),
(1057, 9, 1),
(1057, 3, 41.67),
(1057, 8, 20),
(1058, 9, 1),
(1058, 8, 20),
(1059, 4, 28.33),
(1059, 3, 83.33),
(1059, 9, 1),
(1059, 8, 20),
(1060, 3, 83.33),
(1060, 4, 28.33),
(1061, 3, 55.56),
(1061, 4, 10),
(1062, 4, 28.33),
(1062, 3, 83.33),
(1063, 3, 83.33),
(1063, 9, 1),
(1063, 4, 36.67),
(1063, 8, 20),
(1064, 9, 1),
(1064, 8, 20),
(1065, 9, 1),
(1065, 8, 20),
(1066, 9, 1),
(1066, 8, 20),
(1067, 9, 1),
(1067, 8, 20),
(1068, 9, 1),
(1068, 8, 20),
(1069, 4, 15),
(1069, 3, 83.33),
(1070, 9, 1),
(1070, 8, 20),
(1071, 3, 60),
(1071, 4, 2.4),
(1072, 3, 83.33),
(1072, 9, 1),
(1072, 4, 21.67),
(1072, 8, 20),
(1073, 3, 104.17),
(1073, 9, 1),
(1073, 4, 47.92),
(1073, 8, 20),
(1074, 9, 1),
(1074, 8, 20),
(1075, 9, 1),
(1075, 8, 20),
(1076, 1, 1),
(1077, 9, 1),
(1077, 8, 20),
(1078, 9, 1),
(1078, 8, 20),
(1079, 9, 1),
(1079, 8, 20),
(1080, 9, 1),
(1080, 8, 20),
(1081, 9, 1),
(1081, 8, 20),
(1082, 9, 1),
(1082, 8, 20),
(1083, 3, 83.33),
(1083, 4, 26.67),
(1084, 9, 1),
(1084, 8, 20),
(1085, 4, 7.78),
(1085, 3, 27.78),
(1085, 9, 1),
(1085, 8, 20),
(1086, 4, 35),
(1086, 3, 83.33),
(1086, 9, 1),
(1086, 8, 20),
(1087, 3, 83.33),
(1087, 4, 11.67),
(1087, 9, 1),
(1087, 8, 20),
(1088, 3, 166.67),
(1088, 9, 1),
(1088, 4, 40),
(1088, 8, 20),
(1089, 1, 1),
(1090, 3, 166.67),
(1090, 9, 1),
(1090, 4, 36.67),
(1090, 8, 20),
(1093, 9, 2),
(1093, 8, 40),
(1093, 3, 60),
(1093, 4, 1.2),
(1094, 9, 1),
(1094, 8, 20),
(1095, 4, 8.56),
(1095, 3, 122.22),
(1095, 5, 6.11),
(1095, 9, 1),
(1095, 8, 20),
(1096, 9, 1),
(1096, 8, 20),
(1097, 9, 1),
(1097, 8, 20),
(1098, 3, 55.56),
(1098, 4, 8.89),
(1098, 9, 2),
(1098, 8, 40),
(1099, 4, 17),
(1099, 9, 1),
(1099, 3, 50),
(1099, 8, 20),
(1100, 9, 1),
(1100, 8, 20),
(1101, 9, 1),
(1101, 8, 20),
(1102, 3, 166.7),
(1102, 4, 3.33),
(1102, 9, 2),
(1102, 8, 40),
(1103, 3, 83.37),
(1103, 4, 1.67),
(1103, 9, 1),
(1103, 8, 20),
(1104, 3, 66.67),
(1104, 9, 1),
(1104, 4, 29.33),
(1104, 8, 20),
(1105, 9, 1),
(1105, 8, 20),
(1106, 3, 125),
(1106, 4, 56.25),
(1106, 6, 1),
(1106, 9, 2),
(1106, 5, 6.25),
(1106, 8, 40),
(1107, 3, 83.33),
(1107, 4, 40),
(1107, 9, 1),
(1107, 8, 20),
(1108, 9, 1),
(1108, 8, 20),
(1109, 9, 1),
(1109, 8, 20),
(1110, 9, 1),
(1110, 8, 20),
(1111, 3, 27.78),
(1111, 4, 7.22),
(1111, 9, 1),
(1111, 8, 20),
(1112, 9, 1),
(1112, 8, 20),
(1113, 9, 1),
(1113, 8, 20),
(1114, 3, 83.33),
(1114, 4, 26.67),
(1114, 9, 1),
(1114, 8, 20),
(1115, 3, 83.33),
(1115, 4, 26.67),
(1116, 4, 35),
(1116, 6, 1),
(1116, 9, 1),
(1116, 3, 83.33),
(1116, 8, 20),
(1117, 9, 1),
(1117, 8, 20),
(1118, 3, 83.33),
(1118, 9, 1),
(1118, 4, 26.67),
(1118, 8, 20),
(1119, 9, 1),
(1119, 8, 20),
(1120, 9, 1),
(1120, 8, 20),
(1121, 9, 1),
(1121, 8, 20),
(1122, 3, 83.33),
(1122, 4, 31.67),
(1122, 5, 8.33),
(1123, 3, 83.33),
(1123, 4, 13.33),
(1123, 9, 2),
(1123, 8, 40),
(1124, 3, 71.43),
(1124, 4, 5.71),
(1124, 5, 7.14),
(1125, 3, 104.17),
(1125, 4, 45.83),
(1125, 9, 1),
(1125, 8, 20),
(1126, 3, 83.33),
(1126, 4, 20),
(1126, 9, 1),
(1126, 8, 20),
(1127, 1, 1),
(1127, 3, 583.35),
(1128, 3, 41.67),
(1128, 4, 6.67),
(1128, 9, 1),
(1128, 8, 20),
(1129, 9, 2),
(1129, 8, 40),
(1130, 3, 83.33),
(1130, 4, 10),
(1130, 9, 1),
(1130, 8, 20),
(1131, 3, 166.67),
(1131, 4, 36.67),
(1131, 9, 1),
(1131, 8, 20),
(1132, 4, 28),
(1132, 3, 66.67),
(1132, 9, 1),
(1132, 8, 20),
(1133, 4, 33.33),
(1133, 3, 166.67),
(1133, 9, 1),
(1133, 8, 20),
(1134, 4, 25),
(1134, 3, 83.33),
(1135, 3, 83.33),
(1135, 4, 25),
(1135, 9, 1),
(1135, 8, 20),
(1136, 9, 1),
(1136, 8, 20),
(1137, 9, 1),
(1137, 8, 20),
(1138, 9, 1),
(1138, 8, 20),
(1139, 4, 65),
(1139, 6, 1),
(1139, 3, 166.66),
(1139, 9, 1),
(1139, 5, 8.33),
(1139, 8, 20),
(1140, 4, 6),
(1140, 3, 300),
(1140, 9, 1),
(1140, 8, 20),
(1141, 9, 1),
(1141, 8, 20),
(1142, 4, 7.78),
(1142, 3, 55.56),
(1142, 9, 1),
(1142, 8, 20),
(1143, 9, 1),
(1143, 8, 20),
(1144, 9, 1),
(1144, 8, 20),
(1145, 3, 71.43),
(1145, 4, 4.29),
(1145, 5, 7.14),
(1146, 4, 18.33),
(1146, 3, 83.33),
(1146, 9, 1),
(1146, 8, 20),
(1147, 3, 104.17),
(1147, 4, 43.75),
(1147, 9, 1),
(1147, 8, 20),
(1148, 9, 1),
(1148, 8, 20),
(1149, 9, 1),
(1149, 8, 20),
(1150, 3, 166.66),
(1150, 4, 48.33),
(1150, 5, 8.33),
(1151, 3, 83.33),
(1151, 4, 30),
(1151, 5, 8.33),
(1152, 3, 83.33),
(1152, 4, 33.33),
(1152, 9, 1),
(1152, 8, 20),
(1153, 9, 1),
(1153, 8, 20),
(1154, 3, 83.33),
(1154, 9, 1),
(1154, 4, 25),
(1154, 8, 20),
(1155, 9, 1),
(1155, 8, 20),
(1156, 9, 1),
(1156, 8, 20),
(1157, 9, 1),
(1157, 8, 20),
(1158, 4, 26.25),
(1158, 3, 62.5),
(1158, 9, 1),
(1158, 8, 20),
(1159, 3, 41.67),
(1159, 4, 5.83),
(1159, 9, 1),
(1159, 8, 20),
(1160, 4, 12),
(1160, 3, 50),
(1160, 9, 1),
(1160, 8, 20),
(1161, 9, 1),
(1161, 8, 20),
(1162, 3, 162.27),
(1162, 4, 35.7),
(1162, 9, 1),
(1162, 8, 20),
(1163, 3, 50),
(1163, 4, 16),
(1163, 9, 1),
(1163, 8, 20),
(1164, 3, 27.78),
(1164, 4, 6.67),
(1164, 9, 1),
(1164, 8, 20),
(1165, 9, 1),
(1165, 8, 20),
(1166, 9, 1),
(1166, 8, 20),
(1167, 3, 83.33),
(1167, 9, 1),
(1167, 4, 38.33),
(1167, 8, 20),
(1168, 3, 166.67),
(1168, 4, 33.33),
(1168, 9, 1),
(1168, 8, 20),
(1169, 9, 1),
(1169, 3, 83.33),
(1169, 4, 8.33),
(1169, 8, 20),
(1170, 11, 100),
(1171, 11, 100),
(1172, 11, 100),
(1173, 6, 2),
(1173, 9, 3),
(1173, 11, 100),
(1173, 8, 60),
(1174, 11, 100),
(1175, 11, 100),
(1176, 11, 100),
(1177, 11, 100),
(1178, 11, 100),
(1179, 11, 100),
(1180, 11, 100),
(1181, 11, 100),
(1182, 11, 100),
(1183, 6, 1),
(1183, 11, 100),
(1183, 9, 1),
(1183, 8, 20),
(1184, 11, 100),
(1185, 11, 100),
(1186, 6, 2),
(1186, 9, 3),
(1186, 11, 100),
(1186, 8, 60),
(1187, 11, 100),
(1188, 11, 100),
(1189, 11, 100),
(1190, 11, 100),
(1191, 11, 100),
(1192, 11, 100),
(1193, 11, 100),
(1194, 11, 100),
(1195, 11, 100),
(1196, 11, 100),
(1197, 11, 100),
(1198, 11, 100),
(1199, 11, 100),
(1200, 11, 100),
(1201, 11, 100),
(1201, 9, 1),
(1201, 6, 1),
(1201, 8, 20),
(1202, 11, 100),
(1203, 11, 100),
(1204, 11, 100),
(1205, 11, 100),
(1206, 11, 100),
(1207, 11, 100),
(1208, 11, 100),
(1209, 1, 1),
(1209, 3, 1166.7),
(1210, 3, 1500.02),
(1210, 1, 1),
(1210, 4, 22),
(1210, 2, 24),
(1211, 2, 20),
(1211, 1, 1),
(1211, 5, 6.11),
(1211, 3, 122.24),
(1211, 4, 3.33),
(1212, 4, 23.33),
(1212, 3, 83.33),
(1213, 4, 10),
(1213, 3, 100),
(1213, 9, 1),
(1213, 8, 20),
(1214, 9, 1),
(1214, 8, 20),
(1215, 9, 1),
(1215, 4, 15),
(1215, 3, 50),
(1215, 8, 20),
(1216, 3, 66.67),
(1216, 4, 24),
(1216, 5, 6.1),
(1216, 9, 1),
(1216, 8, 20),
(1217, 9, 1),
(1217, 8, 20),
(1218, 2, 16),
(1219, 9, 1),
(1219, 8, 20),
(1220, 9, 1),
(1220, 8, 20),
(1221, 9, 1),
(1221, 8, 20),
(1222, 9, 1),
(1222, 8, 20),
(1223, 9, 1),
(1223, 8, 20),
(1224, 4, 5),
(1224, 3, 41.67),
(1224, 9, 1),
(1224, 8, 20),
(1225, 9, 1),
(1225, 8, 20),
(1226, 4, 32.45),
(1226, 3, 162.27),
(1226, 9, 1),
(1226, 8, 20),
(1227, 9, 1),
(1227, 8, 20),
(1228, 3, 50),
(1228, 4, 4),
(1228, 9, 1),
(1228, 8, 20),
(1229, 9, 1),
(1229, 8, 20),
(1230, 1, 1),
(1230, 3, 83.33),
(1230, 4, 20),
(1230, 9, 1),
(1230, 8, 20),
(1231, 3, 104.17),
(1231, 4, 41.67),
(1231, 9, 1),
(1231, 8, 20),
(1232, 4, 16.67),
(1232, 9, 1),
(1232, 3, 83.33),
(1232, 8, 20),
(1233, 3, 83.33),
(1233, 4, 6.67),
(1233, 9, 1),
(1233, 8, 20),
(1234, 4, 30),
(1234, 9, 1),
(1234, 3, 166.67),
(1234, 8, 20),
(1235, 9, 1),
(1235, 8, 20),
(1236, 4, 26.67),
(1236, 3, 66.67),
(1236, 9, 1),
(1236, 8, 20),
(1237, 4, 11),
(1237, 3, 50),
(1237, 9, 1),
(1237, 8, 20),
(1238, 9, 1),
(1238, 8, 20),
(1239, 4, 23.33),
(1239, 3, 1166.7),
(1240, 3, 83.33),
(1240, 4, 21.67),
(1241, 9, 1),
(1241, 8, 20),
(1242, 9, 1),
(1242, 8, 20),
(1243, 9, 1),
(1243, 8, 20),
(1244, 4, 31.67),
(1244, 9, 1),
(1244, 3, 83.33),
(1244, 8, 20),
(1245, 9, 1),
(1245, 8, 20),
(1246, 9, 1),
(1246, 8, 20),
(1247, 3, 83.33),
(1247, 4, 36.67),
(1247, 9, 1),
(1247, 8, 20),
(1248, 4, 55),
(1248, 5, 8.33),
(1248, 3, 166.66),
(1249, 9, 1),
(1249, 8, 20),
(1250, 3, 27.78),
(1250, 9, 1),
(1250, 4, 6.11),
(1250, 8, 20),
(1251, 1, 1),
(1251, 2, 8.5),
(1251, 3, 333.28),
(1252, 3, 62.5),
(1252, 4, 25),
(1252, 9, 1),
(1252, 8, 20),
(1253, 3, 142.84),
(1253, 5, 14.28),
(1253, 4, 4.29),
(1254, 9, 1),
(1254, 8, 20),
(1255, 9, 1),
(1255, 8, 20),
(1256, 2, 6),
(1256, 1, 1),
(1257, 2, 10),
(1257, 1, 1),
(1258, 4, 30),
(1258, 3, 166.67),
(1258, 9, 2),
(1258, 8, 40),
(1259, 1, 1),
(1259, 2, 24),
(1260, 8, 20),
(1260, 4, 20),
(1260, 3, 100),
(1260, 9, 1),
(1261, 3, 166.67),
(1261, 4, 26.67),
(1262, 4, 25.33),
(1262, 3, 66.67),
(1262, 9, 1),
(1262, 8, 20),
(1263, 9, 1),
(1263, 8, 20),
(1264, 3, 83.33),
(1264, 9, 1),
(1264, 4, 20),
(1264, 8, 20),
(1265, 9, 1),
(1265, 8, 20),
(1266, 3, 100),
(1266, 4, 30),
(1266, 9, 1),
(1266, 8, 20),
(1267, 3, 83.33),
(1267, 4, 21.67),
(1268, 3, 25),
(1268, 4, 12),
(1268, 9, 1),
(1268, 8, 20),
(1269, 4, 5.56),
(1269, 3, 27.78),
(1269, 9, 1),
(1269, 8, 20),
(1270, 9, 1),
(1270, 8, 20),
(1271, 4, 48),
(1271, 3, 100),
(1272, 3, 100),
(1272, 4, 48),
(1272, 9, 1),
(1272, 8, 20),
(1273, 9, 1),
(1273, 8, 20),
(1274, 9, 1),
(1274, 8, 20),
(1275, 9, 1),
(1275, 8, 20),
(1276, 4, 30),
(1276, 3, 83.33),
(1276, 6, 9),
(1276, 9, 1),
(1276, 8, 20),
(1277, 9, 1),
(1277, 8, 20),
(1278, 9, 1),
(1278, 8, 20),
(1279, 3, 83.33),
(1279, 4, 18.33),
(1279, 9, 1),
(1279, 8, 20),
(1280, 3, 104.17),
(1280, 4, 39.58),
(1280, 9, 1),
(1280, 8, 20),
(1281, 9, 1),
(1281, 8, 20),
(1282, 4, 17),
(1282, 3, 85),
(1282, 9, 1),
(1282, 8, 20),
(1283, 9, 1),
(1283, 8, 20),
(1284, 3, 83.33),
(1284, 4, 35),
(1284, 9, 1),
(1284, 8, 20),
(1285, 9, 1),
(1285, 8, 20),
(1286, 3, 50),
(1286, 4, 3),
(1286, 9, 1),
(1286, 8, 20),
(1287, 3, 50),
(1287, 4, 10),
(1287, 9, 1),
(1287, 8, 20),
(1288, 9, 1),
(1288, 8, 20),
(1289, 4, 4.17),
(1289, 3, 41.67),
(1289, 9, 1),
(1289, 8, 20),
(1290, 1, 1),
(1290, 9, 1),
(1290, 8, 20),
(1291, 9, 1),
(1291, 8, 20),
(1292, 3, 162.27),
(1292, 4, 29.21),
(1292, 9, 1),
(1292, 8, 20),
(1293, 3, 166.67),
(1293, 4, 26.67),
(1293, 9, 1),
(1293, 8, 20),
(1294, 3, 83.33),
(1294, 4, 5),
(1294, 9, 1),
(1294, 8, 20),
(1295, 3, 750.03),
(1295, 1, 1),
(1295, 4, 15),
(1296, 3, 62.5),
(1296, 4, 23.75),
(1296, 9, 1),
(1296, 8, 20),
(1297, 4, 20),
(1297, 3, 83.33),
(1298, 4, 43.2),
(1298, 9, 1),
(1298, 3, 90),
(1298, 8, 20),
(1299, 1, 1),
(1299, 2, 25),
(1300, 3, 166.67),
(1300, 8, 20),
(1300, 4, 23.33),
(1300, 9, 1),
(1301, 3, 100),
(1301, 4, 18),
(1301, 9, 1),
(1301, 8, 20),
(1302, 3, 83.33),
(1302, 4, 18.33),
(1302, 9, 1),
(1302, 8, 20),
(1303, 4, 11.5),
(1303, 3, 25),
(1303, 9, 1),
(1303, 8, 20),
(1304, 9, 1),
(1304, 8, 20),
(1305, 4, 41.4),
(1305, 3, 90),
(1305, 9, 1),
(1305, 8, 20),
(1306, 9, 1),
(1306, 8, 20),
(1307, 3, 50),
(1307, 4, 2),
(1307, 9, 1),
(1307, 8, 20),
(1308, 3, 85),
(1308, 4, 15.3),
(1308, 9, 1),
(1308, 8, 20),
(1309, 3, 41.67),
(1309, 4, 3.33),
(1309, 9, 1),
(1309, 8, 20),
(1310, 9, 1),
(1310, 8, 20),
(1311, 6, 1),
(1311, 9, 2),
(1311, 8, 40),
(1312, 9, 1),
(1312, 8, 20),
(1313, 4, 20),
(1313, 3, 83.33),
(1314, 9, 1),
(1314, 8, 20),
(1315, 3, 83.33),
(1315, 9, 1),
(1315, 4, 28.33),
(1315, 8, 20),
(1316, 9, 1),
(1316, 8, 20),
(1317, 9, 1),
(1317, 8, 20),
(1318, 9, 1),
(1318, 8, 20),
(1319, 9, 1),
(1319, 8, 20),
(1320, 9, 1),
(1320, 8, 20),
(1321, 9, 1),
(1321, 8, 20),
(1322, 3, 41.67),
(1322, 4, 20),
(1322, 9, 1),
(1322, 8, 20),
(1323, 4, 5),
(1323, 3, 27.78),
(1323, 9, 1),
(1323, 8, 20),
(1324, 9, 1),
(1324, 8, 20),
(1325, 3, 83.33),
(1325, 4, 16.67),
(1325, 9, 1),
(1325, 8, 20),
(1326, 3, 50),
(1326, 9, 1),
(1326, 4, 9),
(1326, 8, 20),
(1327, 3, 162.27),
(1327, 4, 25.96),
(1327, 9, 1),
(1327, 8, 20),
(1328, 3, 66.67),
(1328, 4, 24),
(1328, 9, 1),
(1328, 8, 20),
(1329, 4, 33.33),
(1329, 3, 83.33),
(1329, 9, 1),
(1329, 8, 20),
(1330, 3, 1583.35),
(1331, 3, 104.17),
(1331, 4, 50),
(1331, 9, 1),
(1331, 8, 20),
(1332, 3, 104.17),
(1332, 4, 37.5),
(1332, 9, 1),
(1332, 8, 20),
(1333, 4, 3.33),
(1333, 3, 83.33),
(1333, 9, 1),
(1333, 8, 20),
(1334, 3, 166.67),
(1334, 4, 23.33),
(1334, 9, 1),
(1334, 8, 20),
(1335, 2, 34),
(1335, 1, 1),
(1335, 4, 28),
(1335, 3, 1400),
(1336, 3, 1133.33),
(1336, 4, 100),
(1336, 5, 26.67),
(1336, 6, 1),
(1336, 9, 2),
(1336, 8, 40),
(1337, 1, 1),
(1337, 2, 34),
(1337, 3, 700),
(1337, 4, 27),
(1337, 6, 1),
(1337, 5, 5),
(1337, 9, 2),
(1337, 8, 40),
(1338, 1, 1),
(1338, 2, 24),
(1338, 4, 18.33),
(1338, 3, 916.71),
(1339, 3, 62.5),
(1339, 4, 30),
(1339, 9, 1),
(1339, 8, 20),
(1340, 9, 2),
(1340, 6, 1),
(1340, 8, 40),
(1341, 9, 1),
(1341, 4, 22.5),
(1341, 3, 62.5),
(1341, 8, 20),
(1342, 3, 166.66),
(1342, 4, 48.33),
(1343, 8, 20),
(1343, 3, 100),
(1343, 5, 10),
(1343, 4, 46),
(1343, 6, 1),
(1343, 9, 1),
(1344, 9, 1),
(1344, 3, 166.67),
(1344, 4, 20),
(1344, 8, 20),
(1345, 9, 1),
(1345, 8, 20),
(1346, 4, 22.67),
(1346, 3, 66.67),
(1346, 9, 1),
(1346, 8, 20),
(1347, 9, 1),
(1347, 8, 20),
(1348, 4, 16),
(1348, 3, 100),
(1348, 9, 1),
(1348, 8, 20),
(1349, 4, 18.33),
(1349, 3, 83.33),
(1350, 3, 141.67),
(1350, 9, 1),
(1350, 4, 68),
(1350, 8, 20),
(1351, 3, 83.33),
(1351, 9, 1),
(1351, 4, 16.67),
(1351, 8, 20),
(1352, 4, 35.42),
(1352, 9, 1),
(1352, 3, 104.17),
(1352, 8, 20),
(1353, 3, 104.17),
(1353, 4, 47.92),
(1353, 9, 1),
(1353, 8, 20),
(1354, 3, 90),
(1354, 4, 39.6),
(1354, 9, 1),
(1354, 8, 20),
(1355, 3, 550),
(1355, 4, 11),
(1355, 9, 1),
(1355, 8, 20),
(1356, 9, 1),
(1356, 8, 20),
(1357, 9, 1),
(1357, 8, 20),
(1358, 9, 1),
(1358, 8, 20),
(1359, 9, 1),
(1359, 8, 20),
(1360, 3, 83.33),
(1360, 9, 1),
(1360, 4, 26.67),
(1360, 8, 20),
(1361, 9, 1),
(1361, 8, 20),
(1362, 9, 1),
(1362, 8, 20),
(1363, 9, 1),
(1363, 8, 20),
(1364, 3, 41.67),
(1364, 4, 2.5),
(1364, 9, 1),
(1364, 8, 20),
(1365, 3, 83.33),
(1365, 4, 15),
(1365, 9, 1),
(1365, 8, 20),
(1366, 3, 85),
(1366, 4, 13.6),
(1366, 9, 1),
(1366, 8, 20),
(1367, 3, 41.67),
(1367, 4, 19.17),
(1367, 9, 1),
(1367, 8, 20),
(1368, 9, 1),
(1368, 8, 20),
(1369, 4, 1),
(1369, 3, 50),
(1369, 9, 1),
(1369, 8, 20),
(1370, 4, 22.72),
(1370, 9, 1),
(1370, 8, 20),
(1371, 4, 46),
(1371, 3, 100),
(1371, 5, 10),
(1372, 3, 50),
(1372, 4, 8),
(1372, 9, 1),
(1372, 8, 20),
(1373, 9, 1),
(1373, 8, 20),
(1374, 3, 100),
(1374, 4, 44),
(1374, 9, 1),
(1374, 8, 20),
(1375, 9, 1),
(1375, 8, 20),
(1376, 9, 1),
(1376, 8, 20),
(1377, 3, 27.78),
(1377, 4, 4.44),
(1377, 9, 1),
(1377, 8, 20),
(1378, 4, 20),
(1378, 3, 166.67),
(1378, 9, 1),
(1378, 8, 20),
(1379, 3, 83.37),
(1379, 9, 1),
(1379, 4, 1.67),
(1379, 8, 20),
(1380, 2, 10),
(1380, 1, 1),
(1381, 3, 62.5),
(1381, 4, 28.75),
(1381, 9, 1),
(1381, 8, 20),
(1382, 4, 21.25),
(1382, 3, 62.5),
(1382, 9, 1),
(1382, 8, 20),
(1383, 9, 1),
(1383, 8, 20),
(1384, 3, 66.67),
(1384, 4, 20.33),
(1384, 9, 1),
(1384, 8, 20),
(1385, 3, 41.67),
(1385, 4, 1.67),
(1385, 9, 1),
(1385, 8, 20),
(1386, 9, 1),
(1386, 8, 20),
(1387, 3, 83.33),
(1387, 4, 15),
(1387, 9, 1),
(1387, 8, 20),
(1388, 9, 1),
(1388, 8, 20),
(1389, 3, 83.33),
(1389, 4, 21.67),
(1389, 5, 8.33),
(1390, 3, 100),
(1390, 5, 10),
(1390, 4, 44),
(1391, 3, 100),
(1391, 4, 48),
(1391, 5, 10),
(1392, 9, 1),
(1392, 8, 20),
(1393, 9, 2),
(1393, 6, 1),
(1393, 8, 40),
(1394, 9, 1),
(1394, 8, 20),
(1395, 9, 1),
(1395, 6, 2),
(1395, 8, 20),
(1396, 2, 5),
(1396, 1, 1),
(1397, 1, 1),
(1397, 2, 18),
(1398, 3, 100),
(1398, 4, 14),
(1398, 9, 1),
(1398, 8, 20),
(1399, 3, 85),
(1399, 4, 11.9),
(1399, 9, 1),
(1399, 8, 20),
(1400, 4, 7),
(1400, 3, 50),
(1400, 9, 1),
(1400, 8, 20),
(1401, 9, 1),
(1401, 8, 20),
(1402, 4, 65.17),
(1402, 3, 141.67),
(1402, 9, 1),
(1402, 8, 20),
(1403, 3, 83.33),
(1403, 4, 16.67),
(1404, 9, 1),
(1404, 8, 20),
(1405, 3, 27.78),
(1405, 4, 3.89),
(1405, 9, 1),
(1405, 8, 20),
(1406, 4, 35.7),
(1406, 9, 3),
(1406, 8, 60),
(1407, 3, 104.17),
(1407, 4, 33.33),
(1407, 9, 1),
(1408, 3, 104.17),
(1408, 4, 45.83),
(1408, 9, 1),
(1408, 8, 20),
(1409, 4, 13.33),
(1409, 3, 83.33),
(1409, 9, 1),
(1409, 8, 20),
(1410, 4, 11.67),
(1410, 3, 83.33),
(1410, 9, 1);
INSERT INTO `Entry_detail` (`entry_number`, `type_id`, `value`) VALUES
(1410, 8, 20),
(1411, 4, 16.67),
(1411, 3, 166.67),
(1411, 9, 1),
(1411, 8, 20),
(1412, 3, 83.33),
(1412, 9, 1),
(1412, 4, 20),
(1412, 8, 20),
(1413, 9, 1),
(1413, 8, 20),
(1414, 9, 1),
(1414, 8, 20),
(1415, 9, 1),
(1415, 8, 20),
(1416, 3, 83.33),
(1416, 9, 1),
(1416, 4, 25),
(1416, 8, 20),
(1417, 9, 1),
(1417, 8, 20),
(1418, 9, 1),
(1418, 8, 20),
(1419, 4, 18.33),
(1419, 3, 41.67),
(1419, 9, 1),
(1419, 8, 20),
(1420, 1, 1),
(1420, 2, 30),
(1421, 9, 1),
(1421, 4, 27.5),
(1421, 3, 62.5),
(1421, 8, 20),
(1422, 3, 166.67),
(1422, 4, 16.67),
(1422, 9, 1),
(1422, 8, 20),
(1423, 3, 62.5),
(1423, 9, 1),
(1423, 4, 20),
(1423, 8, 20);

-- --------------------------------------------------------

--
-- Estructura de tabla para la tabla `Entry_type`
--

CREATE TABLE `Entry_type` (
  `id` int(11) NOT NULL,
  `description` varchar(100) NOT NULL
) ENGINE=InnoDB DEFAULT CHARSET=utf8mb4 COLLATE=utf8mb4_general_ci;

--
-- Volcado de datos para la tabla `Entry_type`
--

INSERT INTO `Entry_type` (`id`, `description`) VALUES
(1, 'Aporte para gastos de Administración'),
(2, 'Fondo desgravamen'),
(3, 'Cuota capital préstamo'),
(4, 'Intereses préstamo'),
(5, 'Intereses mora'),
(6, 'Multas atrasos de aportes'),
(7, 'Multa inasistencias'),
(8, 'Aportes de capital'),
(9, 'Aportes fondo estratégico'),
(10, 'Depósitos a plazo fijo'),
(11, 'Depósito Ahorros');

-- --------------------------------------------------------

--
-- Estructura de tabla para la tabla `Loan`
--

CREATE TABLE `Loan` (
  `number` int(11) NOT NULL,
  `account` int(11) NOT NULL,
  `date` date NOT NULL,
  `value` float DEFAULT NULL,
  `term` int(11) DEFAULT NULL,
  `rate` float DEFAULT NULL,
  `is_end` tinyint(1) DEFAULT 0,
  `guarantor1_account` int(11) DEFAULT NULL,
  `guarantor2_account` int(11) DEFAULT NULL,
  `debt` float NOT NULL DEFAULT 0,
  `enabled` tinyint(1) DEFAULT 1
) ENGINE=InnoDB DEFAULT CHARSET=utf8mb4 COLLATE=utf8mb4_general_ci;

--
-- Volcado de datos para la tabla `Loan`
--

INSERT INTO `Loan` (`number`, `account`, `date`, `value`, `term`, `rate`, `is_end`, `guarantor1_account`, `guarantor2_account`, `debt`, `enabled`) VALUES
(1, 20, '2022-07-02', 115, 1, 2, 1, NULL, NULL, 0, 1),
(2, 12, '2022-07-02', 115, 6, 2, 1, NULL, NULL, 0, 1),
(3, 4, '2022-07-02', 115, 2, 2, 1, NULL, NULL, 0, 1),
(4, 23, '2022-07-02', 0, 0, 0, 1, NULL, NULL, 0, 0),
(5, 24, '2022-07-02', 150, 6, 2, 1, NULL, NULL, 0, 1),
(6, 26, '2022-07-02', 100, 2, 2, 1, NULL, NULL, 0, 1),
(7, 28, '2022-08-06', 136, 2, 2, 1, NULL, NULL, 0, 1),
(8, 47, '2022-08-06', 136, 2, 2, 1, NULL, NULL, 0, 1),
(9, 23, '2022-08-06', 0, 0, 0, 1, NULL, NULL, 0, 0),
(10, 1, '2022-08-06', 300, 6, 2, 1, 20, NULL, 0, 1),
(11, 20, '2022-08-06', 300, 6, 2, 1, 13, NULL, 0, 1),
(12, 23, '2022-08-06', 0, 0, 0, 1, NULL, NULL, 0, 0),
(13, 45, '2022-08-06', 92, 5, 2, 1, NULL, NULL, 0, 1),
(14, 46, '2022-08-06', 76, 5, 2, 1, NULL, NULL, 0, 1),
(15, 48, '2022-09-03', 200, 6, 2, 1, 16, NULL, 0, 1),
(16, 21, '2022-10-01', 178, 6, 2, 1, NULL, NULL, 0, 1),
(17, 14, '2022-10-01', 200, 6, 2, 1, 12, NULL, 0, 1),
(18, 28, '2022-10-01', 200, 6, 2, 1, 47, NULL, 0, 1),
(19, 4, '2022-10-01', 300, 3, 2, 1, 16, NULL, 0, 1),
(20, 20, '2022-10-01', 1500, 24, 2, 1, 17, 19, 0, 1),
(21, 13, '2022-10-01', 600, 7, 2, 1, 23, NULL, 0, 1),
(22, 48, '2022-11-12', 340, 8, 2, 1, 16, NULL, 0, 1),
(23, 26, '2022-11-12', 1000, 18, 2, 1, 41, NULL, 0, 1),
(24, 47, '2022-11-12', 500, 5, 2, 1, 26, NULL, 0, 1),
(25, 3, '2022-11-12', 199, 3, 2, 1, NULL, NULL, 0, 1),
(26, 35, '2022-11-12', 200, 1, 2, 1, NULL, NULL, 0, 1),
(27, 31, '2022-11-12', 200, 4, 2, 1, NULL, NULL, 0, 1),
(28, 33, '2022-12-03', 100, 4, 2, 1, NULL, NULL, 0, 1),
(29, 4, '2022-12-03', 1200, 24, 2, 1, 5, NULL, 0, 1),
(30, 2, '2022-12-03', 1000, 24, 2, 1, 20, NULL, 0, 1),
(31, 38, '2023-01-07', 241, 6, 2, 1, NULL, NULL, 0, 1),
(32, 50, '2023-01-07', 241, 6, 2, 1, NULL, NULL, 0, 1),
(33, 1, '2023-01-07', 1000, 12, 2, 1, NULL, NULL, 0, 1),
(34, 48, '2023-02-04', 1000, 12, 2, 1, 46, NULL, 0, 1),
(35, 19, '2023-02-04', 1200, 24, 2, 1, 43, NULL, 0, 1),
(36, 5, '2023-02-04', 300, 6, 2, 1, 4, NULL, 0, 1),
(37, 28, '2023-03-04', 500, 12, 2, 1, 47, NULL, 0, 1),
(38, 14, '2023-03-04', 1200, 12, 2, 1, 12, NULL, 0, 1),
(39, 23, '2023-03-04', 0, 0, 0, 1, NULL, NULL, 0, 0),
(40, 45, '2023-03-04', 500, 8, 2, 1, NULL, NULL, 0, 1),
(41, 46, '2023-05-06', 500, 12, 2, 1, 1, NULL, 0, 1),
(42, 21, '2023-05-06', 200, 6, 2, 1, NULL, NULL, 0, 1),
(43, 50, '2023-05-06', 1000, 15, 2, 1, NULL, NULL, 0, 1),
(44, 9, '2023-05-06', 1000, 12, 2, 1, 41, NULL, 0, 1),
(45, 22, '2023-05-06', 1000, 15, 2, 1, 4, NULL, 0, 1),
(46, 13, '2023-05-06', 400, 5, 2, 1, NULL, NULL, 0, 1),
(47, 20, '2023-05-06', 1000, 24, 2, 1, 2, NULL, 0, 1),
(48, 47, '2023-06-03', 600, 14, 2, 1, 28, NULL, 0, 1),
(49, 1, '2023-06-03', 1200, 24, 2, 1, NULL, NULL, 0, 1),
(50, 3, '2023-06-03', 1200, 24, 2, 1, NULL, NULL, 0, 1),
(51, 35, '2023-07-01', 1000, 12, 2, 1, NULL, NULL, 0, 1),
(52, 22, '2023-08-05', 1300, 6, 2, 1, NULL, NULL, 0, 1),
(53, 53, '2023-08-05', 1500, 20, 2, 1, 51, NULL, 0, 1),
(54, 21, '2023-08-05', 1100, 18, 2, 1, 4, NULL, -0, 1),
(55, 48, '2023-08-05', 2000, 12, 2, 1, NULL, NULL, 0, 1),
(56, 17, '2023-09-02', 1000, 15, 2, 1, 13, NULL, 0, 1),
(57, 2, '2023-09-02', 1300, 24, 2, 1, 40, NULL, 0, 1),
(58, 28, '2023-09-02', 1700, 15, 2, 1, 23, NULL, 0, 1),
(59, 14, '2023-10-07', 1500, 18, 2, 1, 12, NULL, 0, 1),
(60, 1, '2023-10-07', 700, 12, 2, 1, 12, NULL, 0, 1),
(61, 30, '2023-11-11', 1000, 14, 2, 1, NULL, NULL, 0, 1),
(62, 4, '2023-11-11', 1150, 15, 2, 1, 5, NULL, 0, 1),
(63, 38, '2023-12-09', 1000, 12, 2, 1, NULL, NULL, 0, 1),
(64, 20, '2023-12-09', 1709.31, 24, 2, 1, NULL, NULL, 0, 1),
(65, 26, '2024-01-06', 1000, 12, 2, 1, 41, NULL, 0, 1),
(66, 22, '2024-01-06', 1200, 3, 2, 1, 13, NULL, 0, 1),
(67, 12, '2024-01-06', 600, 12, 2, 1, NULL, NULL, 0, 1),
(68, 40, '2024-02-03', 1000, 18, 2, 1, NULL, NULL, -0, 1),
(69, 37, '2024-02-03', 2000, 24, 2, 1, 18, NULL, 0, 1),
(70, 50, '2024-03-02', 2000, 24, 2, 1, 46, NULL, -0, 1),
(71, 16, '2024-03-02', 2000, 24, 2, 0, 50, NULL, 750.05, 1),
(72, 18, '2024-03-02', 1000, 24, 2, 1, NULL, NULL, 0, 1),
(73, 31, '2024-03-02', 300, 6, 2, 1, NULL, NULL, 0, 1),
(74, 46, '2024-03-02', 2000, 24, 2, 1, NULL, NULL, -0, 1),
(75, 5, '2024-04-06', 500, 12, 2, 1, NULL, NULL, 0, 1),
(76, 22, '2024-04-08', 1200, 24, 2, 1, NULL, NULL, 0, 1),
(77, 24, '2024-05-02', 2000, 24, 2, 0, NULL, NULL, 1000.04, 1),
(78, 1, '2024-05-06', 1200, 6, 2, 1, NULL, NULL, 0, 1),
(79, 9, '2024-05-11', 1000, 12, 2, 1, NULL, NULL, 0, 1),
(80, 18, '2024-05-11', 1500, 24, 2, 1, NULL, NULL, 0, 1),
(81, 12, '2024-05-11', 1500, 18, 2, 1, NULL, NULL, 0, 1),
(82, 2, '2024-06-01', 2000, 24, 2, 1, 13, NULL, 0, 1),
(83, 17, '2024-06-01', 2000, 24, 2, 1, 20, NULL, 0, 1),
(84, 49, '2024-06-01', 500, 18, 2, 0, NULL, NULL, 166.64, 1),
(85, 20, '2024-07-05', 2000, 24, 2, 1, NULL, NULL, 0, 1),
(86, 47, '2024-07-06', 300, 5, 2, 1, NULL, NULL, 0, 1),
(87, 51, '2024-07-06', 500, 12, 2, 0, NULL, NULL, 41.63, 1),
(88, 4, '2024-07-06', 1000, 12, 2, 1, NULL, NULL, 0, 1),
(89, 13, '2024-07-06', 2000, 24, 2, 1, 17, NULL, 0, 1),
(90, 48, '2024-08-03', 1500, 24, 2, 1, NULL, NULL, 0, 1),
(91, 45, '2024-08-03', 2000, 24, 2, 0, NULL, NULL, 1166.7, 1),
(92, 5, '2024-09-07', 1500, 24, 2, 0, NULL, NULL, 937.5, 1),
(93, 28, '2024-09-07', 1600, 24, 2, 0, NULL, NULL, 999.97, 1),
(94, 14, '2024-09-09', 2500, 24, 2, 0, NULL, NULL, 1562.47, 1),
(95, 41, '2024-10-05', 2000, 12, 2, 0, NULL, NULL, 666.64, 1),
(96, 1, '2024-10-05', 1200, 18, 2, 1, NULL, NULL, 0, 1),
(97, 56, '2024-10-09', 2000, 12, 2, 0, 13, NULL, 666.64, 1),
(98, 43, '2024-11-09', 2000, 24, 2, 1, 46, NULL, 0, 1),
(99, 17, '2024-12-07', 600, 12, 2, 0, NULL, NULL, 300, 1),
(100, 13, '2024-12-07', 300, 1, 2, 1, NULL, NULL, 0, 1),
(101, 4, '2024-12-07', 1785, 11, 2, 0, 13, NULL, 1135.92, 1),
(102, 26, '2025-01-11', 1000, 12, 2, 0, NULL, NULL, 500.02, 1),
(103, 18, '2025-01-20', 200, 4, 2, 1, NULL, NULL, 0, 1),
(104, 50, '2025-01-21', 1600, 16, 2, 1, NULL, NULL, 0, 1),
(105, 20, '2025-02-01', 2400, 24, 2, 0, 3, NULL, 2100, 1),
(106, 21, '2025-02-01', 2160, 24, 2, 0, NULL, NULL, 1890, 1),
(107, 40, '2025-02-01', 850, 10, 2, 0, NULL, NULL, 510, 1),
(108, 3, '2025-02-01', 600, 24, 2, 1, NULL, NULL, 0, 1),
(109, 34, '2025-02-02', 1000, 10, 2, 0, NULL, NULL, 600, 1),
(110, 30, '2025-02-06', 2400, 24, 2, 0, NULL, NULL, 2100, 1),
(111, 23, '2025-02-07', 1000, 12, 2, 0, NULL, NULL, 666.68, 1),
(112, 57, '2025-03-08', 1500, 24, 2, 0, NULL, NULL, 1312.5, 1),
(113, 12, '2025-03-08', 2500, 24, 2, 0, 3, 35, 2187.49, 1),
(114, 2, '2025-03-12', 1000, 24, 2, 0, NULL, NULL, 874.99, 1),
(115, 50, '2025-04-05', 3400, 24, 2, 0, 16, 18, 3116.66, 1),
(116, 22, '2025-04-05', 3400, 24, 2, 0, 1, 23, 3400, 1),
(117, 37, '2025-04-05', 2400, 24, 2, 0, 40, NULL, 2300, 1),
(118, 9, '2025-05-10', 1000, 12, 2, 0, NULL, NULL, 916.67, 1),
(119, 47, '2025-06-07', 500, 8, 2, 0, NULL, NULL, 500, 1),
(120, 38, '2025-06-07', 1800, 24, 2, 0, NULL, NULL, 1800, 1),
(121, 48, '2025-06-07', 3000, 24, 2, 0, 46, NULL, 3000, 1);

-- --------------------------------------------------------

--
-- Estructura de tabla para la tabla `Loan_detail`
--

CREATE TABLE `Loan_detail` (
  `id` int(11) NOT NULL,
  `loan_number` int(11) DEFAULT NULL,
  `fee_number` int(11) NOT NULL,
  `payment_date` date NOT NULL,
  `fee_value` float NOT NULL,
  `interest` float NOT NULL,
  `fee_total` float NOT NULL,
  `balance_after_pay` float DEFAULT NULL,
  `is_paid` tinyint(1) DEFAULT 0,
  `entry_number` int(11) DEFAULT NULL,
  `is_disabled` tinyint(1) NOT NULL DEFAULT 0
) ENGINE=InnoDB DEFAULT CHARSET=utf8mb4 COLLATE=utf8mb4_general_ci;

--
-- Volcado de datos para la tabla `Loan_detail`
--

INSERT INTO `Loan_detail` (`id`, `loan_number`, `fee_number`, `payment_date`, `fee_value`, `interest`, `fee_total`, `balance_after_pay`, `is_paid`, `entry_number`, `is_disabled`) VALUES
(1, 1, 1, '2022-08-06', 115, 2.3, 117.3, 0, 1, 24, 0),
(3, 2, 1, '2022-08-06', 19.17, 2.3, 21.47, 95.83, 1, 25, 0),
(4, 2, 2, '2022-09-03', 19.17, 2.3, 21.47, 76.66, 1, 54, 0),
(5, 2, 3, '2022-10-01', 19.17, 2.3, 21.47, 57.49, 1, 77, 0),
(6, 2, 4, '2022-11-05', 19.17, 2.3, 21.47, 38.32, 1, 109, 0),
(7, 2, 5, '2022-12-03', 19.17, 2.3, 21.47, 19.17, 1, 147, 0),
(8, 2, 6, '2023-01-07', 19.17, 2.3, 21.47, 0, 1, 170, 0),
(9, 3, 1, '2022-08-06', 57.5, 2.3, 59.8, 57.5, 1, 27, 0),
(10, 3, 2, '2022-09-03', 57.5, 2.3, 59.8, 0, 1, 53, 0),
(11, 5, 1, '2022-08-06', 25, 3, 28, 125, 1, 34, 0),
(12, 5, 2, '2022-09-03', 25, 3, 28, 100, 1, 116, 0),
(13, 5, 3, '2022-10-01', 25, 3, 28, 75, 1, 116, 0),
(14, 5, 4, '2022-11-05', 25, 3, 28, 50, 1, 116, 0),
(15, 5, 5, '2022-12-03', 25, 3, 28, 25, 1, 186, 0),
(16, 5, 6, '2023-01-07', 25, 3, 28, 0, 1, 215, 0),
(17, 6, 1, '2022-08-06', 50, 2, 52, 50, 1, 31, 0),
(18, 6, 2, '2022-09-03', 50, 2, 52, 0, 1, 58, 0),
(19, 7, 1, '2022-09-03', 68, 2.72, 70.72, 68, 1, 44, 0),
(20, 7, 2, '2022-10-01', 68, 2.72, 70.72, 0, 1, 78, 0),
(21, 8, 1, '2022-09-03', 68, 2.72, 70.72, 68, 1, 80, 0),
(22, 8, 2, '2022-10-01', 68, 2.72, 70.72, 0, 1, 80, 0),
(23, 10, 1, '2022-09-03', 50, 6, 56, 250, 1, 60, 0),
(24, 10, 2, '2022-10-01', 50, 6, 56, 200, 1, 92, 0),
(25, 10, 3, '2022-11-05', 50, 6, 56, 150, 1, 112, 0),
(26, 10, 4, '2022-12-03', 50, 6, 56, 100, 1, 149, 0),
(27, 10, 5, '2023-01-07', 50, 6, 56, 50, 1, 188, 0),
(28, 10, 6, '2023-02-04', 50, 6, 56, 0, 1, 188, 0),
(29, 11, 1, '2022-09-03', 50, 6, 56, 250, 1, 49, 0),
(30, 11, 2, '2022-10-01', 50, 6, 56, 200, 1, 82, 0),
(31, 11, 3, '2022-11-05', 50, 6, 56, 150, 1, -2, 0),
(32, 11, 4, '2022-12-03', 50, 6, 56, 100, 1, -2, 0),
(33, 11, 5, '2023-01-07', 50, 6, 56, 50, 1, -2, 0),
(34, 11, 6, '2023-02-04', 50, 6, 56, 0, 1, -2, 0),
(35, 13, 1, '2022-09-03', 18.4, 1.84, 20.24, 73.6, 1, 52, 0),
(36, 13, 2, '2022-10-01', 18.4, 1.84, 20.24, 55.2, 1, 72, 0),
(37, 13, 3, '2022-11-05', 18.4, 1.84, 20.24, 36.8, 1, 114, 0),
(38, 13, 4, '2022-12-03', 18.4, 1.84, 20.24, 18.4, 1, 134, 0),
(39, 13, 5, '2023-01-07', 18.4, 1.84, 20.24, 0, 1, 166, 0),
(40, 14, 1, '2022-09-03', 15.2, 1.52, 16.72, 60.8, 1, 51, 0),
(41, 14, 2, '2022-10-01', 15.2, 1.52, 16.72, 45.6, 1, 70, 0),
(42, 14, 3, '2022-11-05', 15.2, 1.52, 16.72, 30.4, 1, 105, 0),
(43, 14, 4, '2022-12-03', 15.2, 1.52, 16.72, 15.2, 1, 106, 0),
(44, 14, 5, '2023-01-07', 15.2, 1.52, 16.72, 0, 1, 106, 0),
(45, 15, 1, '2022-10-01', 33.33, 4, 37.33, 166.67, 1, 70, 0),
(46, 15, 2, '2022-11-05', 33.33, 4, 37.33, 133.34, 1, 110, 0),
(47, 15, 3, '2022-12-03', 33.33, 4, 37.33, 100.01, 1, 110, 0),
(48, 15, 4, '2023-01-07', 33.33, 4, 37.33, 66.68, 1, 110, 0),
(49, 15, 5, '2023-02-04', 33.33, 4, 37.33, 33.33, 1, 110, 0),
(50, 15, 6, '2023-03-04', 33.33, 4, 37.33, 0, 1, 124, 0),
(51, 16, 1, '2022-11-05', 29.67, 3.56, 33.23, 148.33, 1, 102, 0),
(52, 16, 2, '2022-12-03', 29.67, 3.56, 33.23, 118.66, 1, 128, 0),
(53, 16, 3, '2023-01-07', 29.67, 3.56, 33.23, 88.99, 1, 161, 0),
(54, 16, 4, '2023-02-04', 29.67, 3.56, 33.23, 59.32, 1, 198, 0),
(55, 16, 5, '2023-03-04', 29.67, 3.56, 33.23, 29.67, 1, 233, 0),
(56, 16, 6, '2023-04-01', 29.67, 3.56, 33.23, -0.02, 1, 272, 0),
(57, 17, 1, '2022-11-05', 33.33, 4, 37.33, 166.67, 1, 113, 0),
(58, 17, 2, '2022-12-03', 33.33, 4, 37.33, 133.34, 1, 148, 0),
(59, 17, 3, '2023-01-07', 33.33, 4, 37.33, 100.01, 1, 169, 0),
(60, 17, 4, '2023-02-04', 33.33, 4, 37.33, 66.68, 1, 208, 0),
(61, 17, 5, '2023-03-04', 33.33, 4, 37.33, 33.33, 1, 254, 0),
(62, 17, 6, '2023-04-01', 33.33, 4, 37.33, 0, 1, 254, 0),
(63, 18, 1, '2022-11-05', 33.33, 4, 37.33, 166.67, 1, 118, 0),
(64, 18, 2, '2022-12-03', 33.33, 4, 37.33, 133.34, 1, 137, 0),
(65, 18, 3, '2023-01-07', 33.33, 4, 37.33, 100.01, 1, 190, 0),
(66, 18, 4, '2023-02-04', 33.33, 4, 37.33, 66.68, 1, 190, 0),
(67, 18, 5, '2023-03-04', 33.33, 4, 37.33, 33.33, 1, 234, 0),
(68, 18, 6, '2023-04-01', 33.33, 4, 37.33, 0, 1, 234, 0),
(69, 19, 1, '2022-11-05', 100, 6, 106, 200, 1, 117, 0),
(70, 19, 2, '2022-12-03', 100, 6, 106, 100, 1, 145, 0),
(71, 19, 3, '2023-01-07', 100, 6, 106, 0, 1, 151, 0),
(72, 20, 1, '2022-11-05', 62.5, 30, 92.5, 1437.5, 1, 120, 0),
(73, 20, 2, '2022-12-03', 62.5, 30, 92.5, 1375, 1, 150, 0),
(74, 20, 3, '2023-01-07', 62.5, 30, 92.5, 0, 1, 152, 0),
(75, 21, 1, '2022-11-05', 85.71, 12, 97.71, 514.29, 1, 122, 0),
(76, 21, 2, '2022-12-03', 85.71, 12, 97.71, 428.58, 1, 143, 0),
(77, 21, 3, '2023-01-07', 85.71, 12, 97.71, 342.87, 1, 157, 0),
(78, 21, 4, '2023-02-04', 85.71, 12, 97.71, 257.16, 1, 226, 0),
(79, 21, 5, '2023-03-04', 85.71, 12, 97.71, 171.45, 1, 257, 0),
(80, 21, 6, '2023-04-01', 85.71, 12, 97.71, 85.71, 1, 291, 0),
(81, 21, 7, '2023-05-06', 85.71, 12, 97.71, 0.03, 1, 335, 0),
(82, 22, 1, '2022-12-03', 42.5, 6.8, 49.3, 297.5, 1, 132, 0),
(83, 22, 2, '2023-01-07', 42.5, 5.95, 48.45, 255, 1, 167, 0),
(84, 22, 3, '2023-02-04', 42.5, 5.1, 47.6, 127.5, 1, 205, 0),
(85, 22, 4, '2023-03-04', 42.5, 4.25, 46.75, 0, 1, 210, 0),
(86, 23, 1, '2022-12-03', 55.56, 20, 75.56, 944.44, 1, 135, 0),
(87, 23, 2, '2023-01-07', 55.56, 18.89, 74.44, 888.88, 1, 158, 0),
(88, 23, 3, '2023-02-04', 55.56, 17.78, 73.33, 833.32, 1, 216, 0),
(89, 23, 4, '2023-03-04', 55.56, 16.67, 72.22, 777.76, 1, 247, 0),
(90, 23, 5, '2023-04-01', 55.56, 15.56, 71.11, 722.2, 1, 285, 0),
(91, 23, 6, '2023-05-06', 55.56, 14.44, 70, 666.64, 1, 321, 0),
(92, 23, 7, '2023-06-03', 55.56, 13.33, 68.89, 611.08, 1, 367, 0),
(93, 23, 8, '2023-07-01', 55.56, 12.22, 67.78, 555.52, 1, 374, 0),
(94, 23, 9, '2023-08-05', 55.56, 11.11, 66.67, 499.96, 1, 424, 0),
(95, 23, 10, '2023-09-02', 55.56, 10, 65.56, 444.4, 1, 468, 0),
(96, 23, 11, '2023-10-07', 55.56, 8.89, 64.44, 388.84, 1, 505, 0),
(97, 23, 12, '2023-11-04', 55.56, 7.78, 63.33, 333.28, 1, 538, 0),
(98, 23, 13, '2023-12-02', 55.56, 6.67, 62.22, 277.72, 1, 596, 0),
(99, 23, 14, '2024-01-06', 55.56, 5.56, 61.11, 222.16, 1, 634, 0),
(100, 23, 15, '2024-02-03', 55.56, 4.44, 60, 166.6, 1, 637, 0),
(101, 23, 16, '2024-03-02', 55.56, 3.33, 58.89, 111.04, 1, 637, 0),
(102, 23, 17, '2024-04-06', 55.56, 2.22, 57.78, 55.48, 1, 637, 0),
(103, 23, 18, '2024-05-04', 55.48, 1.11, 56.59, 0, 1, 637, 0),
(104, 24, 1, '2022-12-03', 100, 10, 110, 400, 1, 168, 0),
(105, 24, 2, '2023-01-07', 100, 8, 108, 300, 1, 168, 0),
(106, 24, 3, '2023-02-04', 100, 6, 106, 200, 1, 217, 0),
(107, 24, 4, '2023-03-04', 100, 4, 104, 100, 1, 235, 0),
(108, 24, 5, '2023-04-01', 100, 2, 102, 0, 1, 304, 0),
(109, 25, 1, '2022-12-03', 66.33, 3.98, 70.31, 132.67, 1, 140, 0),
(110, 25, 2, '2023-01-07', 66.33, 3.98, 70.31, 66.34, 1, 184, 0),
(111, 25, 3, '2023-02-04', 66.33, 3.98, 70.31, 0, 1, 184, 0),
(112, 26, 1, '2022-12-03', 200, 4, 204, 0, 1, 174, 0),
(113, 27, 1, '2022-12-03', 50, 4, 54, 150, 1, 133, 0),
(114, 27, 2, '2023-01-07', 50, 4, 54, 100, 1, 165, 0),
(115, 27, 3, '2023-02-04', 50, 4, 54, 50, 1, 165, 0),
(116, 27, 4, '2023-03-04', 50, 4, 54, 0, 1, 165, 0),
(117, 28, 1, '2023-01-07', 25, 2, 27, 75, 1, 73, 0),
(118, 28, 2, '2023-02-04', 25, 2, 27, 50, 1, 219, 0),
(119, 28, 3, '2023-03-04', 25, 2, 27, 25, 1, 250, 0),
(120, 28, 4, '2023-04-01', 25, 2, 27, 0, 1, 271, 0),
(121, 29, 1, '2023-01-07', 50, 24, 74, 1150, 1, 183, 0),
(122, 29, 2, '2023-02-04', 50, 23, 73, 1100, 1, 197, 0),
(123, 29, 3, '2023-03-04', 50, 22, 72, 1050, 1, 197, 0),
(124, 29, 4, '2023-04-01', 50, 21, 71, 1000, 1, 242, 0),
(125, 29, 5, '2023-05-06', 50, 20, 70, 950, 1, 284, 0),
(126, 29, 6, '2023-06-03', 50, 19, 69, 900, 1, 324, 0),
(127, 29, 7, '2023-07-01', 50, 18, 68, 850, 1, 324, 0),
(128, 29, 8, '2023-08-05', 50, 17, 67, 800, 1, 362, 0),
(129, 29, 9, '2023-09-02', 50, 16, 66, 750, 1, 471, 0),
(130, 29, 10, '2023-10-07', 50, 15, 65, 700, 1, 518, 0),
(131, 29, 11, '2023-11-04', 50, 14, 64, 650, 1, 555, 0),
(132, 29, 12, '2023-12-02', 50, 13, 63, 600, 1, 568, 0),
(133, 29, 13, '2024-01-06', 50, 12, 62, 550, 1, 568, 0),
(134, 29, 14, '2024-02-03', 50, 11, 61, 500, 1, 568, 0),
(135, 29, 15, '2024-03-02', 50, 10, 60, 450, 1, 568, 0),
(136, 29, 16, '2024-04-06', 50, 9, 59, 400, 1, 568, 0),
(137, 29, 17, '2024-05-04', 50, 8, 58, 350, 1, 568, 0),
(138, 29, 18, '2024-06-01', 50, 7, 57, 300, 1, 568, 0),
(139, 29, 19, '2024-07-06', 50, 6, 56, 250, 1, 568, 0),
(140, 29, 20, '2024-08-03', 50, 5, 55, 200, 1, 568, 0),
(141, 29, 21, '2024-09-07', 50, 4, 54, 150, 1, 568, 0),
(142, 29, 22, '2024-10-05', 50, 3, 53, 100, 1, 568, 0),
(143, 29, 23, '2024-11-02', 50, 2, 52, 50, 1, 568, 0),
(144, 29, 24, '2024-12-07', 50, 1, 51, 0, 1, 568, 0),
(145, 30, 1, '2023-01-07', 41.67, 20, 60.57, 958.33, 1, 182, 0),
(146, 30, 2, '2023-02-04', 41.67, 19.17, 60.83, 916.66, 1, 224, 0),
(147, 30, 3, '2023-03-04', 41.67, 18.33, 60, 874.99, 1, 227, 0),
(148, 30, 4, '2023-04-01', 41.67, 17.5, 58.17, 833.32, 1, 293, 0),
(149, 30, 5, '2023-05-06', 41.67, 16.67, 58.33, 791.65, 1, 331, 0),
(150, 30, 6, '2023-06-03', 41.67, 15.83, 57.5, 749.98, 1, 331, 0),
(151, 30, 7, '2023-07-01', 41.67, 15, 56.67, 708.31, 1, 331, 0),
(152, 30, 8, '2023-08-05', 41.67, 14.17, 55.83, 666.64, 1, 331, 0),
(153, 30, 9, '2023-09-02', 41.67, 13.33, 55, 624.97, 1, 331, 0),
(154, 30, 10, '2023-10-07', 41.67, 12.5, 54.17, 583.3, 1, 331, 0),
(155, 30, 11, '2023-11-04', 41.67, 11.67, 53.33, 541.63, 1, 331, 0),
(156, 30, 12, '2023-12-02', 41.67, 10.83, 52.5, 499.96, 1, 331, 0),
(157, 30, 13, '2024-01-06', 41.67, 10, 51.67, 458.29, 1, 331, 0),
(158, 30, 14, '2024-02-03', 41.67, 9.17, 50.83, 416.62, 1, 331, 0),
(159, 30, 15, '2024-03-02', 41.67, 8.33, 50, 374.95, 1, 331, 0),
(160, 30, 16, '2024-04-06', 41.67, 7.5, 49.17, 333.28, 1, 331, 0),
(161, 30, 17, '2024-05-04', 41.67, 6.67, 48.33, 291.61, 1, 331, 0),
(162, 30, 18, '2024-06-01', 41.67, 5.83, 47.5, 249.94, 1, 331, 0),
(163, 30, 19, '2024-07-06', 41.67, 5, 46.67, 208.27, 1, 331, 0),
(164, 30, 20, '2024-08-03', 41.67, 4.17, 45.83, 166.6, 1, 331, 0),
(165, 30, 21, '2024-09-07', 41.67, 3.33, 45, 124.93, 1, 331, 0),
(166, 30, 22, '2024-10-05', 41.67, 2.5, 44.17, 83.26, 1, 331, 0),
(167, 30, 23, '2024-11-02', 41.67, 1.67, 43.33, 41.59, 1, 331, 0),
(168, 30, 24, '2024-12-07', 41.67, 0.83, 42.5, -0.08, 1, 331, 0),
(169, 31, 1, '2023-02-04', 40.17, 4.82, 44.99, 200.83, 1, 194, 0),
(170, 31, 2, '2023-03-04', 40.17, 4.02, 44.18, 160.66, 1, 245, 0),
(171, 31, 3, '2023-04-01', 40.17, 3.21, 43.38, 120.49, 1, 263, 0),
(172, 31, 4, '2023-05-06', 40.17, 2.41, 42.58, 80.32, 1, 306, 0),
(173, 31, 5, '2023-06-03', 40.17, 1.61, 41.77, 40.15, 1, 352, 0),
(174, 31, 6, '2023-07-01', 40.17, 0.8, 40.97, -0.02, 1, 384, 0),
(175, 32, 1, '2023-02-04', 40.17, 4.82, 44.99, 200.83, 1, 209, 0),
(176, 32, 2, '2023-03-04', 40.17, 4.02, 44.18, 160.66, 1, 252, 0),
(177, 32, 3, '2023-04-01', 40.17, 3.21, 43.38, 120.49, 1, 286, 0),
(178, 32, 4, '2023-05-06', 40.17, 2.41, 42.58, 80.32, 1, 297, 0),
(179, 32, 5, '2023-06-03', 40.17, 1.61, 41.77, 40.15, 1, 322, 0),
(180, 32, 6, '2023-07-01', 40.17, 0.8, 40.97, -0.02, 1, 322, 0),
(181, 33, 1, '2023-02-04', 83.33, 20, 103.33, 916.67, 1, 214, 0),
(182, 33, 2, '2023-03-04', 83.33, 18.33, 101.67, 833.34, 1, 243, 0),
(183, 33, 3, '2023-04-01', 83.33, 16.67, 100, 750.01, 1, 268, 0),
(184, 33, 4, '2023-05-06', 83.33, 15, 98.33, 666.68, 1, 333, 0),
(185, 33, 5, '2023-06-03', 83.33, 13.33, 96.67, 583.35, 1, 364, 0),
(186, 33, 6, '2023-07-01', 83.33, 11.67, 95, 500.02, 1, 364, 0),
(187, 33, 7, '2023-08-05', 83.33, 10, 93.33, 416.69, 1, 364, 0),
(188, 33, 8, '2023-09-02', 83.33, 8.33, 91.67, 333.36, 1, 364, 0),
(189, 33, 9, '2023-10-07', 83.33, 6.67, 90, 250.03, 1, 364, 0),
(190, 33, 10, '2023-11-04', 83.33, 5, 88.33, 166.7, 1, 364, 0),
(191, 33, 11, '2023-12-02', 83.33, 3.33, 86.67, 83.37, 1, 364, 0),
(192, 33, 12, '2024-01-06', 83.33, 1.67, 85, 0.04, 1, 364, 0),
(193, 34, 1, '2023-03-04', 83.33, 20, 103.33, 916.67, 1, 238, 0),
(194, 34, 2, '2023-04-01', 83.33, 18.33, 101.67, 833.34, 1, 261, 0),
(195, 34, 3, '2023-05-06', 83.33, 16.67, 100, 750.01, 1, 311, 0),
(196, 34, 4, '2023-06-03', 83.33, 15, 98.33, 666.68, 1, 348, 0),
(197, 34, 5, '2023-07-01', 83.33, 13.33, 96.67, 583.35, 1, 379, 0),
(198, 34, 6, '2023-08-05', 83.33, 11.67, 95, 500.02, 1, 417, 0),
(199, 34, 7, '2023-09-02', 83.33, 10, 93.33, 416.69, 1, 417, 0),
(200, 34, 8, '2023-10-07', 83.33, 8.33, 91.67, 333.36, 1, 417, 0),
(201, 34, 9, '2023-11-04', 83.33, 6.67, 90, 250.03, 1, 417, 0),
(202, 34, 10, '2023-12-02', 83.33, 5, 88.33, 166.7, 1, 417, 0),
(203, 34, 11, '2024-01-06', 83.33, 3.33, 86.67, 83.37, 1, 417, 0),
(204, 34, 12, '2024-02-03', 83.33, 1.67, 85, 0.04, 1, 417, 0),
(205, 35, 1, '2023-03-04', 50, 24, 74, 1150, 1, 260, 0),
(206, 35, 2, '2023-04-01', 50, 23, 73, 1100, 1, 292, 0),
(207, 35, 3, '2023-05-06', 50, 22, 72, 1050, 1, 301, 0),
(208, 35, 4, '2023-06-03', 50, 21, 71, 1000, 1, 338, 0),
(209, 35, 5, '2023-07-01', 50, 20, 70, 950, 1, 372, 0),
(210, 35, 6, '2023-08-05', 50, 19, 69, 900, 1, 413, 0),
(211, 35, 7, '2023-09-02', 50, 18, 68, 850, 1, 453, 0),
(212, 35, 8, '2023-10-07', 50, 17, 67, 800, 1, 494, 0),
(213, 35, 9, '2023-11-04', 50, 16, 66, 750, 1, 530, 0),
(214, 35, 10, '2023-12-02', 50, 15, 65, 700, 1, 574, 0),
(215, 35, 11, '2024-01-06', 50, 14, 64, 650, 1, 614, 0),
(216, 35, 12, '2024-02-03', 50, 13, 63, 600, 1, 657, 0),
(217, 35, 13, '2024-03-02', 50, 12, 62, 550, 1, 704, 0),
(218, 35, 14, '2024-04-06', 50, 11, 61, 500, 1, 739, 0),
(219, 35, 15, '2024-05-04', 50, 10, 60, 450, 1, 803, 0),
(220, 35, 16, '2024-06-01', 50, 9, 59, 400, 1, 858, 0),
(221, 35, 17, '2024-07-06', 50, 8, 58, 350, 1, 908, 0),
(222, 35, 18, '2024-08-03', 50, 7, 57, 300, 1, 916, 0),
(223, 35, 19, '2024-09-07', 50, 6, 56, 250, 1, 965, 0),
(224, 35, 20, '2024-10-05', 50, 5, 55, 200, 1, 1045, 0),
(225, 35, 21, '2024-11-02', 50, 4, 54, 150, 1, 1045, 0),
(226, 35, 22, '2024-12-07', 50, 3, 53, 100, 1, 1045, 0),
(227, 35, 23, '2025-01-04', 50, 2, 52, 50, 1, 1045, 0),
(228, 35, 24, '2025-02-01', 50, 1, 51, 0, 1, 1045, 0),
(229, 36, 1, '2023-03-04', 50, 6, 56, 250, 1, 283, 0),
(230, 36, 2, '2023-04-01', 50, 6, 56, 200, 1, 283, 0),
(231, 36, 3, '2023-05-06', 50, 6, 56, 150, 1, 325, 0),
(232, 36, 4, '2023-06-03', 50, 6, 56, 100, 1, 363, 0),
(233, 36, 5, '2023-07-01', 50, 6, 56, 50, 1, 401, 0),
(234, 36, 6, '2023-08-05', 50, 6, 56, 0, 1, 427, 0),
(235, 37, 1, '2023-04-01', 41.67, 10, 51.67, 458.33, 1, 305, 0),
(236, 37, 2, '2023-05-06', 41.67, 9.17, 50.84, 416.66, 1, 305, 0),
(237, 37, 3, '2023-06-03', 41.67, 8.33, 50, 374.99, 1, 360, 0),
(238, 37, 4, '2023-07-01', 41.67, 7.5, 49.17, 333.32, 1, 392, 0),
(239, 37, 5, '2023-08-05', 41.67, 6.67, 48.34, 291.65, 1, 431, 0),
(240, 37, 6, '2023-09-02', 41.67, 5.83, 47.5, 249.98, 1, 463, 0),
(241, 37, 7, '2023-10-07', 41.67, 5, 46.67, 208.31, 1, 486, 0),
(242, 37, 8, '2023-11-04', 41.67, 4.17, 45.84, 166.64, 1, 486, 0),
(243, 37, 9, '2023-12-02', 41.67, 3.33, 45, 124.97, 1, 486, 0),
(244, 37, 10, '2024-01-06', 41.67, 2.5, 44.17, 83.3, 1, 486, 0),
(245, 37, 11, '2024-02-03', 41.67, 1.67, 43.34, 41.63, 1, 486, 0),
(246, 37, 12, '2024-03-02', 41.67, 0.83, 42.5, -0.04, 1, 486, 0),
(247, 38, 1, '2023-04-01', 100, 24, 124, 1100, 1, 280, 0),
(248, 38, 2, '2023-05-06', 100, 22, 122, 1000, 1, 318, 0),
(249, 38, 3, '2023-06-03', 100, 20, 120, 900, 1, 340, 0),
(250, 38, 4, '2023-07-01', 100, 18, 118, 800, 1, 386, 0),
(251, 38, 5, '2023-08-05', 100, 16, 116, 700, 1, 434, 0),
(252, 38, 6, '2023-09-02', 100, 14, 114, 600, 1, 470, 0),
(253, 38, 7, '2023-10-07', 100, 12, 112, 500, 1, 501, 0),
(254, 38, 8, '2023-11-04', 100, 10, 110, 400, 1, 528, 0),
(255, 38, 9, '2023-12-02', 100, 8, 108, 300, 1, 528, 0),
(256, 38, 10, '2024-01-06', 100, 6, 106, 200, 1, 528, 0),
(257, 38, 11, '2024-02-03', 100, 4, 104, 100, 1, 528, 0),
(258, 38, 12, '2024-03-02', 100, 2, 102, 0, 1, 528, 0),
(259, 40, 1, '2023-04-01', 62.5, 10, 72.5, 437.5, 1, 264, 0),
(260, 40, 2, '2023-05-06', 62.5, 8.75, 71.25, 375, 1, 310, 0),
(261, 40, 3, '2023-06-03', 62.5, 7.5, 70, 312.5, 1, 347, 0),
(262, 40, 4, '2023-07-01', 62.5, 6.25, 68.75, 250, 1, 378, 0),
(263, 40, 5, '2023-08-05', 62.5, 5, 67.5, 187.5, 1, 416, 0),
(264, 40, 6, '2023-09-02', 62.5, 3.75, 66.25, 125, 1, 416, 0),
(265, 40, 7, '2023-10-07', 62.5, 2.5, 65, 62.5, 1, 416, 0),
(266, 40, 8, '2023-11-04', 62.5, 1.25, 63.75, 0, 1, 416, 0),
(279, 41, 1, '2023-06-03', 41.67, 10, 51.67, 458.33, 1, 351, 0),
(280, 41, 2, '2023-07-01', 41.67, 9.17, 50.84, 416.66, 1, 381, 0),
(281, 41, 3, '2023-08-05', 41.67, 8.33, 50, 374.99, 1, 436, 0),
(282, 41, 4, '2023-09-02', 41.67, 7.5, 49.17, 333.32, 1, 459, 0),
(283, 41, 5, '2023-10-07', 41.67, 6.67, 48.34, 291.65, 1, 508, 0),
(284, 41, 6, '2023-11-04', 41.67, 5.83, 47.5, 249.98, 1, 508, 0),
(285, 41, 7, '2023-12-02', 41.67, 5, 46.67, 208.31, 1, 508, 0),
(286, 41, 8, '2024-01-06', 41.67, 4.17, 45.84, 166.64, 1, 508, 0),
(287, 41, 9, '2024-02-03', 41.67, 3.33, 45, 124.97, 1, 508, 0),
(288, 41, 10, '2024-03-02', 41.67, 2.5, 44.17, 83.3, 1, 508, 0),
(289, 41, 11, '2024-04-06', 41.67, 1.67, 43.34, 41.63, 1, 508, 0),
(290, 41, 12, '2024-05-04', 41.67, 0.83, 42.5, -0.04, 1, 508, 0),
(291, 42, 1, '2023-06-03', 33.33, 4, 37.33, 166.67, 1, 406, 0),
(292, 42, 2, '2023-07-01', 33.33, 4, 37.33, 133.34, 1, 406, 0),
(293, 42, 3, '2023-08-05', 33.33, 4, 37.33, 100.01, 1, 421, 0),
(294, 42, 4, '2023-09-02', 33.33, 4, 37.33, 66.68, 1, 438, 0),
(295, 42, 5, '2023-10-07', 33.33, 4, 37.33, 33.35, 1, 438, 0),
(296, 42, 6, '2023-11-04', 33.33, 4, 37.33, 0.02, 1, 438, 0),
(297, 43, 1, '2023-06-03', 66.67, 20, 86.67, 933.33, 1, 370, 0),
(298, 43, 2, '2023-07-01', 66.67, 18.67, 85.34, 866.66, 1, 387, 0),
(299, 43, 3, '2023-08-05', 66.67, 17.33, 84, 799.99, 1, 412, 0),
(300, 43, 4, '2023-09-02', 66.67, 16, 82.67, 733.32, 1, 485, 0),
(301, 43, 5, '2023-10-07', 66.67, 14.67, 81.34, 666.65, 1, 513, 0),
(302, 43, 6, '2023-11-04', 66.67, 13.33, 80, 599.98, 1, 575, 0),
(303, 43, 7, '2023-12-02', 66.67, 12, 78.67, 533.31, 1, 575, 0),
(304, 43, 8, '2024-01-06', 66.67, 10.67, 77.34, 466.64, 1, 631, 0),
(305, 43, 9, '2024-02-03', 66.67, 9.33, 76, 399.97, 1, 660, 0),
(306, 43, 10, '2024-03-02', 66.67, 8, 74.67, 333.3, 1, 723, 0),
(307, 43, 11, '2024-04-06', 66.67, 6.67, 73.34, 266.63, 1, 723, 0),
(308, 43, 12, '2024-05-04', 66.67, 5.33, 72, 199.96, 1, 723, 0),
(309, 43, 13, '2024-06-01', 66.67, 4, 70.67, 133.29, 1, 723, 0),
(310, 43, 14, '2024-07-06', 66.67, 2.67, 69.34, 66.62, 1, 723, 0),
(311, 43, 15, '2024-08-03', 66.62, 1.33, 67.95, 0, 1, 723, 0),
(312, 44, 1, '2023-06-03', 83.33, 20, 103.33, 916.67, 1, 359, 0),
(313, 44, 2, '2023-07-01', 83.33, 18.33, 101.66, 833.34, 1, 390, 0),
(314, 44, 3, '2023-08-05', 83.33, 16.67, 100, 750.01, 1, 423, 0),
(315, 44, 4, '2023-09-02', 83.33, 15, 98.33, 666.68, 1, 479, 0),
(316, 44, 5, '2023-10-07', 83.33, 13.33, 96.66, 583.35, 1, 507, 0),
(317, 44, 6, '2023-11-04', 83.33, 11.67, 95, 500.02, 1, 537, 0),
(318, 44, 7, '2023-12-02', 83.33, 10, 93.33, 416.69, 1, 581, 0),
(319, 44, 8, '2024-01-06', 83.33, 8.33, 91.66, 333.36, 1, 635, 0),
(320, 44, 9, '2024-02-03', 83.33, 6.67, 90, 250.03, 1, 672, 0),
(321, 44, 10, '2024-03-02', 83.33, 5, 88.33, 166.7, 1, 722, 0),
(322, 44, 11, '2024-04-06', 83.33, 3.33, 86.66, 83.37, 1, 744, 0),
(323, 44, 12, '2024-05-04', 83.37, 1.67, 85.04, 0, 1, 784, 0),
(324, 45, 1, '2023-06-03', 66.67, 20, 86.67, 933.33, 1, 355, 0),
(325, 45, 2, '2023-07-01', 66.67, 18.67, 85.34, 866.66, 1, 409, 0),
(326, 45, 3, '2023-08-05', 66.67, 17.33, 84, 799.99, 1, 409, 0),
(327, 45, 4, '2023-09-02', 66.67, 16, 82.67, 733.32, 1, 409, 0),
(328, 45, 5, '2023-10-07', 66.67, 14.67, 81.34, 666.65, 1, 409, 0),
(329, 45, 6, '2023-11-04', 66.67, 13.33, 80, 599.98, 1, 409, 0),
(330, 45, 7, '2023-12-02', 66.67, 12, 78.67, 533.31, 1, 409, 0),
(331, 45, 8, '2024-01-06', 66.67, 10.67, 77.34, 466.64, 1, 409, 0),
(332, 45, 9, '2024-02-03', 66.67, 9.33, 76, 399.97, 1, 409, 0),
(333, 45, 10, '2024-03-02', 66.67, 8, 74.67, 333.3, 1, 409, 0),
(334, 45, 11, '2024-04-06', 66.67, 6.67, 73.34, 266.63, 1, 409, 0),
(335, 45, 12, '2024-05-04', 66.67, 5.33, 72, 199.96, 1, 409, 0),
(336, 45, 13, '2024-06-01', 66.67, 4, 70.67, 133.29, 1, 409, 0),
(337, 45, 14, '2024-07-06', 66.67, 2.67, 69.34, 66.62, 1, 409, 0),
(338, 45, 15, '2024-08-03', 66.62, 1.33, 67.95, 0, 1, 409, 0),
(339, 46, 1, '2023-06-03', 80, 8, 88, 320, 1, 337, 0),
(340, 46, 2, '2023-07-01', 80, 6.4, 86.4, 240, 1, 398, 0),
(341, 46, 3, '2023-08-05', 80, 4.8, 84.8, 160, 1, 410, 0),
(342, 46, 4, '2023-09-02', 80, 3.2, 83.2, 80, 1, 450, 0),
(343, 46, 5, '2023-10-07', 80, 1.6, 81.6, 0, 1, 492, 0),
(344, 47, 1, '2023-06-03', 41.67, 20, 61.67, 958.33, 1, 403, 0),
(345, 47, 2, '2023-07-01', 41.67, 19.17, 60.84, 916.66, 1, 403, 0),
(346, 47, 3, '2023-08-05', 41.67, 18.33, 60, 874.99, 1, 444, 0),
(347, 47, 4, '2023-09-02', 41.67, 17.5, 59.17, 833.32, 1, 474, 0),
(348, 47, 5, '2023-10-07', 41.67, 16.67, 58.34, 791.65, 1, 515, 0),
(349, 47, 6, '2023-11-04', 41.67, 15.83, 57.5, 749.98, 1, 565, 0),
(350, 47, 7, '2023-12-02', 41.67, 15, 56.67, 708.31, 1, 598, 0),
(351, 47, 8, '2024-01-06', 41.67, 14.17, 55.84, 666.64, 1, 609, 0),
(352, 47, 9, '2024-02-03', 41.67, 13.33, 55, 624.97, 1, 609, 0),
(353, 47, 10, '2024-03-02', 41.67, 12.5, 54.17, 583.3, 1, 609, 0),
(354, 47, 11, '2024-04-06', 41.67, 11.67, 53.34, 541.63, 1, 609, 0),
(355, 47, 12, '2024-05-04', 41.67, 10.83, 52.5, 499.96, 1, 609, 0),
(356, 47, 13, '2024-06-01', 41.67, 10, 51.67, 458.29, 1, 609, 0),
(357, 47, 14, '2024-07-06', 41.67, 9.17, 50.84, 416.62, 1, 609, 0),
(358, 47, 15, '2024-08-03', 41.67, 8.33, 50, 374.95, 1, 609, 0),
(359, 47, 16, '2024-09-07', 41.67, 7.5, 49.17, 333.28, 1, 609, 0),
(360, 47, 17, '2024-10-05', 41.67, 6.67, 48.34, 291.61, 1, 609, 0),
(361, 47, 18, '2024-11-02', 41.67, 5.83, 47.5, 249.94, 1, 609, 0),
(362, 47, 19, '2024-12-07', 41.67, 5, 46.67, 208.27, 1, 609, 0),
(363, 47, 20, '2025-01-04', 41.67, 4.17, 45.84, 166.6, 1, 609, 0),
(364, 47, 21, '2025-02-01', 41.67, 3.33, 45, 124.93, 1, 609, 0),
(365, 47, 22, '2025-03-01', 41.67, 2.5, 44.17, 83.26, 1, 609, 0),
(366, 47, 23, '2025-04-05', 41.67, 1.67, 43.34, 41.59, 1, 609, 0),
(367, 47, 24, '2025-05-03', 41.59, 0.83, 42.42, 0, 1, 609, 0),
(368, 48, 1, '2023-07-01', 42.86, 12, 54.86, 557.14, 1, 393, 0),
(369, 48, 2, '2023-08-05', 42.86, 11.14, 54, 514.28, 1, 432, 0),
(370, 48, 3, '2023-09-02', 42.86, 10.29, 53.15, 471.42, 1, 462, 0),
(371, 48, 4, '2023-10-07', 42.86, 9.43, 52.29, 428.56, 1, 498, 0),
(372, 48, 5, '2023-11-04', 42.86, 8.57, 51.43, 385.7, 1, 533, 0),
(373, 48, 6, '2023-12-02', 42.86, 7.71, 50.57, 342.84, 1, 600, 0),
(374, 48, 7, '2024-01-06', 42.86, 6.86, 49.72, 299.98, 1, 627, 0),
(375, 48, 8, '2024-02-03', 42.86, 6, 48.86, 257.12, 1, 627, 0),
(376, 48, 9, '2024-03-02', 42.86, 5.14, 48, 214.26, 1, 627, 0),
(377, 48, 10, '2024-04-06', 42.86, 4.29, 47.15, 171.4, 1, 627, 0),
(378, 48, 11, '2024-05-04', 42.86, 3.43, 46.29, 128.54, 1, 627, 0),
(379, 48, 12, '2024-06-01', 42.86, 2.57, 45.43, 85.68, 1, 627, 0),
(380, 48, 13, '2024-07-06', 42.86, 1.71, 44.57, 42.82, 1, 627, 0),
(381, 48, 14, '2024-08-03', 42.82, 0.86, 43.68, 0, 1, 627, 0),
(382, 49, 1, '2023-07-01', 50, 24, 74, 1150, 1, 408, 0),
(383, 49, 2, '2023-08-05', 50, 23, 73, 1100, 1, 408, 0),
(384, 49, 3, '2023-09-02', 50, 22, 72, 1050, 1, 408, 0),
(385, 49, 4, '2023-10-07', 50, 21, 71, 1000, 1, 408, 0),
(386, 49, 5, '2023-11-04', 50, 20, 70, 950, 1, 408, 0),
(387, 49, 6, '2023-12-02', 50, 19, 69, 900, 1, 408, 0),
(388, 49, 7, '2024-01-06', 50, 18, 68, 850, 1, 408, 0),
(389, 49, 8, '2024-02-03', 50, 17, 67, 800, 1, 408, 0),
(390, 49, 9, '2024-03-02', 50, 16, 66, 750, 1, 408, 0),
(391, 49, 10, '2024-04-06', 50, 15, 65, 700, 1, 408, 0),
(392, 49, 11, '2024-05-04', 50, 14, 64, 650, 1, 408, 0),
(393, 49, 12, '2024-06-01', 50, 13, 63, 600, 1, 408, 0),
(394, 49, 13, '2024-07-06', 50, 12, 62, 550, 1, 408, 0),
(395, 49, 14, '2024-08-03', 50, 11, 61, 500, 1, 408, 0),
(396, 49, 15, '2024-09-07', 50, 10, 60, 450, 1, 408, 0),
(397, 49, 16, '2024-10-05', 50, 9, 59, 400, 1, 408, 0),
(398, 49, 17, '2024-11-02', 50, 8, 58, 350, 1, 408, 0),
(399, 49, 18, '2024-12-07', 50, 7, 57, 300, 1, 408, 0),
(400, 49, 19, '2025-01-04', 50, 6, 56, 250, 1, 408, 0),
(401, 49, 20, '2025-02-01', 50, 5, 55, 200, 1, 408, 0),
(402, 49, 21, '2025-03-01', 50, 4, 54, 150, 1, 408, 0),
(403, 49, 22, '2025-04-05', 50, 3, 53, 100, 1, 408, 0),
(404, 49, 23, '2025-05-03', 50, 2, 52, 50, 1, 408, 0),
(405, 49, 24, '2025-06-07', 50, 1, 51, 0, 1, 408, 0),
(406, 50, 1, '2023-07-01', 50, 24, 74, 1150, 1, 402, 0),
(407, 50, 2, '2023-08-05', 50, 24, 74, 1100, 1, 443, 0),
(408, 50, 3, '2023-09-02', 50, 24, 74, 1050, 1, 475, 0),
(409, 50, 4, '2023-10-07', 50, 24, 74, 1000, 1, 516, 0),
(410, 50, 5, '2023-11-04', 50, 24, 74, 950, 1, 566, 0),
(411, 50, 6, '2023-12-02', 50, 24, 74, 900, 1, 597, 0),
(412, 50, 7, '2024-01-06', 50, 24, 74, 850, 1, 653, 0),
(413, 50, 8, '2024-02-03', 50, 24, 74, 800, 1, 687, 0),
(414, 50, 9, '2024-03-02', 50, 24, 74, 750, 1, 687, 0),
(415, 50, 10, '2024-04-06', 50, 24, 74, 700, 1, 687, 0),
(416, 50, 11, '2024-05-04', 50, 24, 74, 650, 1, 687, 0),
(417, 50, 12, '2024-06-01', 50, 24, 74, 600, 1, 687, 0),
(418, 50, 13, '2024-07-06', 50, 24, 74, 550, 1, 687, 0),
(419, 50, 14, '2024-08-03', 50, 24, 74, 500, 1, 687, 0),
(420, 50, 15, '2024-09-07', 50, 24, 74, 450, 1, 687, 0),
(421, 50, 16, '2024-10-05', 50, 24, 74, 400, 1, 687, 0),
(422, 50, 17, '2024-11-02', 50, 24, 74, 350, 1, 687, 0),
(423, 50, 18, '2024-12-07', 50, 24, 74, 300, 1, 687, 0),
(424, 50, 19, '2025-01-04', 50, 24, 74, 250, 1, 687, 0),
(425, 50, 20, '2025-02-01', 50, 24, 74, 200, 1, 687, 0),
(426, 50, 21, '2025-03-01', 50, 24, 74, 150, 1, 687, 0),
(427, 50, 22, '2025-04-05', 50, 24, 74, 100, 1, 687, 0),
(428, 50, 23, '2025-05-03', 50, 24, 74, 50, 1, 687, 0),
(429, 50, 24, '2025-06-07', 50, 24, 74, 0, 1, 687, 0),
(430, 51, 1, '2023-08-05', 83.33, 20, 103.33, 916.67, 1, 428, 0),
(431, 51, 2, '2023-09-02', 83.33, 18.33, 101.66, 833.34, 1, 489, 0),
(432, 51, 3, '2023-10-07', 83.33, 16.67, 100, 750.01, 1, 524, 0),
(433, 51, 4, '2023-11-04', 83.33, 15, 98.33, 666.68, 1, 558, 0),
(434, 51, 5, '2023-12-02', 83.33, 13.33, 96.66, 583.35, 1, 604, 0),
(435, 51, 6, '2024-01-06', 83.33, 11.67, 95, 500.02, 1, 643, 0),
(436, 51, 7, '2024-02-03', 83.33, 10, 93.33, 416.69, 1, 643, 0),
(437, 51, 8, '2024-03-02', 83.33, 8.33, 91.66, 333.36, 1, 643, 0),
(438, 51, 9, '2024-04-06', 83.33, 6.67, 90, 250.03, 1, 643, 0),
(439, 51, 10, '2024-05-04', 83.33, 5, 88.33, 166.7, 1, 643, 0),
(440, 51, 11, '2024-06-01', 83.33, 3.33, 86.66, 83.37, 1, 643, 0),
(441, 51, 12, '2024-07-06', 83.37, 1.67, 85.04, 0, 1, 643, 0),
(562, 52, 1, '2023-09-02', 216.67, 26, 242.67, 1083.33, 1, 477, 0),
(563, 52, 2, '2023-10-07', 216.67, 21.67, 238.34, 866.66, 1, 493, 0),
(564, 52, 3, '2023-11-04', 216.67, 17.33, 234, 649.99, 1, 529, 0),
(565, 52, 4, '2023-12-02', 216.67, 13, 229.67, 433.32, 1, 572, 0),
(566, 52, 5, '2024-01-06', 216.67, 8.67, 225.34, 216.65, 1, 613, 0),
(567, 52, 6, '2024-02-03', 216.65, 4.33, 220.98, 0, 1, 648, 0),
(568, 53, 1, '2023-09-02', 75, 30, 105, 1425, 1, NULL, 0),
(569, 53, 2, '2023-10-07', 75, 28.5, 103.5, 1350, 1, NULL, 0),
(570, 53, 3, '2023-11-04', 75, 27, 102, 1275, 1, 556, 0),
(571, 53, 4, '2023-12-02', 75, 25.5, 100.5, 1200, 1, 556, 0),
(572, 53, 5, '2024-01-06', 75, 24, 99, 1125, 1, 556, 0),
(573, 53, 6, '2024-02-03', 75, 22.5, 97.5, 1050, 1, 556, 0),
(574, 53, 7, '2024-03-02', 75, 21, 96, 975, 1, 556, 0),
(575, 53, 8, '2024-04-06', 75, 19.5, 94.5, 900, 1, 556, 0),
(576, 53, 9, '2024-05-04', 75, 18, 93, 825, 1, 556, 0),
(577, 53, 10, '2024-06-01', 75, 16.5, 91.5, 750, 1, 556, 0),
(578, 53, 11, '2024-07-06', 75, 15, 90, 675, 1, 556, 0),
(579, 53, 12, '2024-08-03', 75, 13.5, 88.5, 600, 1, 556, 0),
(580, 53, 13, '2024-09-07', 75, 12, 87, 525, 1, 556, 0),
(581, 53, 14, '2024-10-05', 75, 10.5, 85.5, 450, 1, 556, 0),
(582, 53, 15, '2024-11-02', 75, 9, 84, 375, 1, 556, 0),
(583, 53, 16, '2024-12-07', 75, 7.5, 82.5, 300, 1, 556, 0),
(584, 53, 17, '2025-01-04', 75, 6, 81, 225, 1, 556, 0),
(585, 53, 18, '2025-02-01', 75, 4.5, 79.5, 150, 1, 556, 0),
(586, 53, 19, '2025-03-01', 75, 3, 78, 75, 1, 556, 0),
(587, 53, 20, '2025-04-05', 75, 1.5, 76.5, 0, 1, 556, 0),
(588, 54, 1, '2023-09-02', 61.11, 22, 83.11, 1038.89, 1, 478, 0),
(589, 54, 2, '2023-10-07', 61.11, 20.78, 81.89, 977.78, 1, 527, 0),
(590, 54, 3, '2023-11-04', 61.11, 19.56, 80.67, 916.67, 1, 563, 0),
(591, 54, 4, '2023-12-02', 61.11, 18.33, 79.44, 855.56, 1, 626, 0),
(592, 54, 5, '2024-01-06', 61.11, 17.11, 78.22, 794.45, 1, 626, 0),
(593, 54, 6, '2024-02-03', 61.11, 15.89, 77, 733.34, 1, 692, 0),
(594, 54, 7, '2024-03-02', 61.11, 14.67, 75.78, 672.23, 1, 745, 0),
(595, 54, 8, '2024-04-06', 61.11, 13.44, 74.55, 611.12, 1, 745, 0),
(596, 54, 9, '2024-05-04', 61.11, 12.22, 73.33, 550.01, 1, 825, 0),
(597, 54, 10, '2024-06-01', 61.11, 11, 72.11, 488.9, 1, 872, 0),
(598, 54, 11, '2024-07-06', 61.11, 9.78, 70.89, 427.79, 1, 872, 0),
(599, 54, 12, '2024-08-03', 61.11, 8.56, 69.67, 366.68, 1, 968, 0),
(600, 54, 13, '2024-09-07', 61.11, 7.33, 68.44, 305.57, 1, 968, 0),
(601, 54, 14, '2024-10-05', 61.11, 6.11, 67.22, 244.46, 1, 1008, 0),
(602, 54, 15, '2024-11-02', 61.11, 4.89, 66, 183.35, 1, 1095, 0),
(603, 54, 16, '2024-12-07', 61.11, 3.67, 64.78, 122.24, 1, 1095, 0),
(604, 54, 17, '2025-01-04', 61.11, 2.44, 63.55, 61.13, 1, 1211, 0),
(605, 54, 18, '2025-02-01', 61.13, 1.22, 62.35, 0, 1, 1211, 0),
(606, 55, 1, '2023-09-02', 166.67, 40, 206.67, 1833.33, 1, 457, 0),
(607, 55, 2, '2023-10-07', 166.67, 36.67, 203.34, 1666.66, 1, 510, 0),
(608, 55, 3, '2023-11-04', 166.67, 33.33, 200, 1499.99, 1, 547, 0),
(609, 55, 4, '2023-12-02', 166.67, 30, 196.67, 1333.32, 1, 586, 0),
(610, 55, 5, '2024-01-06', 166.67, 26.67, 193.34, 1166.65, 1, 639, 0),
(611, 55, 6, '2024-02-03', 166.67, 23.33, 190, 999.98, 1, 684, 0),
(612, 55, 7, '2024-03-02', 166.67, 20, 186.67, 833.31, 1, 718, 0),
(613, 55, 8, '2024-04-06', 166.67, 16.67, 183.34, 666.64, 1, 760, 0),
(614, 55, 9, '2024-05-04', 166.67, 13.33, 180, 499.97, 1, 795, 0),
(615, 55, 10, '2024-06-01', 166.67, 10, 176.67, 333.3, 1, 846, 0),
(616, 55, 11, '2024-07-06', 166.67, 6.67, 173.34, 166.63, 1, 887, 0),
(617, 55, 12, '2024-08-03', 166.63, 3.33, 169.94, 0, 1, 887, 0),
(618, 56, 1, '2023-10-07', 66.67, 20, 86.67, 933.33, 1, 525, 0),
(619, 56, 2, '2023-11-04', 66.67, 18.67, 85.34, 866.66, 1, 567, 0),
(620, 56, 3, '2023-12-02', 66.67, 17.33, 84, 799.99, 1, 605, 0),
(621, 56, 4, '2024-01-06', 66.67, 16, 82.67, 733.32, 1, 622, 0),
(622, 56, 5, '2024-02-03', 66.67, 14.67, 81.34, 666.65, 1, 678, 0),
(623, 56, 6, '2024-03-02', 66.67, 13.33, 80, 599.98, 1, 726, 0),
(624, 56, 7, '2024-04-06', 66.67, 12, 78.67, 533.31, 1, 748, 0),
(625, 56, 8, '2024-05-04', 66.67, 10.67, 77.34, 466.64, 1, 788, 0),
(626, 56, 9, '2024-06-01', 66.67, 9.33, 76, 399.97, 1, 860, 0),
(627, 56, 10, '2024-07-06', 66.67, 8, 74.67, 333.3, 1, 860, 0),
(628, 56, 11, '2024-08-03', 66.67, 6.67, 73.34, 266.63, 1, 860, 0),
(629, 56, 12, '2024-09-07', 66.67, 5.33, 72, 199.96, 1, 860, 0),
(630, 56, 13, '2024-10-05', 66.67, 4, 70.67, 133.29, 1, 860, 0),
(631, 56, 14, '2024-11-02', 66.67, 2.67, 69.34, 66.62, 1, 860, 0),
(632, 56, 15, '2024-12-07', 66.62, 1.33, 67.95, 0, 1, 860, 0),
(633, 57, 1, '2023-10-07', 54.17, 26, 80.17, 1245.83, 1, 521, 0),
(634, 57, 2, '2023-11-04', 54.17, 24.92, 79.09, 1191.66, 1, 554, 0),
(635, 57, 3, '2023-12-02', 54.17, 23.83, 78, 1137.49, 1, 603, 0),
(636, 57, 4, '2024-01-06', 54.17, 22.75, 76.92, 1083.32, 1, 616, 0),
(637, 57, 5, '2024-02-03', 54.17, 21.67, 75.84, 1029.15, 1, 665, 0),
(638, 57, 6, '2024-03-02', 54.17, 20.58, 74.75, 974.98, 1, 732, 0),
(639, 57, 7, '2024-04-06', 54.17, 19.5, 73.67, 920.81, 1, 810, 0),
(640, 57, 8, '2024-05-04', 54.17, 18.42, 72.59, 866.64, 1, 810, 0),
(641, 57, 9, '2024-06-01', 54.17, 17.33, 71.5, 812.47, 1, 839, 0),
(642, 57, 10, '2024-07-06', 54.17, 16.25, 70.42, 758.3, 1, 859, 0),
(643, 57, 11, '2024-08-03', 54.17, 15.17, 69.34, 704.13, 1, 859, 0),
(644, 57, 12, '2024-09-07', 54.17, 14.08, 68.25, 649.96, 1, 859, 0),
(645, 57, 13, '2024-10-05', 54.17, 13, 67.17, 595.79, 1, 859, 0),
(646, 57, 14, '2024-11-02', 54.17, 11.92, 66.09, 541.62, 1, 859, 0),
(647, 57, 15, '2024-12-07', 54.17, 10.83, 65, 487.45, 1, 859, 0),
(648, 57, 16, '2025-01-04', 54.17, 9.75, 63.92, 433.28, 1, 859, 0),
(649, 57, 17, '2025-02-01', 54.17, 8.67, 62.84, 379.11, 1, 859, 0),
(650, 57, 18, '2025-03-01', 54.17, 7.58, 61.75, 324.94, 1, 859, 0),
(651, 57, 19, '2025-04-05', 54.17, 6.5, 60.67, 270.77, 1, 859, 0),
(652, 57, 20, '2025-05-03', 54.17, 5.42, 59.59, 216.6, 1, 859, 0),
(653, 57, 21, '2025-06-07', 54.17, 4.33, 58.5, 162.43, 1, 859, 0),
(654, 57, 22, '2025-07-05', 54.17, 3.25, 57.42, 108.26, 1, 859, 0),
(655, 57, 23, '2025-08-02', 54.17, 2.17, 56.34, 54.09, 1, 859, 0),
(656, 57, 24, '2025-09-06', 54.09, 1.08, 55.17, 0, 1, 859, 0),
(657, 58, 1, '2023-10-07', 113.33, 34, 147.33, 1586.67, 1, 499, 0),
(658, 58, 2, '2023-11-04', 113.33, 31.73, 145.06, 1473.34, 1, 532, 0),
(659, 58, 3, '2023-12-02', 113.33, 29.47, 142.8, 1360.01, 1, 599, 0),
(660, 58, 4, '2024-01-06', 113.33, 27.2, 140.53, 1246.68, 1, 628, 0),
(661, 58, 5, '2024-02-03', 113.33, 24.93, 138.26, 1133.35, 1, 655, 0),
(662, 58, 6, '2024-03-02', 113.33, 22.67, 136, 1020.02, 1, 710, 0),
(663, 58, 7, '2024-04-06', 113.33, 20.4, 133.73, 906.69, 1, 770, 0),
(664, 58, 8, '2024-05-04', 113.33, 18.13, 131.46, 793.36, 1, 783, 0),
(665, 58, 9, '2024-06-01', 113.33, 15.87, 129.2, 680.03, 1, 783, 0),
(666, 58, 10, '2024-07-06', 113.33, 13.6, 126.93, 566.7, 1, 783, 0),
(667, 58, 11, '2024-08-03', 113.33, 11.33, 124.66, 453.37, 1, 783, 0),
(668, 58, 12, '2024-09-07', 113.33, 9.07, 122.4, 340.04, 1, 783, 0),
(669, 58, 13, '2024-10-05', 113.33, 6.8, 120.13, 226.71, 1, 783, 0),
(670, 58, 14, '2024-11-02', 113.33, 4.53, 117.86, 113.38, 1, 783, 0),
(671, 58, 15, '2024-12-07', 113.38, 2.27, 115.65, 0, 1, 783, 0),
(672, 59, 1, '2023-11-04', 83.33, 30, 113.33, 1416.67, 1, 559, 0),
(673, 59, 2, '2023-12-02', 83.33, 28.33, 111.66, 1333.34, 1, 579, 0),
(674, 59, 3, '2024-01-06', 83.33, 26.67, 110, 1250.01, 1, 645, 0),
(675, 59, 4, '2024-02-03', 83.33, 25, 108.33, 1166.68, 1, 681, 0),
(676, 59, 5, '2024-03-02', 83.33, 23.33, 106.66, 1083.35, 1, 728, 0),
(677, 59, 6, '2024-04-06', 83.33, 21.67, 105, 1000.02, 1, 773, 0),
(678, 59, 7, '2024-05-04', 83.33, 20, 103.33, 916.69, 1, 822, 0),
(679, 59, 8, '2024-06-01', 83.33, 18.33, 101.66, 833.36, 1, 841, 0),
(680, 59, 9, '2024-07-06', 83.33, 16.67, 100, 750.03, 1, 877, 0),
(681, 59, 10, '2024-08-03', 83.33, 15, 98.33, 666.7, 1, 951, 0),
(682, 59, 11, '2024-09-07', 83.33, 13.33, 96.66, 583.37, 1, 993, 0),
(683, 59, 12, '2024-10-05', 83.33, 11.67, 95, 500.04, 1, 999, 0),
(684, 59, 13, '2024-11-02', 83.33, 10, 93.33, 416.71, 1, 999, 0),
(685, 59, 14, '2024-12-07', 83.33, 8.33, 91.66, 333.38, 1, 999, 0),
(686, 59, 15, '2025-01-04', 83.33, 6.67, 90, 250.05, 1, 999, 0),
(687, 59, 16, '2025-02-01', 83.33, 5, 88.33, 166.72, 1, 999, 0),
(688, 59, 17, '2025-03-01', 83.33, 3.33, 86.66, 83.39, 1, 999, 0),
(689, 59, 18, '2025-04-05', 83.39, 1.67, 85.06, 0, 1, 999, 0),
(690, 60, 1, '2023-11-04', 58.33, 14, 72.33, 641.67, 1, 531, 0),
(691, 60, 2, '2023-12-02', 58.33, 12.83, 71.16, 583.34, 1, 571, 0),
(692, 60, 3, '2024-01-06', 58.33, 11.67, 70, 525.01, 1, 611, 0),
(693, 60, 4, '2024-02-03', 58.33, 10.5, 68.83, 466.68, 1, 661, 0),
(694, 60, 5, '2024-03-02', 58.33, 9.33, 67.66, 408.35, 1, 778, 0),
(695, 60, 6, '2024-04-06', 58.33, 8.17, 66.5, 350.02, 1, 778, 0),
(696, 60, 7, '2024-05-04', 58.33, 7, 65.33, 291.69, 1, 778, 0),
(697, 60, 8, '2024-06-01', 58.33, 5.83, 64.16, 233.36, 1, 778, 0),
(698, 60, 9, '2024-07-06', 58.33, 4.67, 63, 175.03, 1, 778, 0),
(699, 60, 10, '2024-08-03', 58.33, 3.5, 61.83, 116.7, 1, 778, 0),
(700, 60, 11, '2024-09-07', 58.33, 2.33, 60.66, 58.37, 1, 778, 0),
(701, 60, 12, '2024-10-05', 58.37, 1.17, 59.54, 0, 1, 778, 0),
(727, 61, 1, '2023-12-02', 71.43, 20, 91.43, 928.57, 1, 573, 0),
(728, 61, 3, '2024-02-03', 71.43, 17.14, 88.57, 785.71, 1, 658, 0),
(729, 61, 6, '2024-05-04', 71.43, 12.86, 84.29, 571.42, 1, 866, 0),
(730, 61, 7, '2024-06-01', 71.43, 11.43, 82.86, 499.99, 1, 866, 0),
(731, 61, 8, '2024-07-06', 71.43, 10, 81.43, 428.56, 1, 914, 0),
(732, 61, 2, '2024-01-06', 71.43, 18.57, 90, 857.14, 1, 658, 0),
(733, 61, 4, '2024-03-02', 71.43, 15.71, 87.14, 714.28, 1, 866, 0),
(734, 61, 5, '2024-04-06', 71.43, 14.29, 85.72, 642.85, 1, 866, 0),
(735, 61, 9, '2024-08-03', 71.43, 8.57, 80, 357.13, 1, 943, 0),
(736, 61, 10, '2024-09-07', 71.43, 7.14, 78.57, 285.7, 1, 1055, 0),
(737, 61, 11, '2024-10-05', 71.43, 5.71, 77.14, 214.27, 1, 1124, 0),
(738, 61, 12, '2024-11-02', 71.43, 4.29, 75.72, 142.84, 1, 1145, 0),
(739, 61, 14, '2025-01-04', 71.41, 1.43, 72.84, 0, 1, 1253, 0),
(740, 61, 13, '2024-12-07', 71.43, 2.86, 74.29, 71.41, 1, 1253, 0),
(741, 62, 1, '2023-12-02', 76.67, 23, 99.67, 1073.33, 1, 585, 0),
(742, 62, 2, '2024-01-06', 76.67, 21.47, 98.14, 996.66, 1, 620, 0),
(743, 62, 3, '2024-02-03', 76.67, 19.93, 96.6, 919.99, 1, 695, 0),
(744, 62, 4, '2024-03-02', 76.67, 18.4, 95.07, 843.32, 1, 709, 0),
(745, 62, 5, '2024-04-06', 76.67, 16.87, 93.54, 766.65, 1, 751, 0),
(746, 62, 6, '2024-05-04', 76.67, 15.33, 92, 689.98, 1, 800, 0),
(747, 62, 8, '2024-07-06', 76.67, 12.27, 88.94, 536.64, 1, 910, 0),
(748, 62, 7, '2024-06-01', 76.67, 13.8, 90.47, 613.31, 1, 837, 0),
(749, 62, 9, '2024-08-03', 76.67, 10.73, 87.4, 459.97, 1, 910, 0),
(750, 62, 11, '2024-10-05', 76.67, 7.67, 84.34, 306.63, 1, 910, 0),
(751, 62, 10, '2024-09-07', 76.67, 9.2, 85.87, 383.3, 1, 910, 0),
(752, 62, 12, '2024-11-02', 76.67, 6.13, 82.8, 229.96, 1, 910, 0),
(753, 62, 13, '2024-12-07', 76.67, 4.6, 81.27, 153.29, 1, 910, 0),
(754, 62, 14, '2025-01-04', 76.67, 3.07, 79.74, 76.62, 1, 910, 0),
(755, 62, 15, '2025-02-01', 76.62, 1.53, 78.15, 0, 1, 910, 0),
(764, 63, 2, '2024-02-03', 83.33, 18.33, 101.66, 833.34, 1, 659, 0),
(765, 63, 1, '2024-01-06', 83.33, 20, 103.33, 916.67, 1, 615, 0),
(766, 63, 4, '2024-04-06', 83.33, 15, 98.33, 666.68, 1, 738, 0),
(767, 63, 5, '2024-05-04', 83.33, 13.33, 96.66, 583.35, 1, 793, 0),
(768, 63, 7, '2024-07-06', 83.33, 10, 93.33, 416.69, 1, 867, 0),
(769, 63, 6, '2024-06-01', 83.33, 11.67, 95, 500.02, 1, 851, 0),
(770, 63, 3, '2024-03-02', 83.33, 16.67, 100, 750.01, 1, 700, 0),
(771, 63, 9, '2024-09-07', 83.33, 6.67, 90, 250.03, 1, 966, 0),
(772, 63, 10, '2024-10-05', 83.33, 5, 88.33, 166.7, 1, 1004, 0),
(773, 63, 8, '2024-08-03', 83.33, 8.33, 91.66, 333.36, 1, 917, 0),
(774, 63, 11, '2024-11-02', 83.33, 3.33, 86.66, 83.37, 1, 1051, 0),
(775, 63, 12, '2024-12-07', 83.37, 1.67, 85.04, 0, 1, 1103, 0),
(776, 64, 7, '2024-07-06', 71.22, 25.64, 96.86, 1210.77, 1, 869, 0),
(777, 64, 6, '2024-06-01', 71.22, 27.06, 98.28, 1281.99, 1, 869, 0),
(778, 64, 11, '2024-11-02', 71.22, 19.94, 91.16, 925.89, 1, 869, 0),
(779, 64, 12, '2024-12-07', 71.22, 18.52, 89.74, 854.67, 1, 869, 0),
(780, 64, 5, '2024-05-04', 71.22, 28.49, 99.71, 1353.21, 1, 815, 0),
(781, 64, 14, '2025-02-01', 71.22, 15.67, 86.89, 712.23, 1, 869, 0),
(782, 64, 1, '2024-01-06', 71.22, 34.19, 105.41, 1638.09, 1, 652, 0),
(783, 64, 2, '2024-02-03', 71.22, 32.76, 103.98, 1566.87, 1, 691, 0),
(784, 64, 13, '2025-01-04', 71.22, 17.09, 88.31, 783.45, 1, 869, 0),
(785, 64, 21, '2025-09-06', 71.22, 5.7, 76.92, 213.69, 1, 869, 0),
(786, 64, 4, '2024-04-06', 71.22, 29.91, 101.13, 1424.43, 1, 780, 0),
(787, 64, 3, '2024-03-02', 71.22, 31.34, 102.56, 1495.65, 1, 780, 0),
(788, 64, 10, '2024-10-05', 71.22, 21.37, 92.59, 997.11, 1, 869, 0),
(789, 64, 15, '2025-03-01', 71.22, 14.24, 85.46, 641.01, 1, 869, 0),
(790, 64, 8, '2024-08-03', 71.22, 24.22, 95.44, 1139.55, 1, 869, 0),
(791, 64, 23, '2025-11-01', 71.22, 2.85, 74.07, 71.25, 1, 869, 0),
(792, 64, 20, '2025-08-02', 71.22, 7.12, 78.34, 284.91, 1, 869, 0),
(793, 64, 17, '2025-05-03', 71.22, 11.4, 82.62, 498.57, 1, 869, 0),
(794, 64, 18, '2025-06-07', 71.22, 9.97, 81.19, 427.35, 1, 869, 0),
(795, 64, 9, '2024-09-07', 71.22, 22.79, 94.01, 1068.33, 1, 869, 0),
(796, 64, 24, '2025-12-06', 71.25, 1.42, 72.67, 0, 1, 869, 0),
(797, 64, 16, '2025-04-05', 71.22, 12.82, 84.04, 569.79, 1, 869, 0),
(798, 64, 19, '2025-07-05', 71.22, 8.55, 79.77, 356.13, 1, 869, 0),
(799, 64, 22, '2025-10-04', 71.22, 4.27, 75.49, 142.47, 1, 869, 0),
(808, 65, 1, '2024-02-03', 83.33, 20, 103.33, 916.67, 1, 674, 0),
(809, 65, 9, '2024-10-05', 83.33, 6.67, 90, 250.03, 1, 1037, 0),
(810, 65, 7, '2024-08-03', 83.33, 10, 93.33, 416.69, 1, 927, 0),
(811, 65, 3, '2024-04-06', 83.33, 16.67, 100, 750.01, 1, 742, 0),
(812, 65, 5, '2024-06-01', 83.33, 13.33, 96.66, 583.35, 1, 838, 0),
(813, 65, 12, '2025-01-04', 83.37, 1.67, 85.04, 0, 1, 1102, 0),
(814, 65, 4, '2024-05-04', 83.33, 15, 98.33, 666.68, 1, 807, 0),
(815, 65, 11, '2024-12-07', 83.33, 3.33, 86.66, 83.37, 1, 1102, 0),
(816, 65, 8, '2024-09-07', 83.33, 8.33, 91.66, 333.36, 1, 927, 0),
(817, 65, 6, '2024-07-06', 83.33, 11.67, 95, 500.02, 1, 881, 0),
(818, 65, 2, '2024-03-02', 83.33, 18.33, 101.66, 833.34, 1, 707, 0),
(819, 65, 10, '2024-11-02', 83.33, 5, 88.33, 166.7, 1, 1052, 0),
(823, 66, 3, '2024-04-06', 400, 8, 408, 0, 1, 777, 0),
(824, 66, 2, '2024-03-02', 400, 16, 416, 400, 1, 733, 0),
(825, 66, 1, '2024-02-03', 400, 24, 424, 800, 1, 656, 0),
(826, 67, 1, '2024-02-03', 50, 12, 62, 550, 1, 680, 0),
(827, 67, 6, '2024-07-06', 50, 7, 57, 300, 1, 824, 0),
(828, 67, 2, '2024-03-02', 50, 11, 61, 500, 1, 727, 0),
(829, 67, 5, '2024-06-01', 50, 8, 58, 350, 1, 824, 0),
(830, 67, 4, '2024-05-04', 50, 9, 59, 400, 1, 821, 0),
(831, 67, 9, '2024-10-05', 50, 4, 54, 150, 1, 824, 0),
(832, 67, 8, '2024-09-07', 50, 5, 55, 200, 1, 824, 0),
(833, 67, 11, '2024-12-07', 50, 2, 52, 50, 1, 824, 0),
(834, 67, 12, '2025-01-04', 50, 1, 51, 0, 1, 824, 0),
(835, 67, 10, '2024-11-02', 50, 3, 53, 100, 1, 824, 0),
(836, 67, 7, '2024-08-03', 50, 6, 56, 250, 1, 824, 0),
(837, 67, 3, '2024-04-06', 50, 10, 60, 450, 1, 772, 0),
(838, 68, 2, '2024-04-06', 55.56, 18.89, 74.45, 888.88, 1, 736, 0),
(839, 68, 8, '2024-10-05', 55.56, 12.22, 67.78, 555.52, 1, 972, 0),
(840, 68, 10, '2024-12-07', 55.56, 10, 65.56, 444.4, 1, 1061, 0),
(841, 68, 11, '2025-01-04', 55.56, 8.89, 64.45, 388.84, 1, 1098, 0),
(842, 68, 3, '2024-05-04', 55.56, 17.78, 73.34, 833.32, 1, 791, 0),
(843, 68, 6, '2024-08-03', 55.56, 14.44, 70, 666.64, 1, 903, 0),
(844, 68, 4, '2024-06-01', 55.56, 16.67, 72.23, 777.76, 1, 792, 0),
(845, 68, 12, '2025-02-01', 55.56, 7.78, 63.34, 333.28, 1, 1142, 0),
(846, 68, 15, '2025-05-03', 55.56, 4.44, 60, 166.6, 1, 1251, 0),
(847, 68, 18, '2025-08-02', 55.48, 1.11, 56.59, 0, 1, 1251, 0),
(848, 68, 17, '2025-07-05', 55.56, 2.22, 57.78, 55.48, 1, 1251, 0),
(849, 68, 5, '2024-07-06', 55.56, 15.56, 71.12, 722.2, 1, 829, 0),
(850, 68, 13, '2025-03-01', 55.56, 6.67, 62.23, 277.72, 1, 1251, 0),
(851, 68, 9, '2024-11-02', 55.56, 11.11, 66.67, 499.96, 1, 1020, 0),
(852, 68, 1, '2024-03-02', 55.56, 20, 75.56, 944.44, 1, 705, 0),
(863, 69, 1, '2024-03-02', 83.33, 40, 123.33, 1916.67, 1, 781, 0),
(864, 69, 2, '2024-04-06', 83.33, 38.33, 121.66, 1833.34, 1, 781, 0),
(865, 69, 3, '2024-05-04', 83.33, 36.67, 120, 1750.01, 1, 817, 0),
(866, 69, 4, '2024-06-01', 83.33, 35, 118.33, 1666.68, 1, 861, 0),
(867, 69, 5, '2024-07-06', 83.33, 33.33, 116.66, 1583.35, 1, 891, 0),
(868, 69, 7, '2024-09-07', 83.33, 30, 113.33, 1416.69, 1, 1031, 0),
(869, 69, 8, '2024-10-05', 83.33, 28.33, 111.66, 1333.36, 1, 1031, 0),
(870, 69, 6, '2024-08-03', 83.33, 31.67, 115, 1500.02, 1, 934, 0),
(871, 69, 9, '2024-11-02', 83.33, 26.67, 110, 1250.03, 1, 1083, 0),
(872, 69, 10, '2024-12-07', 83.33, 25, 108.33, 1166.7, 1, 1150, 0),
(873, 69, 11, '2025-01-04', 83.33, 23.33, 106.66, 1083.37, 1, 1150, 0),
(874, 69, 12, '2025-02-01', 83.33, 21.67, 105, 1000.04, 1, 1240, 0),
(875, 69, 13, '2025-03-01', 83.33, 20, 103.33, 916.71, 1, 1297, 0),
(876, 69, 14, '2025-04-05', 83.33, 18.33, 101.66, 833.38, 1, 1338, 0),
(877, 69, 15, '2025-05-03', 83.33, 16.67, 100, 750.05, 1, 1338, 0),
(878, 69, 16, '2025-06-07', 83.33, 15, 98.33, 666.72, 1, 1338, 0),
(879, 69, 18, '2025-08-02', 83.33, 11.67, 95, 500.06, 1, 1338, 0),
(880, 69, 17, '2025-07-05', 83.33, 13.33, 96.66, 583.39, 1, 1338, 0),
(881, 69, 19, '2025-09-06', 83.33, 10, 93.33, 416.73, 1, 1338, 0),
(882, 69, 22, '2025-12-06', 83.33, 5, 88.33, 166.74, 1, 1338, 0),
(883, 69, 20, '2025-10-04', 83.33, 8.33, 91.66, 333.4, 1, 1338, 0),
(884, 69, 21, '2025-11-01', 83.33, 6.67, 90, 250.07, 1, 1338, 0),
(885, 69, 23, '2026-01-03', 83.33, 3.33, 86.66, 83.41, 1, 1338, 0),
(886, 68, 7, '2024-09-07', 55.48, 13.33, 68.89, 611.08, 1, 953, 0),
(887, 68, 14, '2025-04-05', 55.56, 5.55, 61.11, 222.16, 1, 1251, 0),
(888, 68, 16, '2025-06-07', 55.56, 3.33, 58.89, 111.04, 1, 1251, 0),
(913, 69, 24, '2026-02-07', 83.41, 1.67, 85.08, 0, 1, 1338, 0),
(1003, 70, 1, '2024-04-06', 83.33, 40, 123.33, 1916.67, 1, 749, 0),
(1004, 70, 2, '2024-05-04', 83.33, 38.33, 121.66, 1833.34, 1, 806, 0),
(1005, 70, 3, '2024-06-01', 83.33, 36.67, 120, 1750.01, 1, 862, 0),
(1006, 70, 4, '2024-07-06', 83.33, 35, 118.33, 1666.68, 1, 900, 0),
(1007, 70, 6, '2024-09-07', 83.33, 31.67, 115, 1500.02, 1, 975, 0),
(1008, 70, 5, '2024-08-03', 83.33, 33.33, 116.66, 1583.35, 1, 947, 0),
(1009, 70, 7, '2024-10-05', 83.33, 30, 113.33, 1416.69, 1, 1002, 0),
(1010, 70, 8, '2024-11-02', 83.33, 28.33, 111.66, 1333.36, 1, 1059, 0),
(1011, 70, 9, '2024-12-07', 83.33, 26.67, 110, 1250.03, 1, 1114, 0),
(1012, 70, 10, '2025-01-04', 83.33, 25, 108.33, 1166.7, 1, 1135, 0),
(1013, 70, 11, '2025-02-01', 83.33, 23.33, 106.66, 1083.37, 1, 1209, 0),
(1014, 70, 12, '2025-03-01', 83.33, 21.67, 105, 1000.04, 1, 1209, 0),
(1015, 70, 13, '2025-04-05', 83.33, 20, 103.33, 916.71, 1, 1209, 0),
(1016, 70, 14, '2025-05-03', 83.33, 18.33, 101.66, 833.38, 1, 1209, 0),
(1017, 70, 16, '2025-07-05', 83.33, 15, 98.33, 666.72, 1, 1209, 0),
(1018, 70, 15, '2025-06-07', 83.33, 16.67, 100, 750.05, 1, 1209, 0),
(1019, 70, 17, '2025-08-02', 83.33, 13.33, 96.66, 583.39, 1, 1209, 0),
(1020, 70, 22, '2026-01-03', 83.33, 5, 88.33, 166.74, 1, 1209, 0),
(1021, 70, 18, '2025-09-06', 83.33, 11.67, 95, 500.06, 1, 1209, 0),
(1022, 70, 19, '2025-10-04', 83.33, 10, 93.33, 416.73, 1, 1209, 0),
(1023, 70, 21, '2025-12-06', 83.33, 6.67, 90, 250.07, 1, 1209, 0),
(1024, 70, 20, '2025-11-01', 83.33, 8.33, 91.66, 333.4, 1, 1209, 0),
(1025, 70, 23, '2026-02-07', 83.33, 3.33, 86.66, 83.41, 1, 1209, 0),
(1026, 70, 24, '2026-03-07', 83.41, 1.67, 85.08, 0, 1, 1209, 0),
(1027, 71, 1, '2024-04-06', 83.33, 40, 123.33, 1916.67, 1, 767, 0),
(1028, 71, 16, '2025-07-05', 83.33, 15, 98.33, 666.72, 0, NULL, 0),
(1029, 71, 5, '2024-08-03', 83.33, 33.33, 116.66, 1583.35, 1, 948, 0),
(1030, 71, 9, '2024-12-07', 83.33, 26.67, 110, 1250.03, 1, 1115, 0),
(1031, 71, 2, '2024-05-04', 83.33, 38.33, 121.66, 1833.34, 1, 805, 0),
(1032, 71, 3, '2024-06-01', 83.33, 36.67, 120, 1750.01, 1, 863, 0),
(1033, 71, 13, '2025-04-05', 83.33, 20, 103.33, 916.71, 1, 1313, 0),
(1034, 71, 4, '2024-07-06', 83.33, 35, 118.33, 1666.68, 1, 901, 0),
(1035, 71, 23, '2026-02-07', 83.33, 3.33, 86.66, 83.41, 0, NULL, 0),
(1036, 71, 24, '2026-03-07', 83.41, 1.67, 85.08, 0, 0, NULL, 0),
(1037, 71, 10, '2025-01-04', 83.33, 25, 108.33, 1166.7, 1, 1134, 0),
(1038, 71, 8, '2024-11-02', 83.33, 28.33, 111.66, 1333.36, 1, 1060, 0),
(1039, 71, 7, '2024-10-05', 83.33, 30, 113.33, 1416.69, 1, 1003, 0),
(1040, 71, 15, '2025-06-07', 83.33, 16.67, 100, 750.05, 1, 1403, 0),
(1041, 71, 6, '2024-09-07', 83.33, 31.67, 115, 1500.02, 1, 971, 0),
(1042, 71, 19, '2025-10-04', 83.33, 10, 93.33, 416.73, 0, NULL, 0),
(1043, 71, 11, '2025-02-01', 83.33, 23.33, 106.66, 1083.37, 1, 1212, 0),
(1044, 71, 21, '2025-12-06', 83.33, 6.67, 90, 250.07, 0, NULL, 0),
(1045, 71, 22, '2026-01-03', 83.33, 5, 88.33, 166.74, 0, NULL, 0),
(1046, 71, 18, '2025-09-06', 83.33, 11.67, 95, 500.06, 0, NULL, 0),
(1047, 71, 20, '2025-11-01', 83.33, 8.33, 91.66, 333.4, 0, NULL, 0),
(1048, 71, 17, '2025-08-02', 83.33, 13.33, 96.66, 583.39, 0, NULL, 0),
(1049, 71, 12, '2025-03-01', 83.33, 21.67, 105, 1000.04, 1, 1267, 0),
(1050, 71, 14, '2025-05-03', 83.33, 18.33, 101.66, 833.38, 1, 1349, 0),
(1051, 72, 4, '2024-07-06', 41.67, 17.5, 59.17, 833.32, 1, 765, 0),
(1052, 72, 1, '2024-04-06', 41.67, 20, 61.67, 958.33, 1, 765, 0),
(1053, 72, 13, '2025-04-05', 41.67, 10, 51.67, 458.29, 1, 765, 0),
(1054, 72, 6, '2024-09-07', 41.67, 15.83, 57.5, 749.98, 1, 765, 0),
(1055, 72, 9, '2024-12-07', 41.67, 13.33, 55, 624.97, 1, 765, 0),
(1056, 72, 5, '2024-08-03', 41.67, 16.67, 58.34, 791.65, 1, 765, 0),
(1057, 72, 2, '2024-05-04', 41.67, 19.17, 60.84, 916.66, 1, 765, 0),
(1058, 72, 3, '2024-06-01', 41.67, 18.33, 60, 874.99, 1, 765, 0),
(1059, 72, 8, '2024-11-02', 41.67, 14.17, 55.84, 666.64, 1, 765, 0),
(1060, 72, 12, '2025-03-01', 41.67, 10.83, 52.5, 499.96, 1, 765, 0),
(1061, 72, 11, '2025-02-01', 41.67, 11.67, 53.34, 541.63, 1, 765, 0),
(1062, 72, 10, '2025-01-04', 41.67, 12.5, 54.17, 583.3, 1, 765, 0),
(1063, 72, 7, '2024-10-05', 41.67, 15, 56.67, 708.31, 1, 765, 0),
(1064, 72, 17, '2025-08-02', 41.67, 6.67, 48.34, 291.61, 1, 765, 0),
(1065, 72, 18, '2025-09-06', 41.67, 5.83, 47.5, 249.94, 1, 765, 0),
(1066, 72, 24, '2026-03-07', 41.59, 0.83, 42.42, 0, 1, 765, 0),
(1067, 72, 15, '2025-06-07', 41.67, 8.33, 50, 374.95, 1, 765, 0),
(1068, 72, 16, '2025-07-05', 41.67, 7.5, 49.17, 333.28, 1, 765, 0),
(1069, 72, 23, '2026-02-07', 41.67, 1.67, 43.34, 41.59, 1, 765, 0),
(1070, 72, 22, '2026-01-03', 41.67, 2.5, 44.17, 83.26, 1, 765, 0),
(1071, 72, 19, '2025-10-04', 41.67, 5, 46.67, 208.27, 1, 765, 0),
(1072, 72, 21, '2025-12-06', 41.67, 3.33, 45, 124.93, 1, 765, 0),
(1073, 72, 14, '2025-05-03', 41.67, 9.17, 50.84, 416.62, 1, 765, 0),
(1074, 72, 20, '2025-11-01', 41.67, 4.17, 45.84, 166.6, 1, 765, 0),
(1075, 73, 1, '2024-04-06', 50, 6, 56, 250, 1, 759, 0),
(1076, 73, 4, '2024-07-06', 50, 6, 56, 100, 1, 888, 0),
(1077, 73, 3, '2024-06-01', 50, 6, 56, 150, 1, 848, 0),
(1078, 73, 5, '2024-08-03', 50, 6, 56, 50, 1, 936, 0),
(1079, 73, 2, '2024-05-04', 50, 6, 56, 200, 1, 796, 0),
(1080, 73, 6, '2024-09-07', 50, 6, 56, 0, 1, 981, 0),
(1081, 74, 5, '2024-08-03', 83.33, 33.33, 116.66, 1583.35, 1, 930, 0),
(1082, 74, 1, '2024-04-06', 83.33, 40, 123.33, 1916.67, 1, 774, 0),
(1083, 74, 9, '2024-12-07', 83.33, 26.67, 110, 1250.03, 1, 1118, 0),
(1084, 74, 4, '2024-07-06', 83.33, 35, 118.33, 1666.68, 1, 884, 0),
(1085, 74, 7, '2024-10-05', 83.33, 30, 113.33, 1416.69, 1, 1032, 0),
(1086, 74, 2, '2024-05-04', 83.33, 38.33, 121.66, 1833.34, 1, 798, 0),
(1087, 74, 10, '2025-01-04', 83.33, 25, 108.33, 1166.7, 1, 1154, 0),
(1088, 74, 13, '2025-04-05', 83.33, 20, 103.33, 916.71, 1, 1239, 0),
(1089, 74, 14, '2025-05-03', 83.33, 18.33, 101.66, 833.38, 1, 1239, 0),
(1090, 74, 16, '2025-07-05', 83.33, 15, 98.33, 666.72, 1, 1239, 0),
(1091, 74, 22, '2026-01-03', 83.33, 5, 88.33, 166.74, 1, 1239, 0),
(1092, 74, 15, '2025-06-07', 83.33, 16.67, 100, 750.05, 1, 1239, 0),
(1093, 74, 6, '2024-09-07', 83.33, 31.67, 115, 1500.02, 1, 985, 0),
(1094, 74, 3, '2024-06-01', 83.33, 36.67, 120, 1750.01, 1, 844, 0),
(1095, 74, 12, '2025-03-01', 83.33, 21.67, 105, 1000.04, 1, 1239, 0),
(1096, 74, 11, '2025-02-01', 83.33, 23.33, 106.66, 1083.37, 1, 1239, 0),
(1097, 74, 23, '2026-02-07', 83.33, 3.33, 86.66, 83.41, 1, 1239, 0),
(1098, 74, 21, '2025-12-06', 83.33, 6.67, 90, 250.07, 1, 1239, 0),
(1099, 74, 24, '2026-03-07', 83.41, 1.67, 85.08, 0, 1, 1239, 0),
(1100, 74, 8, '2024-11-02', 83.33, 28.33, 111.66, 1333.36, 1, 1062, 0),
(1101, 74, 20, '2025-11-01', 83.33, 8.33, 91.66, 333.4, 1, 1239, 0),
(1102, 74, 18, '2025-09-06', 83.33, 11.67, 95, 500.06, 1, 1239, 0),
(1103, 74, 17, '2025-08-02', 83.33, 13.33, 96.66, 583.39, 1, 1239, 0),
(1104, 74, 19, '2025-10-04', 83.33, 10, 93.33, 416.73, 1, 1239, 0);
INSERT INTO `Loan_detail` (`id`, `loan_number`, `fee_number`, `payment_date`, `fee_value`, `interest`, `fee_total`, `balance_after_pay`, `is_paid`, `entry_number`, `is_disabled`) VALUES
(1105, 75, 3, '2024-07-06', 41.67, 8.33, 50, 374.99, 1, 898, 0),
(1106, 75, 8, '2024-12-07', 41.67, 4.17, 45.84, 166.64, 1, 995, 0),
(1107, 75, 7, '2024-11-02', 41.67, 5, 46.67, 208.31, 1, 995, 0),
(1108, 75, 9, '2025-01-04', 41.67, 3.33, 45, 124.97, 1, 995, 0),
(1109, 75, 1, '2024-05-04', 41.67, 10, 51.67, 458.33, 1, 857, 0),
(1110, 75, 2, '2024-06-01', 41.67, 9.17, 50.84, 416.66, 1, 857, 0),
(1111, 75, 10, '2025-02-01', 41.67, 2.5, 44.17, 83.3, 1, 995, 0),
(1112, 75, 11, '2025-03-01', 41.67, 1.67, 43.34, 41.63, 1, 995, 0),
(1113, 75, 12, '2025-04-05', 41.63, 0.83, 42.46, 0, 1, 995, 0),
(1114, 75, 4, '2024-08-03', 41.67, 7.5, 49.17, 333.32, 1, 949, 0),
(1115, 75, 6, '2024-10-05', 41.67, 5.83, 47.5, 249.98, 1, 995, 0),
(1116, 75, 5, '2024-09-07', 41.67, 6.67, 48.34, 291.65, 1, 974, 0),
(1117, 76, 1, '2024-05-04', 50, 24, 74, 1150, 1, 808, 0),
(1118, 76, 3, '2024-07-06', 50, 22, 72, 1050, 1, 868, 0),
(1119, 76, 2, '2024-06-01', 50, 23, 73, 1100, 1, 865, 0),
(1120, 76, 4, '2024-08-03', 50, 21, 71, 1000, 1, 921, 0),
(1121, 76, 10, '2025-02-01', 50, 15, 65, 700, 1, 1215, 0),
(1122, 76, 6, '2024-10-05', 50, 19, 69, 900, 1, 1005, 0),
(1123, 76, 5, '2024-09-07', 50, 20, 70, 950, 1, 969, 0),
(1124, 76, 7, '2024-11-02', 50, 18, 68, 850, 1, 1054, 0),
(1125, 76, 8, '2024-12-07', 50, 17, 67, 800, 1, 1099, 0),
(1126, 76, 12, '2025-04-05', 50, 13, 63, 600, 1, 1337, 0),
(1127, 76, 15, '2025-07-05', 50, 10, 60, 450, 1, 1337, 0),
(1128, 76, 13, '2025-05-03', 50, 12, 62, 550, 1, 1337, 0),
(1129, 76, 14, '2025-06-07', 50, 11, 61, 500, 1, 1337, 0),
(1130, 76, 16, '2025-08-02', 50, 9, 59, 400, 1, 1337, 0),
(1131, 76, 11, '2025-03-01', 50, 14, 64, 650, 1, 1337, 0),
(1132, 76, 20, '2025-12-06', 50, 5, 55, 200, 1, 1337, 0),
(1133, 76, 18, '2025-10-04', 50, 7, 57, 300, 1, 1337, 0),
(1134, 76, 17, '2025-09-06', 50, 8, 58, 350, 1, 1337, 0),
(1135, 76, 21, '2026-01-03', 50, 4, 54, 150, 1, 1337, 0),
(1136, 76, 9, '2025-01-04', 50, 16, 66, 750, 1, 1163, 0),
(1137, 76, 23, '2026-03-07', 50, 2, 52, 50, 1, 1337, 0),
(1138, 76, 19, '2025-11-01', 50, 6, 56, 250, 1, 1337, 0),
(1139, 76, 24, '2026-04-04', 50, 1, 51, 0, 1, 1337, 0),
(1140, 76, 22, '2026-02-07', 50, 3, 53, 100, 1, 1337, 0),
(1141, 77, 2, '2024-07-06', 83.33, 38.33, 121.66, 1833.34, 1, 987, 0),
(1142, 77, 1, '2024-06-01', 83.33, 40, 123.33, 1916.67, 1, 893, 0),
(1143, 77, 3, '2024-08-03', 83.33, 36.67, 120, 1750.01, 1, 987, 0),
(1144, 77, 5, '2024-10-05', 83.33, 33.33, 116.66, 1583.35, 1, 1041, 0),
(1145, 77, 4, '2024-09-07', 83.33, 35, 118.33, 1666.68, 1, 1041, 0),
(1146, 77, 8, '2025-01-04', 83.33, 28.33, 111.66, 1333.36, 1, 1248, 0),
(1147, 77, 9, '2025-02-01', 83.33, 26.67, 110, 1250.03, 1, 1248, 0),
(1148, 77, 10, '2025-03-01', 83.33, 25, 108.33, 1166.7, 1, 1342, 0),
(1149, 77, 11, '2025-04-05', 83.33, 23.33, 106.66, 1083.37, 1, 1342, 0),
(1150, 77, 12, '2025-05-03', 83.33, 21.67, 105, 1000.04, 1, 1389, 0),
(1151, 77, 13, '2025-06-07', 83.33, 20, 103.33, 916.71, 0, NULL, 0),
(1152, 77, 14, '2025-07-05', 83.33, 18.33, 101.66, 833.38, 0, NULL, 0),
(1153, 77, 17, '2025-10-04', 83.33, 13.33, 96.66, 583.39, 0, NULL, 0),
(1154, 77, 15, '2025-08-02', 83.33, 16.67, 100, 750.05, 0, NULL, 0),
(1155, 77, 6, '2024-11-02', 83.33, 31.67, 115, 1500.02, 1, 1122, 0),
(1156, 77, 7, '2024-12-07', 83.33, 30, 113.33, 1416.69, 1, 1151, 0),
(1157, 77, 16, '2025-09-06', 83.33, 15, 98.33, 666.72, 0, NULL, 0),
(1158, 77, 18, '2025-11-01', 83.33, 11.67, 95, 500.06, 0, NULL, 0),
(1159, 77, 20, '2026-01-03', 83.33, 8.33, 91.66, 333.4, 0, NULL, 0),
(1160, 77, 19, '2025-12-06', 83.33, 10, 93.33, 416.73, 0, NULL, 0),
(1161, 77, 21, '2026-02-07', 83.33, 6.67, 90, 250.07, 0, NULL, 0),
(1162, 77, 22, '2026-03-07', 83.33, 5, 88.33, 166.74, 0, NULL, 0),
(1163, 77, 23, '2026-04-04', 83.33, 3.33, 86.66, 83.41, 0, NULL, 0),
(1164, 77, 24, '2026-05-02', 83.41, 1.67, 85.08, 0, 0, NULL, 0),
(1171, 78, 1, '2024-06-01', 200, 24, 224, 1000, 1, 864, 0),
(1172, 78, 3, '2024-08-03', 200, 16, 216, 600, 1, 919, 0),
(1173, 78, 2, '2024-07-06', 200, 20, 220, 800, 1, 874, 0),
(1174, 78, 4, '2024-09-07', 200, 12, 212, 400, 1, 970, 0),
(1175, 78, 5, '2024-10-05', 200, 8, 208, 200, 1, 1044, 0),
(1176, 78, 6, '2024-11-02', 200, 4, 204, 0, 1, 1044, 0),
(1177, 79, 5, '2024-10-05', 83.33, 13.33, 96.66, 583.35, 1, 1030, 0),
(1178, 79, 7, '2024-12-07', 83.33, 10, 93.33, 416.69, 1, 1130, 0),
(1179, 79, 6, '2024-11-02', 83.33, 11.67, 95, 500.02, 1, 1087, 0),
(1180, 79, 2, '2024-07-06', 83.33, 18.33, 101.66, 833.34, 1, 906, 0),
(1181, 79, 8, '2025-01-04', 83.33, 8.33, 91.66, 333.36, 1, 1169, 0),
(1182, 79, 9, '2025-02-01', 83.33, 6.67, 90, 250.03, 1, 1233, 0),
(1183, 79, 11, '2025-04-05', 83.33, 3.33, 86.66, 83.37, 1, 1333, 0),
(1184, 79, 1, '2024-06-01', 83.33, 20, 103.33, 916.67, 1, 833, 0),
(1185, 79, 10, '2025-03-01', 83.33, 5, 88.33, 166.7, 1, 1294, 0),
(1186, 79, 12, '2025-05-03', 83.37, 1.67, 85.04, 0, 1, 1379, 0),
(1187, 79, 4, '2024-09-07', 83.33, 15, 98.33, 666.68, 1, 989, 0),
(1188, 79, 3, '2024-08-03', 83.33, 16.67, 100, 750.01, 1, 955, 0),
(1189, 80, 1, '2024-06-01', 62.5, 30, 92.5, 1437.5, 1, 828, 0),
(1190, 80, 2, '2024-07-06', 62.5, 28.75, 91.25, 1375, 1, 892, 0),
(1191, 80, 3, '2024-08-03', 62.5, 27.5, 90, 1312.5, 1, 942, 0),
(1192, 80, 4, '2024-09-07', 62.5, 26.25, 88.75, 1250, 1, 1035, 0),
(1193, 80, 5, '2024-10-05', 62.5, 25, 87.5, 1187.5, 1, 1035, 0),
(1194, 80, 6, '2024-11-02', 62.5, 23.75, 86.25, 1125, 1, 1035, 0),
(1195, 80, 7, '2024-12-07', 62.5, 22.5, 85, 1062.5, 1, 1035, 0),
(1196, 80, 8, '2025-01-04', 62.5, 21.25, 83.75, 1000, 1, 1035, 0),
(1197, 80, 9, '2025-02-01', 62.5, 20, 82.5, 937.5, 1, 1035, 0),
(1198, 80, 10, '2025-03-01', 62.5, 18.75, 81.25, 875, 1, 1035, 0),
(1199, 80, 11, '2025-04-05', 62.5, 17.5, 80, 812.5, 1, 1035, 0),
(1200, 80, 14, '2025-07-05', 62.5, 13.75, 76.25, 625, 1, 1035, 0),
(1201, 80, 12, '2025-05-03', 62.5, 16.25, 78.75, 750, 1, 1035, 0),
(1202, 80, 15, '2025-08-02', 62.5, 12.5, 75, 562.5, 1, 1035, 0),
(1203, 80, 16, '2025-09-06', 62.5, 11.25, 73.75, 500, 1, 1035, 0),
(1204, 80, 18, '2025-11-01', 62.5, 8.75, 71.25, 375, 1, 1035, 0),
(1205, 80, 17, '2025-10-04', 62.5, 10, 72.5, 437.5, 1, 1035, 0),
(1206, 80, 19, '2025-12-06', 62.5, 7.5, 70, 312.5, 1, 1035, 0),
(1207, 80, 20, '2026-01-03', 62.5, 6.25, 68.75, 250, 1, 1035, 0),
(1208, 80, 13, '2025-06-07', 62.5, 15, 77.5, 687.5, 1, 1035, 0),
(1209, 80, 21, '2026-02-07', 62.5, 5, 67.5, 187.5, 1, 1035, 0),
(1210, 80, 23, '2026-04-04', 62.5, 2.5, 65, 62.5, 1, 1035, 0),
(1211, 80, 22, '2026-03-07', 62.5, 3.75, 66.25, 125, 1, 1035, 0),
(1212, 80, 24, '2026-05-02', 62.5, 1.25, 63.75, 0, 1, 1035, 0),
(1213, 81, 7, '2024-12-07', 83.33, 20, 103.33, 916.69, 1, 1126, 0),
(1214, 81, 5, '2024-10-05', 83.33, 23.33, 106.66, 1083.35, 1, 1024, 0),
(1215, 81, 10, '2025-03-01', 83.33, 15, 98.33, 666.7, 1, 1295, 0),
(1216, 81, 1, '2024-06-01', 83.33, 30, 113.33, 1416.67, 1, 840, 0),
(1217, 81, 14, '2025-07-05', 83.33, 8.33, 91.66, 333.38, 1, 1295, 0),
(1218, 81, 8, '2025-01-04', 83.33, 18.33, 101.66, 833.36, 1, 1146, 0),
(1219, 81, 3, '2024-08-03', 83.33, 26.67, 110, 1250.01, 1, 950, 0),
(1220, 81, 9, '2025-02-01', 83.33, 16.67, 100, 750.03, 1, 1232, 0),
(1221, 81, 2, '2024-07-06', 83.33, 28.33, 111.66, 1333.34, 1, 878, 0),
(1222, 81, 6, '2024-11-02', 83.33, 21.67, 105, 1000.02, 1, 1072, 0),
(1223, 81, 16, '2025-09-06', 83.33, 5, 88.33, 166.72, 1, 1295, 0),
(1224, 81, 13, '2025-06-07', 83.33, 10, 93.33, 416.71, 1, 1295, 0),
(1225, 81, 12, '2025-05-03', 83.33, 11.67, 95, 500.04, 1, 1295, 0),
(1226, 81, 11, '2025-04-05', 83.33, 13.33, 96.66, 583.37, 1, 1295, 0),
(1227, 81, 18, '2025-11-01', 83.39, 1.67, 85.06, 0, 1, 1295, 0),
(1228, 81, 4, '2024-09-07', 83.33, 25, 108.33, 1166.68, 1, 994, 0),
(1229, 81, 15, '2025-08-02', 83.33, 6.67, 90, 250.05, 1, 1295, 0),
(1230, 81, 17, '2025-10-04', 83.33, 3.33, 86.66, 83.39, 1, 1295, 0),
(1241, 82, 1, '2024-07-06', 83.33, 40, 123.33, 1916.67, 1, 958, 0),
(1242, 82, 7, '2025-01-04', 83.33, 30, 113.33, 1416.69, 1, 1001, 0),
(1243, 82, 8, '2025-02-01', 83.33, 28.33, 111.66, 1333.36, 1, 1001, 0),
(1244, 82, 6, '2024-12-07', 83.33, 31.67, 115, 1500.02, 1, 1001, 0),
(1245, 82, 12, '2025-06-07', 83.33, 21.67, 105, 1000.04, 1, 1001, 0),
(1246, 82, 5, '2024-11-02', 83.33, 33.33, 116.66, 1583.35, 1, 1001, 0),
(1247, 82, 9, '2025-03-01', 83.33, 26.67, 110, 1250.03, 1, 1001, 0),
(1248, 82, 3, '2024-09-07', 83.33, 36.67, 120, 1750.01, 1, 1001, 0),
(1249, 82, 16, '2025-10-04', 83.33, 15, 98.33, 666.72, 1, 1001, 0),
(1250, 82, 14, '2025-08-02', 83.33, 18.33, 101.66, 833.38, 1, 1001, 0),
(1251, 82, 17, '2025-11-01', 83.33, 13.33, 96.66, 583.39, 1, 1001, 0),
(1252, 82, 2, '2024-08-03', 83.33, 38.33, 121.66, 1833.34, 1, 998, 0),
(1253, 82, 13, '2025-07-05', 83.33, 20, 103.33, 916.71, 1, 1001, 0),
(1254, 82, 11, '2025-05-03', 83.33, 23.33, 106.66, 1083.37, 1, 1001, 0),
(1255, 82, 22, '2026-04-04', 83.33, 5, 88.33, 166.74, 1, 1001, 0),
(1256, 82, 19, '2026-01-03', 83.33, 10, 93.33, 416.73, 1, 1001, 0),
(1257, 82, 21, '2026-03-07', 83.33, 6.67, 90, 250.07, 1, 1001, 0),
(1258, 82, 23, '2026-05-02', 83.33, 3.33, 86.66, 83.41, 1, 1001, 0),
(1259, 82, 24, '2026-06-06', 83.41, 1.67, 85.08, 0, 1, 1001, 0),
(1260, 82, 10, '2025-04-05', 83.33, 25, 108.33, 1166.7, 1, 1001, 0),
(1261, 82, 20, '2026-02-07', 83.33, 8.33, 91.66, 333.4, 1, 1001, 0),
(1262, 82, 18, '2025-12-06', 83.33, 11.67, 95, 500.06, 1, 1001, 0),
(1263, 82, 4, '2024-10-05', 83.33, 35, 118.33, 1666.68, 1, 1001, 0),
(1264, 82, 15, '2025-09-06', 83.33, 16.67, 100, 750.05, 1, 1001, 0),
(1265, 83, 3, '2024-09-07', 83.33, 36.67, 120, 1750.01, 1, 980, 0),
(1266, 83, 5, '2024-11-02', 83.33, 33.33, 116.66, 1583.35, 1, 1038, 0),
(1267, 83, 2, '2024-08-03', 83.33, 38.33, 121.66, 1833.34, 1, 957, 0),
(1268, 83, 14, '2025-08-02', 83.33, 18.33, 101.66, 833.38, 1, 1038, 0),
(1269, 83, 7, '2025-01-04', 83.33, 30, 113.33, 1416.69, 1, 1038, 0),
(1270, 83, 11, '2025-05-03', 83.33, 23.33, 106.66, 1083.37, 1, 1038, 0),
(1271, 83, 9, '2025-03-01', 83.33, 26.67, 110, 1250.03, 1, 1038, 0),
(1272, 83, 6, '2024-12-07', 83.33, 31.67, 115, 1500.02, 1, 1038, 0),
(1273, 83, 10, '2025-04-05', 83.33, 25, 108.33, 1166.7, 1, 1038, 0),
(1274, 83, 8, '2025-02-01', 83.33, 28.33, 111.66, 1333.36, 1, 1038, 0),
(1275, 83, 15, '2025-09-06', 83.33, 16.67, 100, 750.05, 1, 1038, 0),
(1276, 83, 12, '2025-06-07', 83.33, 21.67, 105, 1000.04, 1, 1038, 0),
(1277, 83, 19, '2026-01-03', 83.33, 10, 93.33, 416.73, 1, 1038, 0),
(1278, 83, 13, '2025-07-05', 83.33, 20, 103.33, 916.71, 1, 1038, 0),
(1279, 83, 18, '2025-12-06', 83.33, 11.67, 95, 500.06, 1, 1038, 0),
(1280, 83, 17, '2025-11-01', 83.33, 13.33, 96.66, 583.39, 1, 1038, 0),
(1281, 83, 22, '2026-04-04', 83.33, 5, 88.33, 166.74, 1, 1038, 0),
(1282, 83, 21, '2026-03-07', 83.33, 6.67, 90, 250.07, 1, 1038, 0),
(1283, 83, 20, '2026-02-07', 83.33, 8.33, 91.66, 333.4, 1, 1038, 0),
(1284, 83, 1, '2024-07-06', 83.33, 40, 123.33, 1916.67, 1, 870, 0),
(1285, 83, 16, '2025-10-04', 83.33, 15, 98.33, 666.72, 1, 1038, 0),
(1286, 83, 24, '2026-06-06', 83.41, 1.67, 85.08, 0, 1, 1038, 0),
(1287, 83, 4, '2024-10-05', 83.33, 35, 118.33, 1666.68, 1, 1038, 0),
(1288, 83, 23, '2026-05-02', 83.33, 3.33, 86.66, 83.41, 1, 1038, 0),
(1289, 84, 4, '2024-10-05', 27.78, 8.33, 36.11, 388.88, 1, 1033, 0),
(1290, 84, 7, '2025-01-04', 27.78, 6.67, 34.45, 305.54, 1, 1164, 0),
(1291, 84, 1, '2024-07-06', 27.78, 10, 37.78, 472.22, 1, 883, 0),
(1292, 84, 8, '2025-02-01', 27.78, 6.11, 33.89, 277.76, 1, 1250, 0),
(1293, 84, 9, '2025-03-01', 27.78, 5.56, 33.34, 249.98, 1, 1269, 0),
(1294, 84, 2, '2024-08-03', 27.78, 9.44, 37.22, 444.44, 1, 931, 0),
(1295, 84, 6, '2024-12-07', 27.78, 7.22, 35, 333.32, 1, 1111, 0),
(1296, 84, 3, '2024-09-07', 27.78, 8.89, 36.67, 416.66, 1, 992, 0),
(1297, 84, 13, '2025-07-05', 27.78, 3.33, 31.11, 138.86, 0, NULL, 0),
(1298, 84, 5, '2024-11-02', 27.78, 7.78, 35.56, 361.1, 1, 1085, 0),
(1299, 84, 17, '2025-11-01', 27.78, 1.11, 28.89, 27.74, 0, NULL, 0),
(1300, 84, 10, '2025-04-05', 27.78, 5, 32.78, 222.2, 1, 1323, 0),
(1301, 84, 12, '2025-06-07', 27.78, 3.89, 31.67, 166.64, 1, 1405, 0),
(1302, 84, 11, '2025-05-03', 27.78, 4.44, 32.22, 194.42, 1, 1377, 0),
(1303, 84, 15, '2025-09-06', 27.78, 2.22, 30, 83.3, 0, NULL, 0),
(1304, 84, 14, '2025-08-02', 27.78, 2.78, 30.56, 111.08, 0, NULL, 0),
(1305, 84, 18, '2025-12-06', 27.74, 0.55, 28.29, 0, 0, NULL, 0),
(1306, 84, 16, '2025-10-04', 27.78, 1.67, 29.45, 55.52, 0, NULL, 0),
(1307, 85, 10, '2025-05-03', 83.33, 25, 108.33, 1166.7, 1, 1210, 0),
(1308, 85, 4, '2024-11-02', 83.33, 35, 118.33, 1666.68, 1, 1086, 0),
(1309, 85, 1, '2024-08-03', 83.33, 40, 123.33, 1916.67, 1, 990, 0),
(1310, 85, 9, '2025-04-05', 83.33, 26.67, 110, 1250.03, 1, 1210, 0),
(1311, 85, 5, '2024-12-07', 83.33, 33.33, 116.66, 1583.35, 1, 1139, 0),
(1312, 85, 8, '2025-03-01', 83.33, 28.33, 111.66, 1333.36, 1, 1210, 0),
(1313, 85, 6, '2025-01-04', 83.33, 31.67, 115, 1500.02, 1, 1139, 0),
(1314, 85, 13, '2025-08-02', 83.33, 20, 103.33, 916.71, 1, 1210, 0),
(1315, 85, 16, '2025-11-01', 83.33, 15, 98.33, 666.72, 1, 1210, 0),
(1316, 85, 14, '2025-09-06', 83.33, 18.33, 101.66, 833.38, 1, 1210, 0),
(1317, 85, 15, '2025-10-04', 83.33, 16.67, 100, 750.05, 1, 1210, 0),
(1318, 85, 19, '2026-02-07', 83.33, 10, 93.33, 416.73, 1, 1210, 0),
(1319, 85, 18, '2026-01-03', 83.33, 11.67, 95, 500.06, 1, 1210, 0),
(1320, 85, 3, '2024-10-05', 83.33, 36.67, 120, 1750.01, 1, 1036, 0),
(1321, 85, 20, '2026-03-07', 83.33, 8.33, 91.66, 333.4, 1, 1210, 0),
(1322, 85, 17, '2025-12-06', 83.33, 13.33, 96.66, 583.39, 1, 1210, 0),
(1323, 85, 21, '2026-04-04', 83.33, 6.67, 90, 250.07, 1, 1210, 0),
(1324, 85, 22, '2026-05-02', 83.33, 5, 88.33, 166.74, 1, 1210, 0),
(1325, 85, 11, '2025-06-07', 83.33, 23.33, 106.66, 1083.37, 1, 1210, 0),
(1326, 85, 7, '2025-02-01', 83.33, 30, 113.33, 1416.69, 1, 1210, 0),
(1327, 85, 24, '2026-07-04', 83.41, 1.67, 85.08, 0, 1, 1210, 0),
(1328, 85, 2, '2024-09-07', 83.33, 38.33, 121.66, 1833.34, 1, 1036, 0),
(1329, 85, 12, '2025-07-05', 83.33, 21.67, 105, 1000.04, 1, 1210, 0),
(1330, 85, 23, '2026-06-06', 83.33, 3.33, 86.66, 83.41, 1, 1210, 0),
(1331, 86, 4, '2024-11-02', 60, 2.4, 62.4, 60, 1, 1071, 0),
(1332, 86, 1, '2024-08-03', 60, 6, 66, 240, 1, 978, 0),
(1333, 86, 3, '2024-10-05', 60, 3.6, 63.6, 120, 1, 1007, 0),
(1334, 86, 5, '2024-12-07', 60, 1.2, 61.2, 0, 1, 1093, 0),
(1335, 86, 2, '2024-09-07', 60, 4.8, 64.8, 180, 1, 978, 0),
(1336, 87, 2, '2024-09-07', 41.67, 9.17, 50.84, 416.66, 1, 977, 0),
(1337, 87, 3, '2024-10-05', 41.67, 8.33, 50, 374.99, 1, 1026, 0),
(1338, 87, 5, '2024-12-07', 41.67, 6.67, 48.34, 291.65, 1, 1128, 0),
(1339, 87, 4, '2024-11-02', 41.67, 7.5, 49.17, 333.32, 1, 1057, 0),
(1340, 87, 6, '2025-01-04', 41.67, 5.83, 47.5, 249.98, 1, 1159, 0),
(1341, 87, 1, '2024-08-03', 41.67, 10, 51.67, 458.33, 1, 923, 0),
(1342, 87, 9, '2025-04-05', 41.67, 3.33, 45, 124.97, 1, 1309, 0),
(1343, 87, 8, '2025-03-01', 41.67, 4.17, 45.84, 166.64, 1, 1289, 0),
(1344, 87, 11, '2025-06-07', 41.67, 1.67, 43.34, 41.63, 1, 1385, 0),
(1345, 87, 10, '2025-05-03', 41.67, 2.5, 44.17, 83.3, 1, 1364, 0),
(1346, 87, 12, '2025-07-05', 41.63, 0.83, 42.46, 0, 0, NULL, 0),
(1347, 87, 7, '2025-02-01', 41.67, 5, 46.67, 208.31, 1, 1224, 0),
(1348, 88, 2, '2024-09-07', 83.33, 18.33, 101.66, 833.34, 1, 1042, 0),
(1349, 88, 1, '2024-08-03', 83.33, 20, 103.33, 916.67, 1, 941, 0),
(1350, 88, 4, '2024-11-02', 83.33, 15, 98.33, 666.68, 1, 1069, 0),
(1351, 88, 6, '2025-01-04', 83.33, 11.67, 95, 500.02, 1, 1127, 0),
(1352, 88, 7, '2025-02-01', 83.33, 10, 93.33, 416.69, 1, 1127, 0),
(1353, 88, 5, '2024-12-07', 83.33, 13.33, 96.66, 583.35, 1, 1123, 0),
(1354, 88, 8, '2025-03-01', 83.33, 8.33, 91.66, 333.36, 1, 1127, 0),
(1355, 88, 10, '2025-05-03', 83.33, 5, 88.33, 166.7, 1, 1127, 0),
(1356, 88, 9, '2025-04-05', 83.33, 6.67, 90, 250.03, 1, 1127, 0),
(1357, 88, 3, '2024-10-05', 83.33, 16.67, 100, 750.01, 1, 1042, 0),
(1358, 88, 11, '2025-06-07', 83.33, 3.33, 86.66, 83.37, 1, 1127, 0),
(1359, 88, 12, '2025-07-05', 83.37, 1.67, 85.04, 0, 1, 1127, 0),
(1360, 89, 1, '2024-08-03', 83.33, 40, 123.33, 1916.67, 1, 946, 0),
(1361, 89, 2, '2024-09-07', 83.33, 38.33, 121.66, 1833.34, 1, 997, 0),
(1362, 89, 4, '2024-11-02', 83.33, 35, 118.33, 1666.68, 1, 1000, 0),
(1363, 89, 5, '2024-12-07', 83.33, 33.33, 116.66, 1583.35, 1, 1000, 0),
(1364, 89, 3, '2024-10-05', 83.33, 36.67, 120, 1750.01, 1, 1000, 0),
(1365, 89, 6, '2025-01-04', 83.33, 31.67, 115, 1500.02, 1, 1000, 0),
(1366, 89, 8, '2025-03-01', 83.33, 28.33, 111.66, 1333.36, 1, 1000, 0),
(1367, 89, 7, '2025-02-01', 83.33, 30, 113.33, 1416.69, 1, 1000, 0),
(1368, 89, 10, '2025-05-03', 83.33, 25, 108.33, 1166.7, 1, 1000, 0),
(1369, 89, 11, '2025-06-07', 83.33, 23.33, 106.66, 1083.37, 1, 1000, 0),
(1370, 89, 12, '2025-07-05', 83.33, 21.67, 105, 1000.04, 1, 1000, 0),
(1371, 89, 13, '2025-08-02', 83.33, 20, 103.33, 916.71, 1, 1000, 0),
(1372, 89, 14, '2025-09-06', 83.33, 18.33, 101.66, 833.38, 1, 1000, 0),
(1373, 89, 15, '2025-10-04', 83.33, 16.67, 100, 750.05, 1, 1000, 0),
(1374, 89, 16, '2025-11-01', 83.33, 15, 98.33, 666.72, 1, 1000, 0),
(1375, 89, 18, '2026-01-03', 83.33, 11.67, 95, 500.06, 1, 1000, 0),
(1376, 89, 9, '2025-04-05', 83.33, 26.67, 110, 1250.03, 1, 1000, 0),
(1377, 89, 21, '2026-04-04', 83.33, 6.67, 90, 250.07, 1, 1000, 0),
(1378, 89, 20, '2026-03-07', 83.33, 8.33, 91.66, 333.4, 1, 1000, 0),
(1379, 89, 22, '2026-05-02', 83.33, 5, 88.33, 166.74, 1, 1000, 0),
(1380, 89, 23, '2026-06-06', 83.33, 3.33, 86.66, 83.41, 1, 1000, 0),
(1381, 89, 17, '2025-12-06', 83.33, 13.33, 96.66, 583.39, 1, 1000, 0),
(1382, 89, 19, '2026-02-07', 83.33, 10, 93.33, 416.73, 1, 1000, 0),
(1383, 89, 24, '2026-07-04', 83.41, 1.67, 85.08, 0, 1, 1000, 0),
(1384, 90, 1, '2024-09-07', 62.5, 30, 92.5, 1437.5, 1, 982, 0),
(1385, 90, 7, '2025-03-01', 62.5, 22.5, 85, 1062.5, 1, 982, 0),
(1386, 90, 8, '2025-04-05', 62.5, 21.25, 83.75, 1000, 1, 982, 0),
(1387, 90, 10, '2025-06-07', 62.5, 18.75, 81.25, 875, 1, 982, 0),
(1388, 90, 9, '2025-05-03', 62.5, 20, 82.5, 937.5, 1, 982, 0),
(1389, 90, 11, '2025-07-05', 62.5, 17.5, 80, 812.5, 1, 982, 0),
(1390, 90, 12, '2025-08-02', 62.5, 16.25, 78.75, 750, 1, 982, 0),
(1391, 90, 2, '2024-10-05', 62.5, 28.75, 91.25, 1375, 1, 982, 0),
(1392, 90, 13, '2025-09-06', 62.5, 15, 77.5, 687.5, 1, 982, 0),
(1393, 90, 5, '2025-01-04', 62.5, 25, 87.5, 1187.5, 1, 982, 0),
(1394, 90, 4, '2024-12-07', 62.5, 26.25, 88.75, 1250, 1, 982, 0),
(1395, 90, 3, '2024-11-02', 62.5, 27.5, 90, 1312.5, 1, 982, 0),
(1396, 90, 6, '2025-02-01', 62.5, 23.75, 86.25, 1125, 1, 982, 0),
(1397, 90, 14, '2025-10-04', 62.5, 13.75, 76.25, 625, 1, 982, 0),
(1398, 90, 16, '2025-12-06', 62.5, 11.25, 73.75, 500, 1, 982, 0),
(1399, 90, 15, '2025-11-01', 62.5, 12.5, 75, 562.5, 1, 982, 0),
(1400, 90, 17, '2026-01-03', 62.5, 10, 72.5, 437.5, 1, 982, 0),
(1401, 90, 20, '2026-04-04', 62.5, 6.25, 68.75, 250, 1, 982, 0),
(1402, 90, 21, '2026-05-02', 62.5, 5, 67.5, 187.5, 1, 982, 0),
(1403, 90, 24, '2026-08-01', 62.5, 1.25, 63.75, 0, 1, 982, 0),
(1404, 90, 22, '2026-06-06', 62.5, 3.75, 66.25, 125, 1, 982, 0),
(1405, 90, 23, '2026-07-04', 62.5, 2.5, 65, 62.5, 1, 982, 0),
(1406, 90, 18, '2026-02-07', 62.5, 8.75, 71.25, 375, 1, 982, 0),
(1407, 90, 19, '2026-03-07', 62.5, 7.5, 70, 312.5, 1, 982, 0),
(1408, 91, 2, '2024-10-05', 83.33, 38.33, 121.66, 1833.34, 1, 1019, 0),
(1409, 91, 1, '2024-09-07', 83.33, 40, 123.33, 1916.67, 1, 986, 0),
(1410, 91, 3, '2024-11-02', 83.33, 36.67, 120, 1750.01, 1, 1063, 0),
(1411, 91, 4, '2024-12-07', 83.33, 35, 118.33, 1666.68, 1, 1116, 0),
(1412, 91, 5, '2025-01-04', 83.33, 33.33, 116.66, 1583.35, 1, 1152, 0),
(1413, 91, 6, '2025-02-01', 83.33, 31.67, 115, 1500.02, 1, 1244, 0),
(1414, 91, 7, '2025-03-01', 83.33, 30, 113.33, 1416.69, 1, 1276, 0),
(1415, 91, 8, '2025-04-05', 83.33, 28.33, 111.66, 1333.36, 1, 1315, 0),
(1416, 91, 9, '2025-05-03', 83.33, 26.67, 110, 1250.03, 1, 1360, 0),
(1417, 91, 10, '2025-06-07', 83.33, 25, 108.33, 1166.7, 1, 1416, 0),
(1418, 91, 11, '2025-07-05', 83.33, 23.33, 106.66, 1083.37, 0, NULL, 0),
(1419, 91, 12, '2025-08-02', 83.33, 21.67, 105, 1000.04, 0, NULL, 0),
(1420, 91, 14, '2025-10-04', 83.33, 18.33, 101.66, 833.38, 0, NULL, 0),
(1421, 91, 15, '2025-11-01', 83.33, 16.67, 100, 750.05, 0, NULL, 0),
(1422, 91, 16, '2025-12-06', 83.33, 15, 98.33, 666.72, 0, NULL, 0),
(1423, 91, 18, '2026-02-07', 83.33, 11.67, 95, 500.06, 0, NULL, 0),
(1424, 91, 17, '2026-01-03', 83.33, 13.33, 96.66, 583.39, 0, NULL, 0),
(1425, 91, 19, '2026-03-07', 83.33, 10, 93.33, 416.73, 0, NULL, 0),
(1426, 91, 21, '2026-05-02', 83.33, 6.67, 90, 250.07, 0, NULL, 0),
(1427, 91, 13, '2025-09-06', 83.33, 20, 103.33, 916.71, 0, NULL, 0),
(1428, 91, 20, '2026-04-04', 83.33, 8.33, 91.66, 333.4, 0, NULL, 0),
(1429, 91, 22, '2026-06-06', 83.33, 5, 88.33, 166.74, 0, NULL, 0),
(1430, 91, 23, '2026-07-04', 83.33, 3.33, 86.66, 83.41, 0, NULL, 0),
(1431, 91, 24, '2026-08-01', 83.41, 1.67, 85.08, 0, 0, NULL, 0),
(1432, 92, 1, '2024-10-05', 62.5, 30, 92.5, 1437.5, 1, 1043, 0),
(1433, 92, 2, '2024-11-02', 62.5, 28.75, 91.25, 1375, 1, 1106, 0),
(1434, 92, 4, '2025-01-04', 62.5, 26.25, 88.75, 1250, 1, 1158, 0),
(1435, 92, 8, '2025-05-03', 62.5, 21.25, 83.75, 1000, 1, 1382, 0),
(1436, 92, 9, '2025-06-07', 62.5, 20, 82.5, 937.5, 1, 1423, 0),
(1437, 92, 11, '2025-08-02', 62.5, 17.5, 80, 812.5, 0, NULL, 0),
(1438, 92, 12, '2025-09-06', 62.5, 16.25, 78.75, 750, 0, NULL, 0),
(1439, 92, 13, '2025-10-04', 62.5, 15, 77.5, 687.5, 0, NULL, 0),
(1440, 92, 10, '2025-07-05', 62.5, 18.75, 81.25, 875, 0, NULL, 0),
(1441, 92, 14, '2025-11-01', 62.5, 13.75, 76.25, 625, 0, NULL, 0),
(1442, 92, 3, '2024-12-07', 62.5, 27.5, 90, 1312.5, 1, 1106, 0),
(1443, 92, 6, '2025-03-01', 62.5, 23.75, 86.25, 1125, 1, 1296, 0),
(1444, 92, 5, '2025-02-01', 62.5, 25, 87.5, 1187.5, 1, 1252, 0),
(1445, 92, 7, '2025-04-05', 62.5, 22.5, 85, 1062.5, 1, 1341, 0),
(1446, 92, 16, '2026-01-03', 62.5, 11.25, 73.75, 500, 0, NULL, 0),
(1447, 92, 17, '2026-02-07', 62.5, 10, 72.5, 437.5, 0, NULL, 0),
(1448, 92, 20, '2026-05-02', 62.5, 6.25, 68.75, 250, 0, NULL, 0),
(1449, 92, 15, '2025-12-06', 62.5, 12.5, 75, 562.5, 0, NULL, 0),
(1450, 92, 21, '2026-06-06', 62.5, 5, 67.5, 187.5, 0, NULL, 0),
(1451, 92, 18, '2026-03-07', 62.5, 8.75, 71.25, 375, 0, NULL, 0),
(1452, 92, 24, '2026-09-05', 62.5, 1.25, 63.75, 0, 0, NULL, 0),
(1453, 92, 23, '2026-08-01', 62.5, 2.5, 65, 62.5, 0, NULL, 0),
(1454, 92, 19, '2026-04-04', 62.5, 7.5, 70, 312.5, 0, NULL, 0),
(1455, 92, 22, '2026-07-04', 62.5, 3.75, 66.25, 125, 0, NULL, 0),
(1456, 93, 2, '2024-11-02', 66.67, 30.67, 97.34, 1466.66, 1, 1049, 0),
(1457, 93, 3, '2024-12-07', 66.67, 29.33, 96, 1399.99, 1, 1104, 0),
(1458, 93, 4, '2025-01-04', 66.67, 28, 94.67, 1333.32, 1, 1132, 0),
(1459, 93, 1, '2024-10-05', 66.67, 32, 98.67, 1533.33, 1, 1006, 0),
(1460, 93, 6, '2025-03-01', 66.67, 25.33, 92, 1199.98, 1, 1262, 0),
(1461, 93, 7, '2025-04-05', 66.67, 24, 90.67, 1133.31, 1, 1328, 0),
(1462, 93, 15, '2025-12-06', 66.67, 13.33, 80, 599.95, 0, NULL, 0),
(1463, 93, 5, '2025-02-01', 66.67, 26.67, 93.34, 1266.65, 1, 1236, 0),
(1464, 93, 8, '2025-05-03', 66.67, 22.67, 89.34, 1066.64, 1, 1346, 0),
(1465, 93, 17, '2026-02-07', 66.67, 10.67, 77.34, 466.61, 0, NULL, 0),
(1466, 93, 18, '2026-03-07', 66.67, 9.33, 76, 399.94, 0, NULL, 0),
(1467, 93, 19, '2026-04-04', 66.67, 8, 74.67, 333.27, 0, NULL, 0),
(1468, 93, 12, '2025-09-06', 66.67, 17.33, 84, 799.96, 0, NULL, 0),
(1469, 93, 11, '2025-08-02', 66.67, 18.67, 85.34, 866.63, 0, NULL, 0),
(1470, 93, 23, '2026-08-01', 66.67, 2.67, 69.34, 66.59, 0, NULL, 0),
(1471, 93, 24, '2026-09-05', 66.59, 1.33, 67.92, 0, 0, NULL, 0),
(1472, 93, 20, '2026-05-02', 66.67, 6.67, 73.34, 266.6, 0, NULL, 0),
(1473, 93, 22, '2026-07-04', 66.67, 4, 70.67, 133.26, 0, NULL, 0),
(1474, 93, 13, '2025-10-04', 66.67, 16, 82.67, 733.29, 0, NULL, 0),
(1475, 93, 21, '2026-06-06', 66.67, 5.33, 72, 199.93, 0, NULL, 0),
(1476, 93, 14, '2025-11-01', 66.67, 14.67, 81.34, 666.62, 0, NULL, 0),
(1477, 93, 16, '2026-01-03', 66.67, 12, 78.67, 533.28, 0, NULL, 0),
(1478, 93, 9, '2025-06-07', 66.67, 21.33, 88, 999.97, 1, 1384, 0),
(1479, 93, 10, '2025-07-05', 66.67, 20, 86.67, 933.3, 0, NULL, 0),
(1480, 94, 7, '2025-04-05', 104.17, 37.5, 141.67, 1770.81, 1, 1332, 0),
(1481, 94, 9, '2025-06-07', 104.17, 33.33, 137.5, 1562.47, 1, 1407, 0),
(1482, 94, 5, '2025-02-01', 104.17, 41.67, 145.84, 1979.15, 1, 1231, 0),
(1483, 94, 1, '2024-10-05', 104.17, 50, 154.17, 2395.83, 1, 1023, 0),
(1484, 94, 2, '2024-11-02', 104.17, 47.92, 152.09, 2291.66, 1, 1073, 0),
(1485, 94, 4, '2025-01-04', 104.17, 43.75, 147.92, 2083.32, 1, 1147, 0),
(1486, 94, 3, '2024-12-07', 104.17, 45.83, 150, 2187.49, 1, 1125, 0),
(1487, 94, 6, '2025-03-01', 104.17, 39.58, 143.75, 1874.98, 1, 1280, 0),
(1488, 94, 11, '2025-08-02', 104.17, 29.17, 133.34, 1354.13, 0, NULL, 0),
(1489, 94, 10, '2025-07-05', 104.17, 31.25, 135.42, 1458.3, 0, NULL, 0),
(1490, 94, 12, '2025-09-06', 104.17, 27.08, 131.25, 1249.96, 0, NULL, 0),
(1491, 94, 16, '2026-01-03', 104.17, 18.75, 122.92, 833.28, 0, NULL, 0),
(1492, 94, 18, '2026-03-07', 104.17, 14.58, 118.75, 624.94, 0, NULL, 0),
(1493, 94, 13, '2025-10-04', 104.17, 25, 129.17, 1145.79, 0, NULL, 0),
(1494, 94, 8, '2025-05-03', 104.17, 35.42, 139.59, 1666.64, 1, 1352, 0),
(1495, 94, 19, '2026-04-04', 104.17, 12.5, 116.67, 520.77, 0, NULL, 0),
(1496, 94, 22, '2026-07-04', 104.17, 6.25, 110.42, 208.26, 0, NULL, 0),
(1497, 94, 14, '2025-11-01', 104.17, 22.92, 127.09, 1041.62, 0, NULL, 0),
(1498, 94, 20, '2026-05-02', 104.17, 10.42, 114.59, 416.6, 0, NULL, 0),
(1499, 94, 24, '2026-09-05', 104.09, 2.08, 106.17, 0, 0, NULL, 0),
(1500, 94, 23, '2026-08-01', 104.17, 4.17, 108.34, 104.09, 0, NULL, 0),
(1501, 94, 21, '2026-06-06', 104.17, 8.33, 112.5, 312.43, 0, NULL, 0),
(1502, 94, 15, '2025-12-06', 104.17, 20.83, 125, 937.45, 0, NULL, 0),
(1503, 94, 17, '2026-02-07', 104.17, 16.67, 120.84, 729.11, 0, NULL, 0),
(1528, 95, 2, '2024-12-07', 166.67, 36.67, 203.34, 1666.66, 1, 1131, 0),
(1529, 95, 3, '2025-01-04', 166.67, 33.33, 200, 1499.99, 1, 1168, 0),
(1530, 95, 1, '2024-11-02', 166.67, 40, 206.67, 1833.33, 1, 1088, 0),
(1531, 95, 5, '2025-03-01', 166.67, 26.67, 193.34, 1166.65, 1, 1293, 0),
(1532, 95, 6, '2025-04-05', 166.67, 23.33, 190, 999.98, 1, 1334, 0),
(1533, 95, 7, '2025-05-03', 166.67, 20, 186.67, 833.31, 1, 1378, 0),
(1534, 95, 8, '2025-06-07', 166.67, 16.67, 183.34, 666.64, 1, 1411, 0),
(1535, 95, 10, '2025-08-02', 166.67, 10, 176.67, 333.3, 0, NULL, 0),
(1536, 95, 11, '2025-09-06', 166.67, 6.67, 173.34, 166.63, 0, NULL, 0),
(1537, 95, 9, '2025-07-05', 166.67, 13.33, 180, 499.97, 0, NULL, 0),
(1538, 95, 12, '2025-10-04', 166.63, 3.33, 169.96, 0, 0, NULL, 0),
(1539, 95, 4, '2025-02-01', 166.67, 30, 196.67, 1333.32, 1, 1234, 0),
(1540, 96, 7, '2025-05-03', 66.67, 16, 82.67, 733.31, 1, 1336, 0),
(1541, 96, 5, '2025-03-01', 66.67, 18.67, 85.34, 866.65, 1, 1336, 0),
(1542, 96, 8, '2025-06-07', 66.67, 14.67, 81.34, 666.64, 1, 1336, 0),
(1543, 96, 1, '2024-11-02', 66.67, 24, 90.67, 1133.33, 1, 1216, 0),
(1544, 96, 4, '2025-02-01', 66.67, 20, 86.67, 933.32, 1, 1336, 0),
(1545, 96, 2, '2024-12-07', 66.67, 22.67, 89.34, 1066.66, 1, 1336, 0),
(1546, 96, 3, '2025-01-04', 66.67, 21.33, 88, 999.99, 1, 1336, 0),
(1547, 96, 6, '2025-04-05', 66.67, 17.33, 84, 799.98, 1, 1336, 0),
(1548, 96, 10, '2025-08-02', 66.67, 12, 78.67, 533.3, 1, 1336, 0),
(1549, 96, 11, '2025-09-06', 66.67, 10.67, 77.34, 466.63, 1, 1336, 0),
(1550, 96, 13, '2025-11-01', 66.67, 8, 74.67, 333.29, 1, 1336, 0),
(1551, 96, 12, '2025-10-04', 66.67, 9.33, 76, 399.96, 1, 1336, 0),
(1552, 96, 16, '2026-02-07', 66.67, 4, 70.67, 133.28, 1, 1336, 0),
(1553, 96, 14, '2025-12-06', 66.67, 6.67, 73.34, 266.62, 1, 1336, 0),
(1554, 96, 15, '2026-01-03', 66.67, 5.33, 72, 199.95, 1, 1336, 0),
(1555, 96, 17, '2026-03-07', 66.67, 2.67, 69.34, 66.61, 1, 1336, 0),
(1556, 96, 18, '2026-04-04', 66.61, 1.33, 67.94, 0, 1, 1336, 0),
(1557, 96, 9, '2025-07-05', 66.67, 13.33, 80, 599.97, 1, 1336, 0),
(1558, 97, 4, '2025-02-01', 166.67, 30, 196.67, 1333.32, 1, 1258, 0),
(1559, 97, 6, '2025-04-05', 166.67, 23.33, 190, 999.98, 1, 1300, 0),
(1560, 97, 11, '2025-09-06', 166.67, 6.67, 173.34, 166.63, 0, NULL, 0),
(1561, 97, 1, '2024-11-02', 166.67, 40, 206.67, 1833.33, 1, 1050, 0),
(1562, 97, 9, '2025-07-05', 166.67, 13.33, 180, 499.97, 0, NULL, 0),
(1563, 97, 2, '2024-12-07', 166.67, 36.67, 203.34, 1666.66, 1, 1090, 0),
(1564, 97, 5, '2025-03-01', 166.67, 26.67, 193.34, 1166.65, 1, 1261, 0),
(1565, 97, 7, '2025-05-03', 166.67, 20, 186.67, 833.31, 1, 1344, 0),
(1566, 97, 3, '2025-01-04', 166.67, 33.33, 200, 1499.99, 1, 1133, 0),
(1567, 97, 10, '2025-08-02', 166.67, 10, 176.67, 333.3, 0, NULL, 0),
(1568, 97, 12, '2025-10-04', 166.63, 3.33, 169.96, 0, 0, NULL, 0),
(1569, 97, 8, '2025-06-07', 166.67, 16.67, 183.34, 666.64, 1, 1422, 0),
(1570, 98, 1, '2024-12-07', 83.33, 40, 123.33, 1916.67, 1, 1107, 0),
(1571, 98, 2, '2025-01-04', 83.33, 38.33, 121.66, 1833.34, 1, 1167, 0),
(1572, 98, 3, '2025-02-01', 83.33, 36.67, 120, 1750.01, 1, 1247, 0),
(1573, 98, 9, '2025-08-02', 83.33, 26.67, 110, 1250.03, 1, 1330, 0),
(1574, 98, 11, '2025-10-04', 83.33, 23.33, 106.66, 1083.37, 1, 1330, 0),
(1575, 98, 8, '2025-07-05', 83.33, 28.33, 111.66, 1333.36, 1, 1330, 0),
(1576, 98, 10, '2025-09-06', 83.33, 25, 108.33, 1166.7, 1, 1330, 0),
(1577, 98, 12, '2025-11-01', 83.33, 21.67, 105, 1000.04, 1, 1330, 0),
(1578, 98, 15, '2026-02-07', 83.33, 16.67, 100, 750.05, 1, 1330, 0),
(1579, 98, 13, '2025-12-06', 83.33, 20, 103.33, 916.71, 1, 1330, 0),
(1580, 98, 14, '2026-01-03', 83.33, 18.33, 101.66, 833.38, 1, 1330, 0),
(1581, 98, 4, '2025-03-01', 83.33, 35, 118.33, 1666.68, 1, 1284, 0),
(1582, 98, 6, '2025-05-03', 83.33, 31.67, 115, 1500.02, 1, 1330, 0),
(1583, 98, 5, '2025-04-05', 83.33, 33.33, 116.66, 1583.35, 1, 1329, 0),
(1584, 98, 7, '2025-06-07', 83.33, 30, 113.33, 1416.69, 1, 1330, 0),
(1585, 98, 17, '2026-04-04', 83.33, 13.33, 96.66, 583.39, 1, 1330, 0),
(1586, 98, 19, '2026-06-06', 83.33, 10, 93.33, 416.73, 1, 1330, 0),
(1587, 98, 16, '2026-03-07', 83.33, 15, 98.33, 666.72, 1, 1330, 0),
(1588, 98, 21, '2026-08-01', 83.33, 6.67, 90, 250.07, 1, 1330, 0),
(1589, 98, 20, '2026-07-04', 83.33, 8.33, 91.66, 333.4, 1, 1330, 0),
(1590, 98, 22, '2026-09-05', 83.33, 5, 88.33, 166.74, 1, 1330, 0),
(1591, 98, 23, '2026-10-03', 83.33, 3.33, 86.66, 83.41, 1, 1330, 0),
(1592, 98, 24, '2026-11-07', 83.41, 1.67, 85.08, 0, 1, 1330, 0),
(1593, 98, 18, '2026-05-02', 83.33, 11.67, 95, 500.06, 1, 1330, 0),
(1594, 99, 9, '2025-09-06', 50, 4, 54, 150, 0, NULL, 0),
(1595, 99, 3, '2025-03-01', 50, 10, 60, 450, 1, 1287, 0),
(1596, 99, 4, '2025-04-05', 50, 9, 59, 400, 1, 1326, 0),
(1597, 99, 10, '2025-10-04', 50, 3, 53, 100, 0, NULL, 0),
(1598, 99, 1, '2025-01-04', 50, 12, 62, 550, 1, 1160, 0),
(1599, 99, 2, '2025-02-01', 50, 11, 61, 500, 1, 1237, 0),
(1600, 99, 8, '2025-08-02', 50, 5, 55, 200, 0, NULL, 0),
(1601, 99, 7, '2025-07-05', 50, 6, 56, 250, 0, NULL, 0),
(1602, 99, 6, '2025-06-07', 50, 7, 57, 300, 1, 1400, 0),
(1603, 99, 11, '2025-11-01', 50, 2, 52, 50, 0, NULL, 0),
(1604, 99, 5, '2025-05-03', 50, 8, 58, 350, 1, 1372, 0),
(1605, 99, 12, '2025-12-06', 50, 1, 51, 0, 0, NULL, 0),
(1606, 100, 1, '2025-01-04', 300, 6, 306, 0, 1, 1140, 0),
(1607, 101, 2, '2025-02-01', 162.27, 32.45, 194.72, 1460.46, 1, 1226, 0),
(1608, 101, 1, '2025-01-04', 162.27, 35.7, 197.97, 1622.73, 1, 1162, 0),
(1609, 101, 5, '2025-05-03', 162.27, 22.72, 184.99, 973.65, 0, NULL, 0),
(1610, 101, 3, '2025-03-01', 162.27, 29.21, 191.48, 1298.19, 1, 1292, 0),
(1611, 101, 6, '2025-06-07', 162.27, 19.47, 181.74, 811.38, 0, NULL, 0),
(1612, 101, 7, '2025-07-05', 162.27, 16.23, 178.5, 649.11, 0, NULL, 0),
(1613, 101, 8, '2025-08-02', 162.27, 12.98, 175.25, 486.84, 0, NULL, 0),
(1614, 101, 9, '2025-09-06', 162.27, 9.74, 172.01, 324.57, 0, NULL, 0),
(1615, 101, 10, '2025-10-04', 162.27, 6.49, 168.76, 162.3, 0, NULL, 0),
(1616, 101, 11, '2025-11-01', 162.3, 3.25, 165.55, 0, 0, NULL, 0),
(1617, 101, 4, '2025-04-05', 162.27, 25.96, 188.23, 1135.92, 1, 1327, 0),
(1618, 102, 2, '2025-03-01', 83.33, 18.33, 101.66, 833.34, 1, 1279, 0),
(1619, 102, 1, '2025-02-01', 83.33, 20, 103.33, 916.67, 1, 1230, 0),
(1620, 102, 4, '2025-05-03', 83.33, 15, 98.33, 666.68, 1, 1365, 0),
(1621, 102, 5, '2025-06-07', 83.33, 13.33, 96.66, 583.35, 1, 1409, 0),
(1622, 102, 7, '2025-08-02', 83.33, 10, 93.33, 416.69, 0, NULL, 0),
(1623, 102, 6, '2025-07-05', 83.33, 11.67, 95, 500.02, 1, 1410, 0),
(1624, 102, 8, '2025-09-06', 83.33, 8.33, 91.66, 333.36, 0, NULL, 0),
(1625, 102, 9, '2025-10-04', 83.33, 6.67, 90, 250.03, 0, NULL, 0),
(1626, 102, 10, '2025-11-01', 83.33, 5, 88.33, 166.7, 0, NULL, 0),
(1627, 102, 11, '2025-12-06', 83.33, 3.33, 86.66, 83.37, 0, NULL, 0),
(1628, 102, 3, '2025-04-05', 83.33, 16.67, 100, 750.01, 1, 1325, 0),
(1629, 102, 12, '2026-01-03', 83.37, 1.67, 85.04, 0, 0, NULL, 0),
(1630, 103, 3, '2025-04-05', 50, 2, 52, 50, 1, 1307, 0),
(1631, 103, 2, '2025-03-01', 50, 3, 53, 100, 1, 1286, 0),
(1632, 103, 1, '2025-02-01', 50, 4, 54, 150, 1, 1228, 0),
(1633, 103, 4, '2025-05-03', 50, 1, 51, 0, 1, 1369, 0),
(1634, 104, 5, '2025-06-07', 100, 24, 124, 1100, 1, 1335, 0),
(1635, 104, 4, '2025-05-03', 100, 26, 126, 1200, 1, 1335, 0),
(1636, 104, 6, '2025-07-05', 100, 22, 122, 1000, 1, 1335, 0),
(1637, 104, 7, '2025-08-02', 100, 20, 120, 900, 1, 1335, 0),
(1638, 104, 8, '2025-09-06', 100, 18, 118, 800, 1, 1335, 0),
(1639, 104, 9, '2025-10-04', 100, 16, 116, 700, 1, 1335, 0),
(1640, 104, 1, '2025-02-01', 100, 10, 110, 1500, 1, 1213, 0),
(1641, 104, 2, '2025-03-01', 100, 30, 130, 1400, 1, 1266, 0),
(1642, 104, 3, '2025-04-05', 100, 28, 128, 1300, 1, 1335, 0),
(1643, 104, 10, '2025-11-01', 100, 14, 114, 600, 1, 1335, 0),
(1644, 104, 11, '2025-12-06', 100, 12, 112, 500, 1, 1335, 0),
(1645, 104, 13, '2026-02-07', 100, 8, 108, 300, 1, 1335, 0),
(1646, 104, 14, '2026-03-07', 100, 6, 106, 200, 1, 1335, 0),
(1647, 104, 12, '2026-01-03', 100, 10, 110, 400, 1, 1335, 0),
(1648, 104, 16, '2026-05-02', 100, 2, 102, 0, 1, 1335, 0),
(1649, 104, 15, '2026-04-04', 100, 4, 104, 100, 1, 1335, 0),
(1650, 105, 1, '2025-03-01', 100, 48, 148, 2300, 1, 1272, 0),
(1651, 105, 6, '2025-08-02', 100, 38, 138, 1800, 0, NULL, 0),
(1652, 105, 7, '2025-09-06', 100, 36, 136, 1700, 0, NULL, 0),
(1653, 105, 8, '2025-10-04', 100, 34, 134, 1600, 0, NULL, 0),
(1654, 105, 9, '2025-11-01', 100, 32, 132, 1500, 0, NULL, 0),
(1655, 105, 11, '2026-01-03', 100, 28, 128, 1300, 0, NULL, 0),
(1656, 105, 10, '2025-12-06', 100, 30, 130, 1400, 0, NULL, 0),
(1657, 105, 13, '2026-03-07', 100, 24, 124, 1100, 0, NULL, 0),
(1658, 105, 12, '2026-02-07', 100, 26, 126, 1200, 0, NULL, 0),
(1659, 105, 14, '2026-04-04', 100, 22, 122, 1000, 0, NULL, 0),
(1660, 105, 15, '2026-05-02', 100, 20, 120, 900, 0, NULL, 0),
(1661, 105, 16, '2026-06-06', 100, 18, 118, 800, 0, NULL, 0),
(1662, 105, 17, '2026-07-04', 100, 16, 116, 700, 0, NULL, 0),
(1663, 105, 18, '2026-08-01', 100, 14, 114, 600, 0, NULL, 0),
(1664, 105, 2, '2025-04-05', 100, 46, 146, 2200, 1, 1343, 0),
(1665, 105, 3, '2025-05-03', 100, 44, 144, 2100, 1, 1374, 0),
(1666, 105, 5, '2025-07-05', 100, 40, 140, 1900, 0, NULL, 0),
(1667, 105, 4, '2025-06-07', 100, 42, 142, 2000, 0, NULL, 0),
(1668, 105, 19, '2026-09-05', 100, 12, 112, 500, 0, NULL, 0),
(1669, 105, 20, '2026-10-03', 100, 10, 110, 400, 0, NULL, 0),
(1670, 105, 21, '2026-11-07', 100, 8, 108, 300, 0, NULL, 0),
(1671, 105, 23, '2027-01-02', 100, 4, 104, 100, 0, NULL, 0),
(1672, 105, 24, '2027-02-06', 100, 2, 102, 0, 0, NULL, 0),
(1673, 105, 22, '2026-12-05', 100, 6, 106, 200, 0, NULL, 0),
(1674, 106, 1, '2025-03-01', 90, 43.2, 133.2, 2070, 1, 1298, 0),
(1675, 106, 2, '2025-04-05', 90, 41.4, 131.4, 1980, 1, 1305, 0),
(1676, 106, 3, '2025-05-03', 90, 39.6, 129.6, 1890, 1, 1354, 0),
(1677, 106, 5, '2025-07-05', 90, 36, 126, 1710, 0, NULL, 0),
(1678, 106, 4, '2025-06-07', 90, 37.8, 127.8, 1800, 0, NULL, 0),
(1679, 106, 7, '2025-09-06', 90, 32.4, 122.4, 1530, 0, NULL, 0),
(1680, 106, 8, '2025-10-04', 90, 30.6, 120.6, 1440, 0, NULL, 0),
(1681, 106, 9, '2025-11-01', 90, 28.8, 118.8, 1350, 0, NULL, 0),
(1682, 106, 10, '2025-12-06', 90, 27, 117, 1260, 0, NULL, 0),
(1683, 106, 11, '2026-01-03', 90, 25.2, 115.2, 1170, 0, NULL, 0),
(1684, 106, 12, '2026-02-07', 90, 23.4, 113.4, 1080, 0, NULL, 0),
(1685, 106, 13, '2026-03-07', 90, 21.6, 111.6, 990, 0, NULL, 0),
(1686, 106, 14, '2026-04-04', 90, 19.8, 109.8, 900, 0, NULL, 0),
(1687, 106, 16, '2026-06-06', 90, 16.2, 106.2, 720, 0, NULL, 0),
(1688, 106, 6, '2025-08-02', 90, 34.2, 124.2, 1620, 0, NULL, 0),
(1689, 106, 17, '2026-07-04', 90, 14.4, 104.4, 630, 0, NULL, 0),
(1690, 106, 15, '2026-05-02', 90, 18, 108, 810, 0, NULL, 0),
(1691, 106, 19, '2026-09-05', 90, 10.8, 100.8, 450, 0, NULL, 0),
(1692, 106, 20, '2026-10-03', 90, 9, 99, 360, 0, NULL, 0),
(1693, 106, 18, '2026-08-01', 90, 12.6, 102.6, 540, 0, NULL, 0),
(1694, 106, 21, '2026-11-07', 90, 7.2, 97.2, 270, 0, NULL, 0),
(1695, 106, 23, '2027-01-02', 90, 3.6, 93.6, 90, 0, NULL, 0),
(1696, 106, 22, '2026-12-05', 90, 5.4, 95.4, 180, 0, NULL, 0),
(1697, 106, 24, '2027-02-06', 90, 1.8, 91.8, 0, 0, NULL, 0),
(1698, 107, 2, '2025-04-05', 85, 15.3, 100.3, 680, 1, 1308, 0),
(1699, 107, 1, '2025-03-01', 85, 17, 102, 765, 1, 1282, 0),
(1700, 107, 3, '2025-05-03', 85, 13.6, 98.6, 595, 1, 1366, 0),
(1701, 107, 4, '2025-06-07', 85, 11.9, 96.9, 510, 1, 1399, 0),
(1702, 107, 6, '2025-08-02', 85, 8.5, 93.5, 340, 0, NULL, 0),
(1703, 107, 7, '2025-09-06', 85, 6.8, 91.8, 255, 0, NULL, 0),
(1704, 107, 8, '2025-10-04', 85, 5.1, 90.1, 170, 0, NULL, 0),
(1705, 107, 9, '2025-11-01', 85, 3.4, 88.4, 85, 0, NULL, 0),
(1706, 107, 10, '2025-12-06', 85, 1.7, 86.7, 0, 0, NULL, 0),
(1707, 107, 5, '2025-07-05', 85, 10.2, 95.2, 425, 0, NULL, 0),
(1708, 108, 1, '2025-03-01', 25, 12, 37, 575, 1, 1268, 0),
(1709, 108, 2, '2025-04-05', 25, 11.5, 36.5, 550, 1, 1303, 0),
(1710, 108, 3, '2025-05-03', 25, 11, 36, 525, 1, 1355, 0),
(1711, 108, 4, '2025-06-07', 25, 10.5, 35.5, 500, 1, 1355, 0),
(1712, 108, 5, '2025-07-05', 25, 10, 35, 475, 1, 1355, 0),
(1713, 108, 6, '2025-08-02', 25, 9.5, 34.5, 450, 1, 1355, 0),
(1714, 108, 9, '2025-11-01', 25, 8, 33, 375, 1, 1355, 0),
(1715, 108, 8, '2025-10-04', 25, 8.5, 33.5, 400, 1, 1355, 0),
(1716, 108, 10, '2025-12-06', 25, 7.5, 32.5, 350, 1, 1355, 0),
(1717, 108, 11, '2026-01-03', 25, 7, 32, 325, 1, 1355, 0),
(1718, 108, 12, '2026-02-07', 25, 6.5, 31.5, 300, 1, 1355, 0),
(1719, 108, 13, '2026-03-07', 25, 6, 31, 275, 1, 1355, 0),
(1720, 108, 14, '2026-04-04', 25, 5.5, 30.5, 250, 1, 1355, 0),
(1721, 108, 15, '2026-05-02', 25, 5, 30, 225, 1, 1355, 0),
(1722, 108, 16, '2026-06-06', 25, 4.5, 29.5, 200, 1, 1355, 0),
(1723, 108, 7, '2025-09-06', 25, 9, 34, 425, 1, 1355, 0),
(1724, 108, 18, '2026-08-01', 25, 3.5, 28.5, 150, 1, 1355, 0),
(1725, 108, 19, '2026-09-05', 25, 3, 28, 125, 1, 1355, 0),
(1726, 108, 17, '2026-07-04', 25, 4, 29, 175, 1, 1355, 0),
(1727, 108, 20, '2026-10-03', 25, 2.5, 27.5, 100, 1, 1355, 0),
(1728, 108, 21, '2026-11-07', 25, 2, 27, 75, 1, 1355, 0),
(1729, 108, 22, '2026-12-05', 25, 1.5, 26.5, 50, 1, 1355, 0),
(1730, 108, 24, '2027-02-06', 25, 0.5, 25.5, 0, 1, 1355, 0),
(1731, 108, 23, '2027-01-02', 25, 1, 26, 25, 1, 1355, 0),
(1732, 109, 1, '2025-03-01', 100, 20, 120, 900, 1, 1260, 0),
(1733, 109, 4, '2025-06-07', 100, 14, 114, 600, 1, 1398, 0),
(1734, 109, 3, '2025-05-03', 100, 16, 116, 700, 1, 1348, 0),
(1735, 109, 2, '2025-04-05', 100, 18, 118, 800, 1, 1301, 0),
(1736, 109, 5, '2025-07-05', 100, 12, 112, 500, 0, NULL, 0),
(1737, 109, 7, '2025-09-06', 100, 8, 108, 300, 0, NULL, 0),
(1738, 109, 8, '2025-10-04', 100, 6, 106, 200, 0, NULL, 0),
(1739, 109, 9, '2025-11-01', 100, 4, 104, 100, 0, NULL, 0),
(1740, 109, 10, '2025-12-06', 100, 2, 102, 0, 0, NULL, 0),
(1741, 109, 6, '2025-08-02', 100, 10, 110, 400, 0, NULL, 0),
(1742, 110, 4, '2025-06-07', 100, 42, 142, 2000, 0, NULL, 0),
(1743, 110, 2, '2025-04-05', 100, 46, 146, 2200, 1, 1371, 0),
(1744, 110, 3, '2025-05-03', 100, 44, 144, 2100, 1, 1390, 0),
(1745, 110, 6, '2025-08-02', 100, 38, 138, 1800, 0, NULL, 0),
(1746, 110, 1, '2025-03-01', 100, 48, 148, 2300, 1, 1271, 0),
(1747, 110, 5, '2025-07-05', 100, 40, 140, 1900, 0, NULL, 0),
(1748, 110, 11, '2026-01-03', 100, 28, 128, 1300, 0, NULL, 0),
(1749, 110, 7, '2025-09-06', 100, 36, 136, 1700, 0, NULL, 0),
(1750, 110, 10, '2025-12-06', 100, 30, 130, 1400, 0, NULL, 0),
(1751, 110, 20, '2026-10-03', 100, 10, 110, 400, 0, NULL, 0),
(1752, 110, 12, '2026-02-07', 100, 26, 126, 1200, 0, NULL, 0),
(1753, 110, 13, '2026-03-07', 100, 24, 124, 1100, 0, NULL, 0),
(1754, 110, 8, '2025-10-04', 100, 34, 134, 1600, 0, NULL, 0),
(1755, 110, 14, '2026-04-04', 100, 22, 122, 1000, 0, NULL, 0),
(1756, 110, 9, '2025-11-01', 100, 32, 132, 1500, 0, NULL, 0),
(1757, 110, 15, '2026-05-02', 100, 20, 120, 900, 0, NULL, 0),
(1758, 110, 23, '2027-01-02', 100, 4, 104, 100, 0, NULL, 0),
(1759, 110, 19, '2026-09-05', 100, 12, 112, 500, 0, NULL, 0),
(1760, 110, 24, '2027-02-06', 100, 2, 102, 0, 0, NULL, 0),
(1761, 110, 17, '2026-07-04', 100, 16, 116, 700, 0, NULL, 0),
(1762, 110, 21, '2026-11-07', 100, 8, 108, 300, 0, NULL, 0),
(1763, 110, 18, '2026-08-01', 100, 14, 114, 600, 0, NULL, 0),
(1764, 110, 16, '2026-06-06', 100, 18, 118, 800, 0, NULL, 0),
(1765, 110, 22, '2026-12-05', 100, 6, 106, 200, 0, NULL, 0),
(1766, 111, 1, '2025-03-01', 83.33, 20, 103.33, 916.67, 1, 1264, 0),
(1767, 111, 11, '2026-01-03', 83.33, 3.33, 86.66, 83.37, 0, NULL, 0),
(1768, 111, 5, '2025-07-05', 83.33, 13.33, 96.66, 583.35, 0, NULL, 0),
(1769, 111, 2, '2025-04-05', 83.33, 18.33, 101.66, 833.34, 1, 1302, 0),
(1770, 111, 12, '2026-02-07', 83.37, 1.67, 85.04, 0, 0, NULL, 0),
(1771, 111, 4, '2025-06-07', 83.33, 15, 98.33, 666.68, 1, 1387, 0),
(1772, 111, 9, '2025-11-01', 83.33, 6.67, 90, 250.03, 0, NULL, 0),
(1773, 111, 3, '2025-05-03', 83.33, 16.67, 100, 750.01, 1, 1351, 0),
(1774, 111, 8, '2025-10-04', 83.33, 8.33, 91.66, 333.36, 0, NULL, 0),
(1775, 111, 7, '2025-09-06', 83.33, 10, 93.33, 416.69, 0, NULL, 0),
(1776, 111, 10, '2025-12-06', 83.33, 5, 88.33, 166.7, 0, NULL, 0),
(1777, 111, 6, '2025-08-02', 83.33, 11.67, 95, 500.02, 0, NULL, 0),
(1778, 112, 2, '2025-05-03', 62.5, 28.75, 91.25, 1375, 1, 1381, 0),
(1779, 112, 3, '2025-06-07', 62.5, 27.5, 90, 1312.5, 1, 1421, 0),
(1780, 112, 4, '2025-07-05', 62.5, 26.25, 88.75, 1250, 0, NULL, 0),
(1781, 112, 6, '2025-09-06', 62.5, 23.75, 86.25, 1125, 0, NULL, 0),
(1782, 112, 5, '2025-08-02', 62.5, 25, 87.5, 1187.5, 0, NULL, 0),
(1783, 112, 7, '2025-10-04', 62.5, 22.5, 85, 1062.5, 0, NULL, 0),
(1784, 112, 8, '2025-11-01', 62.5, 21.25, 83.75, 1000, 0, NULL, 0),
(1785, 112, 9, '2025-12-06', 62.5, 20, 82.5, 937.5, 0, NULL, 0),
(1786, 112, 10, '2026-01-03', 62.5, 18.75, 81.25, 875, 0, NULL, 0),
(1787, 112, 11, '2026-02-07', 62.5, 17.5, 80, 812.5, 0, NULL, 0),
(1788, 112, 1, '2025-04-05', 62.5, 30, 92.5, 1437.5, 1, 1339, 0),
(1789, 112, 12, '2026-03-07', 62.5, 16.25, 78.75, 750, 0, NULL, 0),
(1790, 112, 13, '2026-04-04', 62.5, 15, 77.5, 687.5, 0, NULL, 0),
(1791, 112, 14, '2026-05-02', 62.5, 13.75, 76.25, 625, 0, NULL, 0),
(1792, 112, 16, '2026-07-04', 62.5, 11.25, 73.75, 500, 0, NULL, 0),
(1793, 112, 17, '2026-08-01', 62.5, 10, 72.5, 437.5, 0, NULL, 0),
(1794, 112, 15, '2026-06-06', 62.5, 12.5, 75, 562.5, 0, NULL, 0),
(1795, 112, 18, '2026-09-05', 62.5, 8.75, 71.25, 375, 0, NULL, 0),
(1796, 112, 19, '2026-10-03', 62.5, 7.5, 70, 312.5, 0, NULL, 0),
(1797, 112, 23, '2027-02-06', 62.5, 2.5, 65, 62.5, 0, NULL, 0),
(1798, 112, 21, '2026-12-05', 62.5, 5, 67.5, 187.5, 0, NULL, 0),
(1799, 112, 22, '2027-01-02', 62.5, 3.75, 66.25, 125, 0, NULL, 0),
(1800, 112, 20, '2026-11-07', 62.5, 6.25, 68.75, 250, 0, NULL, 0),
(1801, 112, 24, '2027-03-06', 62.5, 1.25, 63.75, 0, 0, NULL, 0),
(1802, 113, 1, '2025-04-05', 104.17, 50, 154.17, 2395.83, 1, 1331, 0),
(1803, 113, 2, '2025-05-03', 104.17, 47.92, 152.09, 2291.66, 1, 1353, 0),
(1804, 113, 6, '2025-09-06', 104.17, 39.58, 143.75, 1874.98, 0, NULL, 0),
(1805, 113, 7, '2025-10-04', 104.17, 37.5, 141.67, 1770.81, 0, NULL, 0),
(1806, 113, 8, '2025-11-01', 104.17, 35.42, 139.59, 1666.64, 0, NULL, 0),
(1807, 113, 9, '2025-12-06', 104.17, 33.33, 137.5, 1562.47, 0, NULL, 0),
(1808, 113, 10, '2026-01-03', 104.17, 31.25, 135.42, 1458.3, 0, NULL, 0),
(1809, 113, 11, '2026-02-07', 104.17, 29.17, 133.34, 1354.13, 0, NULL, 0),
(1810, 113, 12, '2026-03-07', 104.17, 27.08, 131.25, 1249.96, 0, NULL, 0),
(1811, 113, 13, '2026-04-04', 104.17, 25, 129.17, 1145.79, 0, NULL, 0),
(1812, 113, 14, '2026-05-02', 104.17, 22.92, 127.09, 1041.62, 0, NULL, 0),
(1813, 113, 15, '2026-06-06', 104.17, 20.83, 125, 937.45, 0, NULL, 0),
(1814, 113, 5, '2025-08-02', 104.17, 41.67, 145.84, 1979.15, 0, NULL, 0),
(1815, 113, 4, '2025-07-05', 104.17, 43.75, 147.92, 2083.32, 0, NULL, 0),
(1816, 113, 3, '2025-06-07', 104.17, 45.83, 150, 2187.49, 1, 1408, 0),
(1817, 113, 16, '2026-07-04', 104.17, 18.75, 122.92, 833.28, 0, NULL, 0),
(1818, 113, 17, '2026-08-01', 104.17, 16.67, 120.84, 729.11, 0, NULL, 0),
(1819, 113, 18, '2026-09-05', 104.17, 14.58, 118.75, 624.94, 0, NULL, 0),
(1820, 113, 20, '2026-11-07', 104.17, 10.42, 114.59, 416.6, 0, NULL, 0),
(1821, 113, 19, '2026-10-03', 104.17, 12.5, 116.67, 520.77, 0, NULL, 0),
(1822, 113, 22, '2027-01-02', 104.17, 6.25, 110.42, 208.26, 0, NULL, 0),
(1823, 113, 21, '2026-12-05', 104.17, 8.33, 112.5, 312.43, 0, NULL, 0),
(1824, 113, 23, '2027-02-06', 104.17, 4.17, 108.34, 104.09, 0, NULL, 0),
(1825, 113, 24, '2027-03-06', 104.09, 2.08, 106.17, 0, 0, NULL, 0),
(1826, 114, 18, '2026-09-05', 41.67, 5.83, 47.5, 249.94, 0, NULL, 0),
(1827, 114, 10, '2026-01-03', 41.67, 12.5, 54.17, 583.3, 0, NULL, 0),
(1828, 114, 11, '2026-02-07', 41.67, 11.67, 53.34, 541.63, 0, NULL, 0),
(1829, 114, 4, '2025-07-05', 41.67, 17.5, 59.17, 833.32, 0, NULL, 0),
(1830, 114, 17, '2026-08-01', 41.67, 6.67, 48.34, 291.61, 0, NULL, 0),
(1831, 114, 22, '2027-01-02', 41.67, 2.5, 44.17, 83.26, 0, NULL, 0),
(1832, 114, 2, '2025-05-03', 41.67, 19.17, 60.84, 916.66, 1, 1367, 0),
(1833, 114, 12, '2026-03-07', 41.67, 10.83, 52.5, 499.96, 0, NULL, 0),
(1834, 114, 19, '2026-10-03', 41.67, 5, 46.67, 208.27, 0, NULL, 0),
(1835, 114, 14, '2026-05-02', 41.67, 9.17, 50.84, 416.62, 0, NULL, 0),
(1836, 114, 15, '2026-06-06', 41.67, 8.33, 50, 374.95, 0, NULL, 0),
(1837, 114, 23, '2027-02-06', 41.67, 1.67, 43.34, 41.59, 0, NULL, 0),
(1838, 114, 7, '2025-10-04', 41.67, 15, 56.67, 708.31, 0, NULL, 0),
(1839, 114, 3, '2025-06-07', 41.67, 18.33, 60, 874.99, 1, 1419, 0),
(1840, 114, 8, '2025-11-01', 41.67, 14.17, 55.84, 666.64, 0, NULL, 0),
(1841, 114, 16, '2026-07-04', 41.67, 7.5, 49.17, 333.28, 0, NULL, 0),
(1842, 114, 20, '2026-11-07', 41.67, 4.17, 45.84, 166.6, 0, NULL, 0),
(1843, 114, 6, '2025-09-06', 41.67, 15.83, 57.5, 749.98, 0, NULL, 0),
(1844, 114, 1, '2025-04-05', 41.67, 20, 61.67, 958.33, 1, 1322, 0),
(1845, 114, 13, '2026-04-04', 41.67, 10, 51.67, 458.29, 0, NULL, 0),
(1846, 114, 5, '2025-08-02', 41.67, 16.67, 58.34, 791.65, 0, NULL, 0),
(1847, 114, 9, '2025-12-06', 41.67, 13.33, 55, 624.97, 0, NULL, 0),
(1848, 114, 24, '2027-03-06', 41.59, 0.83, 42.42, 0, 0, NULL, 0),
(1849, 114, 21, '2026-12-05', 41.67, 3.33, 45, 124.93, 0, NULL, 0),
(1850, 115, 4, '2025-08-02', 141.67, 59.5, 201.17, 2833.32, 0, NULL, 0),
(1851, 115, 1, '2025-05-03', 141.67, 68, 209.67, 3258.33, 1, 1350, 0),
(1852, 115, 11, '2026-03-07', 141.67, 39.67, 181.34, 1841.63, 0, NULL, 0),
(1853, 115, 13, '2026-05-02', 141.67, 34, 175.67, 1558.29, 0, NULL, 0),
(1854, 115, 16, '2026-08-01', 141.67, 25.5, 167.17, 1133.28, 0, NULL, 0),
(1855, 115, 14, '2026-06-06', 141.67, 31.17, 172.84, 1416.62, 0, NULL, 0),
(1856, 115, 15, '2026-07-04', 141.67, 28.33, 170, 1274.95, 0, NULL, 0),
(1857, 115, 17, '2026-09-05', 141.67, 22.67, 164.34, 991.61, 0, NULL, 0),
(1858, 115, 18, '2026-10-03', 141.67, 19.83, 161.5, 849.94, 0, NULL, 0),
(1859, 115, 5, '2025-09-06', 141.67, 56.67, 198.34, 2691.65, 0, NULL, 0),
(1860, 115, 2, '2025-06-07', 141.67, 65.17, 206.84, 3116.66, 1, 1402, 0),
(1861, 115, 7, '2025-11-01', 141.67, 51, 192.67, 2408.31, 0, NULL, 0),
(1862, 115, 9, '2026-01-03', 141.67, 45.33, 187, 2124.97, 0, NULL, 0),
(1863, 115, 6, '2025-10-04', 141.67, 53.83, 195.5, 2549.98, 0, NULL, 0),
(1864, 115, 10, '2026-02-07', 141.67, 42.5, 184.17, 1983.3, 0, NULL, 0),
(1865, 115, 8, '2025-12-06', 141.67, 48.17, 189.84, 2266.64, 0, NULL, 0),
(1866, 115, 19, '2026-11-07', 141.67, 17, 158.67, 708.27, 0, NULL, 0),
(1867, 115, 3, '2025-07-05', 141.67, 62.33, 204, 2974.99, 0, NULL, 0),
(1868, 115, 22, '2027-02-06', 141.67, 8.5, 150.17, 283.26, 0, NULL, 0),
(1869, 115, 20, '2026-12-05', 141.67, 14.17, 155.84, 566.6, 0, NULL, 0),
(1870, 115, 23, '2027-03-06', 141.67, 5.67, 147.34, 141.59, 0, NULL, 0),
(1871, 115, 21, '2027-01-02', 141.67, 11.33, 153, 424.93, 0, NULL, 0),
(1872, 115, 12, '2026-04-04', 141.67, 36.83, 178.5, 1699.96, 0, NULL, 0),
(1873, 115, 24, '2027-04-03', 141.59, 2.83, 144.42, 0, 0, NULL, 0),
(1874, 116, 1, '2025-05-03', 141.67, 68, 209.67, 3258.33, 0, NULL, 0),
(1875, 116, 2, '2025-06-07', 141.67, 65.17, 206.84, 3116.66, 0, NULL, 0),
(1876, 116, 3, '2025-07-05', 141.67, 62.33, 204, 2974.99, 0, NULL, 0),
(1877, 116, 5, '2025-09-06', 141.67, 56.67, 198.34, 2691.65, 0, NULL, 0),
(1878, 116, 6, '2025-10-04', 141.67, 53.83, 195.5, 2549.98, 0, NULL, 0),
(1879, 116, 7, '2025-11-01', 141.67, 51, 192.67, 2408.31, 0, NULL, 0),
(1880, 116, 10, '2026-02-07', 141.67, 42.5, 184.17, 1983.3, 0, NULL, 0),
(1881, 116, 9, '2026-01-03', 141.67, 45.33, 187, 2124.97, 0, NULL, 0),
(1882, 116, 4, '2025-08-02', 141.67, 59.5, 201.17, 2833.32, 0, NULL, 0),
(1883, 116, 11, '2026-03-07', 141.67, 39.67, 181.34, 1841.63, 0, NULL, 0),
(1884, 116, 12, '2026-04-04', 141.67, 36.83, 178.5, 1699.96, 0, NULL, 0),
(1885, 116, 13, '2026-05-02', 141.67, 34, 175.67, 1558.29, 0, NULL, 0),
(1886, 116, 14, '2026-06-06', 141.67, 31.17, 172.84, 1416.62, 0, NULL, 0),
(1887, 116, 16, '2026-08-01', 141.67, 25.5, 167.17, 1133.28, 0, NULL, 0),
(1888, 116, 17, '2026-09-05', 141.67, 22.67, 164.34, 991.61, 0, NULL, 0),
(1889, 116, 15, '2026-07-04', 141.67, 28.33, 170, 1274.95, 0, NULL, 0),
(1890, 116, 8, '2025-12-06', 141.67, 48.17, 189.84, 2266.64, 0, NULL, 0),
(1891, 116, 19, '2026-11-07', 141.67, 17, 158.67, 708.27, 0, NULL, 0),
(1892, 116, 20, '2026-12-05', 141.67, 14.17, 155.84, 566.6, 0, NULL, 0),
(1893, 116, 22, '2027-02-06', 141.67, 8.5, 150.17, 283.26, 0, NULL, 0),
(1894, 116, 21, '2027-01-02', 141.67, 11.33, 153, 424.93, 0, NULL, 0),
(1895, 116, 23, '2027-03-06', 141.67, 5.67, 147.34, 141.59, 0, NULL, 0),
(1896, 116, 18, '2026-10-03', 141.67, 19.83, 161.5, 849.94, 0, NULL, 0),
(1897, 116, 24, '2027-04-03', 141.59, 2.83, 144.42, 0, 0, NULL, 0),
(1898, 117, 1, '2025-05-03', 100, 48, 148, 2300, 1, 1391, 0),
(1899, 117, 2, '2025-06-07', 100, 46, 146, 2200, 0, NULL, 0),
(1900, 117, 4, '2025-08-02', 100, 42, 142, 2000, 0, NULL, 0),
(1901, 117, 5, '2025-09-06', 100, 40, 140, 1900, 0, NULL, 0),
(1902, 117, 6, '2025-10-04', 100, 38, 138, 1800, 0, NULL, 0),
(1903, 117, 7, '2025-11-01', 100, 36, 136, 1700, 0, NULL, 0),
(1904, 117, 3, '2025-07-05', 100, 44, 144, 2100, 0, NULL, 0),
(1905, 117, 8, '2025-12-06', 100, 34, 134, 1600, 0, NULL, 0),
(1906, 117, 10, '2026-02-07', 100, 30, 130, 1400, 0, NULL, 0),
(1907, 117, 9, '2026-01-03', 100, 32, 132, 1500, 0, NULL, 0),
(1908, 117, 11, '2026-03-07', 100, 28, 128, 1300, 0, NULL, 0),
(1909, 117, 18, '2026-10-03', 100, 14, 114, 600, 0, NULL, 0),
(1910, 117, 19, '2026-11-07', 100, 12, 112, 500, 0, NULL, 0),
(1911, 117, 20, '2026-12-05', 100, 10, 110, 400, 0, NULL, 0);
INSERT INTO `Loan_detail` (`id`, `loan_number`, `fee_number`, `payment_date`, `fee_value`, `interest`, `fee_total`, `balance_after_pay`, `is_paid`, `entry_number`, `is_disabled`) VALUES
(1912, 117, 16, '2026-08-01', 100, 18, 118, 800, 0, NULL, 0),
(1913, 117, 22, '2027-02-06', 100, 6, 106, 200, 0, NULL, 0),
(1914, 117, 23, '2027-03-06', 100, 4, 104, 100, 0, NULL, 0),
(1915, 117, 24, '2027-04-03', 100, 2, 102, 0, 0, NULL, 0),
(1916, 117, 21, '2027-01-02', 100, 8, 108, 300, 0, NULL, 0),
(1917, 117, 12, '2026-04-04', 100, 26, 126, 1200, 0, NULL, 0),
(1918, 117, 13, '2026-05-02', 100, 24, 124, 1100, 0, NULL, 0),
(1919, 117, 15, '2026-07-04', 100, 20, 120, 900, 0, NULL, 0),
(1920, 117, 14, '2026-06-06', 100, 22, 122, 1000, 0, NULL, 0),
(1921, 117, 17, '2026-09-05', 100, 16, 116, 700, 0, NULL, 0),
(1934, 118, 3, '2025-08-02', 83.33, 16.67, 100, 750.01, 0, NULL, 0),
(1935, 118, 1, '2025-06-07', 83.33, 20, 103.33, 916.67, 1, 1412, 0),
(1936, 118, 2, '2025-07-05', 83.33, 18.33, 101.66, 833.34, 0, NULL, 0),
(1937, 118, 4, '2025-09-06', 83.33, 15, 98.33, 666.68, 0, NULL, 0),
(1938, 118, 5, '2025-10-04', 83.33, 13.33, 96.66, 583.35, 0, NULL, 0),
(1939, 118, 6, '2025-11-01', 83.33, 11.67, 95, 500.02, 0, NULL, 0),
(1940, 118, 7, '2025-12-06', 83.33, 10, 93.33, 416.69, 0, NULL, 0),
(1941, 118, 8, '2026-01-03', 83.33, 8.33, 91.66, 333.36, 0, NULL, 0),
(1942, 118, 9, '2026-02-07', 83.33, 6.67, 90, 250.03, 0, NULL, 0),
(1943, 118, 11, '2026-04-04', 83.33, 3.33, 86.66, 83.37, 0, NULL, 0),
(1944, 118, 12, '2026-05-02', 83.37, 1.67, 85.04, 0, 0, NULL, 0),
(1945, 118, 10, '2026-03-07', 83.33, 5, 88.33, 166.7, 0, NULL, 0),
(1946, 119, 3, '2025-09-06', 62.5, 7.5, 70, 312.5, 0, NULL, 0),
(1947, 119, 4, '2025-10-04', 62.5, 6.25, 68.75, 250, 0, NULL, 0),
(1948, 119, 1, '2025-07-05', 62.5, 10, 72.5, 437.5, 0, NULL, 0),
(1949, 119, 6, '2025-12-06', 62.5, 3.75, 66.25, 125, 0, NULL, 0),
(1950, 119, 7, '2026-01-03', 62.5, 2.5, 65, 62.5, 0, NULL, 0),
(1951, 119, 8, '2026-02-07', 62.5, 1.25, 63.75, 0, 0, NULL, 0),
(1952, 119, 2, '2025-08-02', 62.5, 8.75, 71.25, 375, 0, NULL, 0),
(1953, 119, 5, '2025-11-01', 62.5, 5, 67.5, 187.5, 0, NULL, 0),
(1954, 120, 2, '2025-08-02', 75, 34.5, 109.5, 1650, 0, NULL, 0),
(1955, 120, 1, '2025-07-05', 75, 36, 111, 1725, 0, NULL, 0),
(1956, 120, 5, '2025-11-01', 75, 30, 105, 1425, 0, NULL, 0),
(1957, 120, 6, '2025-12-06', 75, 28.5, 103.5, 1350, 0, NULL, 0),
(1958, 120, 4, '2025-10-04', 75, 31.5, 106.5, 1500, 0, NULL, 0),
(1959, 120, 7, '2026-01-03', 75, 27, 102, 1275, 0, NULL, 0),
(1960, 120, 9, '2026-03-07', 75, 24, 99, 1125, 0, NULL, 0),
(1961, 120, 8, '2026-02-07', 75, 25.5, 100.5, 1200, 0, NULL, 0),
(1962, 120, 10, '2026-04-04', 75, 22.5, 97.5, 1050, 0, NULL, 0),
(1963, 120, 14, '2026-08-01', 75, 16.5, 91.5, 750, 0, NULL, 0),
(1964, 120, 13, '2026-07-04', 75, 18, 93, 825, 0, NULL, 0),
(1965, 120, 3, '2025-09-06', 75, 33, 108, 1575, 0, NULL, 0),
(1966, 120, 11, '2026-05-02', 75, 21, 96, 975, 0, NULL, 0),
(1967, 120, 12, '2026-06-06', 75, 19.5, 94.5, 900, 0, NULL, 0),
(1968, 120, 16, '2026-10-03', 75, 13.5, 88.5, 600, 0, NULL, 0),
(1969, 120, 17, '2026-11-07', 75, 12, 87, 525, 0, NULL, 0),
(1970, 120, 15, '2026-09-05', 75, 15, 90, 675, 0, NULL, 0),
(1971, 120, 18, '2026-12-05', 75, 10.5, 85.5, 450, 0, NULL, 0),
(1972, 120, 20, '2027-02-06', 75, 7.5, 82.5, 300, 0, NULL, 0),
(1973, 120, 19, '2027-01-02', 75, 9, 84, 375, 0, NULL, 0),
(1974, 120, 22, '2027-04-03', 75, 4.5, 79.5, 150, 0, NULL, 0),
(1975, 120, 21, '2027-03-06', 75, 6, 81, 225, 0, NULL, 0),
(1976, 120, 23, '2027-05-01', 75, 3, 78, 75, 0, NULL, 0),
(1977, 120, 24, '2027-06-05', 75, 1.5, 76.5, 0, 0, NULL, 0),
(1978, 121, 1, '2025-07-05', 125, 60, 185, 2875, 0, NULL, 0),
(1979, 121, 3, '2025-09-06', 125, 55, 180, 2625, 0, NULL, 0),
(1980, 121, 2, '2025-08-02', 125, 57.5, 182.5, 2750, 0, NULL, 0),
(1981, 121, 5, '2025-11-01', 125, 50, 175, 2375, 0, NULL, 0),
(1982, 121, 4, '2025-10-04', 125, 52.5, 177.5, 2500, 0, NULL, 0),
(1983, 121, 7, '2026-01-03', 125, 45, 170, 2125, 0, NULL, 0),
(1984, 121, 6, '2025-12-06', 125, 47.5, 172.5, 2250, 0, NULL, 0),
(1985, 121, 8, '2026-02-07', 125, 42.5, 167.5, 2000, 0, NULL, 0),
(1986, 121, 9, '2026-03-07', 125, 40, 165, 1875, 0, NULL, 0),
(1987, 121, 10, '2026-04-04', 125, 37.5, 162.5, 1750, 0, NULL, 0),
(1988, 121, 11, '2026-05-02', 125, 35, 160, 1625, 0, NULL, 0),
(1989, 121, 12, '2026-06-06', 125, 32.5, 157.5, 1500, 0, NULL, 0),
(1990, 121, 13, '2026-07-04', 125, 30, 155, 1375, 0, NULL, 0),
(1991, 121, 14, '2026-08-01', 125, 27.5, 152.5, 1250, 0, NULL, 0),
(1992, 121, 16, '2026-10-03', 125, 22.5, 147.5, 1000, 0, NULL, 0),
(1993, 121, 15, '2026-09-05', 125, 25, 150, 1125, 0, NULL, 0),
(1994, 121, 17, '2026-11-07', 125, 20, 145, 875, 0, NULL, 0),
(1995, 121, 19, '2027-01-02', 125, 15, 140, 625, 0, NULL, 0),
(1996, 121, 18, '2026-12-05', 125, 17.5, 142.5, 750, 0, NULL, 0),
(1997, 121, 21, '2027-03-06', 125, 10, 135, 375, 0, NULL, 0),
(1998, 121, 24, '2027-06-05', 125, 2.5, 127.5, 0, 0, NULL, 0),
(1999, 121, 22, '2027-04-03', 125, 7.5, 132.5, 250, 0, NULL, 0),
(2000, 121, 20, '2027-02-06', 125, 12.5, 137.5, 500, 0, NULL, 0),
(2001, 121, 23, '2027-05-01', 125, 5, 130, 125, 0, NULL, 0);

-- --------------------------------------------------------

--
-- Estructura de tabla para la tabla `Loan_payment`
--

CREATE TABLE `Loan_payment` (
  `id` int(11) NOT NULL,
  `loan_number` int(11) NOT NULL,
  `payment_date` date NOT NULL,
  `payment_amount` float NOT NULL,
  `old_debt` float NOT NULL
) ENGINE=InnoDB DEFAULT CHARSET=utf8mb4 COLLATE=utf8mb4_general_ci;

-- --------------------------------------------------------

--
-- Estructura de tabla para la tabla `Period`
--

CREATE TABLE `Period` (
  `id` int(11) NOT NULL,
  `start_date` date NOT NULL,
  `end_date` date DEFAULT NULL,
  `enabled` tinyint(1) NOT NULL,
  `init_cash` float NOT NULL DEFAULT 0,
  `init_transfer` float NOT NULL DEFAULT 0
) ENGINE=InnoDB DEFAULT CHARSET=utf8mb4 COLLATE=utf8mb4_general_ci;

--
-- Volcado de datos para la tabla `Period`
--

INSERT INTO `Period` (`id`, `start_date`, `end_date`, `enabled`, `init_cash`, `init_transfer`) VALUES
(1, '2022-07-02', '2025-01-18', 0, 0, 0),
(2, '2025-01-19', NULL, 1, 2452.99, 7794.37);

-- --------------------------------------------------------

--
-- Estructura de tabla para la tabla `Period_account`
--

CREATE TABLE `Period_account` (
  `account_id` int(11) NOT NULL,
  `period_id` int(11) NOT NULL,
  `start_amount` float NOT NULL DEFAULT 0
) ENGINE=InnoDB DEFAULT CHARSET=utf8mb4 COLLATE=utf8mb4_general_ci;

--
-- Volcado de datos para la tabla `Period_account`
--

INSERT INTO `Period_account` (`account_id`, `period_id`, `start_amount`) VALUES
(1, 1, 0),
(2, 1, 0),
(3, 1, 0),
(4, 1, 0),
(5, 1, 0),
(9, 1, 0),
(12, 1, 0),
(13, 1, 0),
(14, 1, 0),
(16, 1, 0),
(17, 1, 0),
(18, 1, 0),
(19, 1, 0),
(20, 1, 0),
(21, 1, 0),
(22, 1, 0),
(23, 1, 0),
(24, 1, 0),
(26, 1, 0),
(28, 1, 0),
(30, 1, 0),
(31, 1, 0),
(33, 1, 0),
(34, 1, 0),
(35, 1, 0),
(37, 1, 0),
(38, 1, 0),
(40, 1, 0),
(41, 1, 0),
(43, 1, 0),
(45, 1, 0),
(46, 1, 0),
(47, 1, 0),
(48, 1, 0),
(49, 1, 0),
(50, 1, 0),
(51, 1, 0),
(53, 1, 0),
(56, 1, 0),
(57, 1, 0),
(1, 2, 640),
(2, 2, 700),
(3, 2, 700),
(4, 2, 700),
(5, 2, 700),
(9, 2, 700),
(12, 2, 700),
(13, 2, 700),
(14, 2, 700),
(16, 2, 700),
(17, 2, 700),
(18, 2, 700),
(19, 2, 0),
(20, 2, 680),
(21, 2, 700),
(22, 2, 700),
(23, 2, 700),
(24, 2, 640),
(26, 2, 700),
(28, 2, 700),
(30, 2, 700),
(31, 2, 700),
(33, 2, 700),
(34, 2, 700),
(35, 2, 700),
(37, 2, 700),
(38, 2, 700),
(40, 2, 720),
(41, 2, 700),
(43, 2, 700),
(45, 2, 700),
(46, 2, 700),
(47, 2, 680),
(48, 2, 700),
(49, 2, 700),
(50, 2, 700),
(51, 2, 700),
(53, 2, 700),
(56, 2, 700),
(57, 2, 700);

-- --------------------------------------------------------

--
-- Estructura de tabla para la tabla `Period_entry_type`
--

CREATE TABLE `Period_entry_type` (
  `period_id` int(11) NOT NULL,
  `start_amount` float NOT NULL,
  `type_id` int(11) NOT NULL
) ENGINE=InnoDB DEFAULT CHARSET=utf8mb4 COLLATE=utf8mb4_general_ci;

--
-- Volcado de datos para la tabla `Period_entry_type`
--

INSERT INTO `Period_entry_type` (`period_id`, `start_amount`, `type_id`) VALUES
(1, 0, 1),
(1, 0, 2),
(1, 0, 3),
(1, 0, 4),
(1, 0, 5),
(1, 0, 6),
(1, 0, 7),
(1, 0, 8),
(1, 0, 9),
(1, 0, 10),
(1, 0, 11),
(2, 132.8, 1),
(2, 0, 2),
(2, 713.74, 3),
(2, 8709.53, 4),
(2, 342.94, 5),
(2, 96, 6),
(2, 0, 7),
(2, 218, 8),
(2, 34.35, 9),
(2, 0, 10),
(2, 0, 11);

-- --------------------------------------------------------

--
-- Estructura de tabla para la tabla `Person`
--

CREATE TABLE `Person` (
  `dni` varchar(10) NOT NULL,
  `names` varchar(50) NOT NULL,
  `surnames` varchar(50) NOT NULL,
  `birth_day` date NOT NULL,
  `address` varchar(100) NOT NULL,
  `phone` varchar(10) NOT NULL DEFAULT '999999999'
) ENGINE=InnoDB DEFAULT CHARSET=utf8mb4 COLLATE=utf8mb4_general_ci;

--
-- Volcado de datos para la tabla `Person`
--

INSERT INTO `Person` (`dni`, `names`, `surnames`, `birth_day`, `address`, `phone`) VALUES
('0103005567', 'LAURA ANGELA', 'FERNANDEZ RUMIPULLA', '1968-01-03', '-----', '0993862673'),
('0401123609', 'MARIA ESTEFANIA', 'CHAPUESGAL NAZAMUES', '1960-12-04', '-----', '0985263231'),
('0703368118', 'JEFFERSON OSWALDO', 'CULQUI SANCHEZ', '1994-07-09', '-----', '0000000000'),
('0803130632', 'ELBA CECILIA', 'SANCHEZ VASCO', '1986-12-25', '-----', '0959539380'),
('0804528958', 'CARLOS DANIEL', 'CELI SANCHEZ', '2005-09-05', '-----', '0000000000'),
('1703253326', 'MARIA SOLEDAD', 'VASCO TUPIZA', '0001-01-01', '-----', '0000000000'),
('1703277978', 'LUIS ENRIQUE', 'VASCO TUPIZA', '1951-02-13', '-----', '0982860859'),
('1703919538', 'MARIA DEL CARMEN', 'ESPIN DIAZ', '1956-01-10', '-----', '0994780033'),
('1706360177', 'VICTOR MANUEL', 'VASCO TUPIZA', '1955-12-18', '-----', '0000000000'),
('1706772884', 'EDWIN AMILCAR RAUL', 'VARGAS ALCOCER', '1964-01-20', '-----', '0994538251'),
('1707949101', 'AMPARO DEL PILAR', 'PILLAJO GUERRA', '1965-07-19', '-----', '0984052800'),
('1707953327', 'MARTHA CECILIA', 'VASCO PACHACAMA', '1964-09-16', '-----', '0962559902'),
('1708049141', 'JAVIER PATRICIO', 'VARGAS GUALPA', '1976-06-30', '-----', '0991431060'),
('1708550197', 'LUIS ANIBAL', 'ESPIN VASCO', '1972-04-23', '-----', '0000000000'),
('1709878704', 'ANA MARIA', 'CAMACHO SOSA', '0001-01-01', '-----', '0000000000'),
('1709972655', 'BERTHA UBALDINA', 'ESPIN VASCO', '1976-09-22', 'Antonio tandazo y via al IASA', '0997834327'),
('1711651347', 'MARIA SUSANA', 'CUEVA RAIMUNDO', '1975-11-14', '-----', '0000000000'),
('1712646221', 'YOLANDA DEL PILAR', 'ESPIN VASCO', '1973-09-11', '-----', '0000000000'),
('1713072856', 'MIGUEL ANGEL', 'GUTIERREZ GUTIERREZ', '1973-09-05', '-----', '0985263231'),
('1713328449', 'SANDRA JANETH', 'SANCHEZ VASCO', '1976-02-28', '-----', '0983789879'),
('1713829677', 'MARIA JACQUELINE', 'ÑACATO TIPAN', '1978-08-14', '-----', '0987164585'),
('1713848875', 'MARIA MAGDALENA', 'CULQUI PILLAJO', '1979-07-06', '-----', '0998946761'),
('1714681986', 'DARIO GERARDO', 'PACHACAMA VALVERDE', '1987-09-03', '-----', '0000000000'),
('1714728027', 'MARIANA DE JESUS', 'ALOMOTO TUPIZA', '1981-06-08', '-----', '0991062253'),
('1714932025', 'LADIS MARLENE', 'ARCOS MORALES', '1968-05-05', '-----', '0000000000'),
('1715406227', 'MAYRA HAYDE', 'SANCHEZ VASCO', '1980-11-03', '-----', '0989096053'),
('1720896222', 'EDISON PAUL', 'LOGACHO TUPIZA', '1992-09-14', '-----', '0000000000'),
('1721938932', 'FREDDY AGUSTIN', 'CHICAIZA TOAPANTA', '1987-07-26', 'Rancho los Pinos', '0984449166'),
('1722815907', 'PAOLA MARISOL', 'PACHACAMA ESPIN', '1994-10-04', 'Av. Antonio Tandazo y Via IASA', '0993270530'),
('1725264194', 'LIZETH', 'VASCO CAMACHO', '1996-03-01', '-----', '0995243107'),
('1725975658', 'KAREN LIZETH', 'LUGMAÑA ESPIN', '1999-04-30', '-----', '0984795590'),
('1727196279', 'NAYELI VANESSA', 'ARTEAGA CHICANGO', '1998-06-18', '-----', '0000000000'),
('1727625434', 'LENIN JAVIER', 'CULQUI VELASTEGUI', '2011-01-19', '-----', '2083344'),
('1751905850', 'MAYRA ELIZABETH', 'CORNEJO FERNANDEZ', '2005-10-17', '-----', '0986037412'),
('1752387504', 'LUIS SANTIAGO', 'CUASCOTA CHICAIZA', '1996-12-17', 'Rancho los Pinos', '0995497436'),
('1755007893', 'JOSUE ISMAEL', 'SILVA CULQUI', '2008-12-15', '-----', '022083304'),
('1755176342', 'MICHAEL MOISES', 'CULQUI SANCHEZ', '2009-01-25', '-----', '2083513'),
('1756016109', 'CARLOS ISRAEL', 'ESPIN CUEVA', '2005-11-09', 'Loreto', '0000000000'),
('1756525109', 'VICENTE ROMANELLY', 'GALLEGOS CHUQUIMARCA', '2014-04-04', '-----', '0984795590'),
('1760203248', 'GABRIEL SALOMON', 'CULQUI BETANCURT', '2020-04-20', '-----', '0000000000');

--
-- Índices para tablas volcadas
--

--
-- Indices de la tabla `Account`
--
ALTER TABLE `Account`
  ADD PRIMARY KEY (`number`),
  ADD KEY `Account_Person_dni_fk` (`dni`);

--
-- Indices de la tabla `Discharge`
--
ALTER TABLE `Discharge`
  ADD PRIMARY KEY (`number`),
  ADD KEY `Discharge_Entry_type_id_fk` (`type_id`),
  ADD KEY `Discharge_Period_id_fk` (`period_id`);

--
-- Indices de la tabla `Discharge_bill_detail`
--
ALTER TABLE `Discharge_bill_detail`
  ADD PRIMARY KEY (`discharge_number`),
  ADD KEY `Discharge_bill_detail_Period_id_fk` (`period_id`);

--
-- Indices de la tabla `Discharge_detail`
--
ALTER TABLE `Discharge_detail`
  ADD KEY `Discharge_detail_Discharge_number_fk` (`discharge_number`);

--
-- Indices de la tabla `Entry`
--
ALTER TABLE `Entry`
  ADD PRIMARY KEY (`number`),
  ADD KEY `Entry_Account_number_fk` (`account_number`),
  ADD KEY `Entry_Period_id_fk` (`period_id`);

--
-- Indices de la tabla `Entry_bill_detail`
--
ALTER TABLE `Entry_bill_detail`
  ADD PRIMARY KEY (`entry_number`),
  ADD KEY `Entry_bill_detail_Period_id_fk` (`period_id`);

--
-- Indices de la tabla `Entry_detail`
--
ALTER TABLE `Entry_detail`
  ADD KEY `Entry_detail_Entry_number_fk` (`entry_number`),
  ADD KEY `Entry_detail_Entry_type_id_fk` (`type_id`);

--
-- Indices de la tabla `Entry_type`
--
ALTER TABLE `Entry_type`
  ADD PRIMARY KEY (`id`);

--
-- Indices de la tabla `Loan`
--
ALTER TABLE `Loan`
  ADD PRIMARY KEY (`number`),
  ADD KEY `Loan_Account_number_fk` (`account`),
  ADD KEY `Loan_Account_number_fk2` (`guarantor1_account`),
  ADD KEY `Loan_Account_number_fk3` (`guarantor2_account`);

--
-- Indices de la tabla `Loan_detail`
--
ALTER TABLE `Loan_detail`
  ADD PRIMARY KEY (`id`),
  ADD KEY `Loan_detail_Entry_number_fk` (`entry_number`),
  ADD KEY `Loan_detail_Loan_number_fk` (`loan_number`);

--
-- Indices de la tabla `Loan_payment`
--
ALTER TABLE `Loan_payment`
  ADD PRIMARY KEY (`id`),
  ADD KEY `Loan_payment_Loan_number_fk` (`loan_number`);

--
-- Indices de la tabla `Period`
--
ALTER TABLE `Period`
  ADD PRIMARY KEY (`id`);

--
-- Indices de la tabla `Period_account`
--
ALTER TABLE `Period_account`
  ADD KEY `Period_account_Account_number_fk` (`account_id`),
  ADD KEY `Period_account_Period_id_fk` (`period_id`);

--
-- Indices de la tabla `Period_entry_type`
--
ALTER TABLE `Period_entry_type`
  ADD KEY `Period_entry_type_Entry_type_id_fk` (`type_id`),
  ADD KEY `Period_entry_type_Period_id_fk` (`period_id`);

--
-- Indices de la tabla `Person`
--
ALTER TABLE `Person`
  ADD PRIMARY KEY (`dni`);

--
-- AUTO_INCREMENT de las tablas volcadas
--

--
-- AUTO_INCREMENT de la tabla `Account`
--
ALTER TABLE `Account`
  MODIFY `number` int(11) NOT NULL AUTO_INCREMENT, AUTO_INCREMENT=58;

--
-- AUTO_INCREMENT de la tabla `Discharge`
--
ALTER TABLE `Discharge`
  MODIFY `number` int(11) NOT NULL AUTO_INCREMENT, AUTO_INCREMENT=217;

--
-- AUTO_INCREMENT de la tabla `Entry`
--
ALTER TABLE `Entry`
  MODIFY `number` int(11) NOT NULL AUTO_INCREMENT, AUTO_INCREMENT=1424;

--
-- AUTO_INCREMENT de la tabla `Entry_type`
--
ALTER TABLE `Entry_type`
  MODIFY `id` int(11) NOT NULL AUTO_INCREMENT, AUTO_INCREMENT=12;

--
-- AUTO_INCREMENT de la tabla `Loan`
--
ALTER TABLE `Loan`
  MODIFY `number` int(11) NOT NULL AUTO_INCREMENT, AUTO_INCREMENT=122;

--
-- AUTO_INCREMENT de la tabla `Loan_detail`
--
ALTER TABLE `Loan_detail`
  MODIFY `id` int(11) NOT NULL AUTO_INCREMENT, AUTO_INCREMENT=2002;

--
-- AUTO_INCREMENT de la tabla `Loan_payment`
--
ALTER TABLE `Loan_payment`
  MODIFY `id` int(11) NOT NULL AUTO_INCREMENT, AUTO_INCREMENT=8;

--
-- AUTO_INCREMENT de la tabla `Period`
--
ALTER TABLE `Period`
  MODIFY `id` int(11) NOT NULL AUTO_INCREMENT, AUTO_INCREMENT=3;

--
-- Restricciones para tablas volcadas
--

--
-- Filtros para la tabla `Account`
--
ALTER TABLE `Account`
  ADD CONSTRAINT `Account_Person_dni_fk` FOREIGN KEY (`dni`) REFERENCES `Person` (`dni`);

--
-- Filtros para la tabla `Discharge`
--
ALTER TABLE `Discharge`
  ADD CONSTRAINT `Discharge_Entry_type_id_fk` FOREIGN KEY (`type_id`) REFERENCES `Entry_type` (`id`),
  ADD CONSTRAINT `Discharge_Period_id_fk` FOREIGN KEY (`period_id`) REFERENCES `Period` (`id`);

--
-- Filtros para la tabla `Discharge_bill_detail`
--
ALTER TABLE `Discharge_bill_detail`
  ADD CONSTRAINT `Discharge_bill_detail_Discharge_number_fk` FOREIGN KEY (`discharge_number`) REFERENCES `Discharge` (`number`),
  ADD CONSTRAINT `Discharge_bill_detail_Period_id_fk` FOREIGN KEY (`period_id`) REFERENCES `Period` (`id`);

--
-- Filtros para la tabla `Discharge_detail`
--
ALTER TABLE `Discharge_detail`
  ADD CONSTRAINT `Discharge_detail_Discharge_number_fk` FOREIGN KEY (`discharge_number`) REFERENCES `Discharge` (`number`);

--
-- Filtros para la tabla `Entry`
--
ALTER TABLE `Entry`
  ADD CONSTRAINT `Entry_Account_number_fk` FOREIGN KEY (`account_number`) REFERENCES `Account` (`number`),
  ADD CONSTRAINT `Entry_Period_id_fk` FOREIGN KEY (`period_id`) REFERENCES `Period` (`id`);

--
-- Filtros para la tabla `Entry_bill_detail`
--
ALTER TABLE `Entry_bill_detail`
  ADD CONSTRAINT `Entry_bill_detail_Entry_number_fk` FOREIGN KEY (`entry_number`) REFERENCES `Entry` (`number`),
  ADD CONSTRAINT `Entry_bill_detail_Period_id_fk` FOREIGN KEY (`period_id`) REFERENCES `Period` (`id`);

--
-- Filtros para la tabla `Entry_detail`
--
ALTER TABLE `Entry_detail`
  ADD CONSTRAINT `Entry_detail_Entry_number_fk` FOREIGN KEY (`entry_number`) REFERENCES `Entry` (`number`),
  ADD CONSTRAINT `Entry_detail_Entry_type_id_fk` FOREIGN KEY (`type_id`) REFERENCES `Entry_type` (`id`);

--
-- Filtros para la tabla `Loan`
--
ALTER TABLE `Loan`
  ADD CONSTRAINT `Loan_Account_number_fk` FOREIGN KEY (`account`) REFERENCES `Account` (`number`),
  ADD CONSTRAINT `Loan_Account_number_fk2` FOREIGN KEY (`guarantor1_account`) REFERENCES `Account` (`number`),
  ADD CONSTRAINT `Loan_Account_number_fk3` FOREIGN KEY (`guarantor2_account`) REFERENCES `Account` (`number`);

--
-- Filtros para la tabla `Loan_detail`
--
ALTER TABLE `Loan_detail`
  ADD CONSTRAINT `Loan_detail_Entry_number_fk` FOREIGN KEY (`entry_number`) REFERENCES `Entry` (`number`),
  ADD CONSTRAINT `Loan_detail_Loan_number_fk` FOREIGN KEY (`loan_number`) REFERENCES `Loan` (`number`);

--
-- Filtros para la tabla `Loan_payment`
--
ALTER TABLE `Loan_payment`
  ADD CONSTRAINT `Loan_payment_Loan_number_fk` FOREIGN KEY (`loan_number`) REFERENCES `Loan` (`number`);

--
-- Filtros para la tabla `Period_account`
--
ALTER TABLE `Period_account`
  ADD CONSTRAINT `Period_account_Account_number_fk` FOREIGN KEY (`account_id`) REFERENCES `Account` (`number`),
  ADD CONSTRAINT `Period_account_Period_id_fk` FOREIGN KEY (`period_id`) REFERENCES `Period` (`id`);

--
-- Filtros para la tabla `Period_entry_type`
--
ALTER TABLE `Period_entry_type`
  ADD CONSTRAINT `Period_entry_type_Entry_type_id_fk` FOREIGN KEY (`type_id`) REFERENCES `Entry_type` (`id`),
  ADD CONSTRAINT `Period_entry_type_Period_id_fk` FOREIGN KEY (`period_id`) REFERENCES `Period` (`id`);
COMMIT;

/*!40101 SET CHARACTER_SET_CLIENT=@OLD_CHARACTER_SET_CLIENT */;
/*!40101 SET CHARACTER_SET_RESULTS=@OLD_CHARACTER_SET_RESULTS */;
/*!40101 SET COLLATION_CONNECTION=@OLD_COLLATION_CONNECTION */;
