-- phpMyAdmin SQL Dump
-- version 5.2.0
-- https://www.phpmyadmin.net/
--
-- Servidor: localhost
-- Tiempo de generación: 10-12-2024 a las 18:08:37
-- Versión del servidor: 10.4.27-MariaDB
-- Versión de PHP: 8.1.12

SET SQL_MODE = "NO_AUTO_VALUE_ON_ZERO";
START TRANSACTION;
SET time_zone = "+00:00";


/*!40101 SET @OLD_CHARACTER_SET_CLIENT=@@CHARACTER_SET_CLIENT */;
/*!40101 SET @OLD_CHARACTER_SET_RESULTS=@@CHARACTER_SET_RESULTS */;
/*!40101 SET @OLD_COLLATION_CONNECTION=@@COLLATION_CONNECTION */;
/*!40101 SET NAMES utf8mb4 */;

--
-- Base de datos: `cepo_de_oro`
--

-- --------------------------------------------------------

--
-- Estructura de tabla para la tabla `Account`
--

CREATE TABLE `Account` (
  `number` int(11) NOT NULL,
  `dni` varchar(10) NOT NULL,
  `is_disabled` tinyint(1) DEFAULT 0,
  `creation_date` date NOT NULL,
  `start_amount` float NOT NULL DEFAULT 0,
  `current_saving` float NOT NULL DEFAULT 0
) ENGINE=InnoDB DEFAULT CHARSET=utf8mb4 COLLATE=utf8mb4_general_ci;

--
-- Volcado de datos para la tabla `Account`
--

INSERT INTO `Account` (`number`, `dni`, `is_disabled`, `creation_date`, `start_amount`, `current_saving`) VALUES
(1, '1712646221', 0, '2022-07-02', 100, 640),
(2, '1711651347', 0, '2022-08-06', 120, 680),
(3, '1760203248', 0, '2022-11-12', 180, 680),
(4, '1703253326', 0, '2022-07-02', 100, 680),
(5, '1708550197', 0, '2022-07-02', 100, 680),
(9, '0401123609', 0, '2022-07-02', 100, 680),
(12, '1751905850', 0, '2022-07-02', 100, 680),
(13, '1722815907', 0, '2022-07-02', 100, 680),
(14, '0103005567', 0, '2022-07-02', 100, 680),
(16, '1703277978', 0, '2022-07-02', 100, 680),
(17, '1708049141', 0, '2022-07-02', 100, 680),
(18, '1706360177', 0, '2022-07-02', 100, 680),
(19, '1713829677', 1, '2022-07-02', 100, 620),
(20, '1709972655', 0, '2022-07-02', 100, 660),
(21, '1703919538', 0, '2022-10-01', 160, 680),
(22, '1756525109', 0, '2022-07-02', 100, 680),
(23, '1752387504', 0, '2022-07-02', 100, 680),
(24, '1725975658', 0, '2022-07-02', 100, 640),
(26, '1714932025', 0, '2022-07-02', 100, 700),
(28, '1727196279', 0, '2022-08-06', 120, 680),
(30, '1706772884', 0, '2022-09-03', 140, 680),
(31, '0804528958', 0, '2022-11-12', 180, 680),
(33, '1755007893', 0, '2022-12-03', 200, 680),
(34, '1727625434', 0, '2023-01-07', 220, 680),
(35, '0703368118', 0, '2022-11-12', 180, 680),
(37, '1755176342', 0, '2023-01-07', 220, 680),
(38, '1714681986', 0, '2023-01-07', 220, 680),
(40, '1707949101', 0, '2022-08-06', 120, 700),
(41, '1713072856', 0, '2022-07-02', 100, 680),
(43, '1714728027', 0, '2022-08-06', 120, 680),
(45, '1715406227', 0, '2022-08-06', 120, 680),
(46, '1713328449', 0, '2022-08-06', 120, 680),
(47, '1707953327', 0, '2022-08-06', 120, 680),
(48, '0803130632', 0, '2022-08-06', 120, 680),
(49, '1713848875', 0, '2022-08-06', 120, 680),
(50, '1720896222', 0, '2023-01-07', 220, 680),
(51, '1709878704', 0, '2023-02-04', 240, 680),
(53, '1725264194', 0, '2023-04-01', 280, 700),
(56, '1721938932', 0, '2024-01-06', 460, 680),
(57, '1756016109', 0, '2024-10-17', 640, 680);

-- --------------------------------------------------------

--
-- Estructura de tabla para la tabla `Discharge`
--

CREATE TABLE `Discharge` (
  `number` int(11) NOT NULL,
  `date` date NOT NULL,
  `place` varchar(20) NOT NULL,
  `beneficiary` varchar(40) NOT NULL,
  `amount` float NOT NULL,
  `type_id` int(11) DEFAULT NULL
) ENGINE=InnoDB DEFAULT CHARSET=utf8mb4 COLLATE=utf8mb4_general_ci;

--
-- Volcado de datos para la tabla `Discharge`
--

INSERT INTO `Discharge` (`number`, `date`, `place`, `beneficiary`, `amount`, `type_id`) VALUES
(-1, '2022-11-12', 'Loreto', 'Susana Cueva', 4, 1),
(1, '2022-07-02', 'Loreto', 'Impresiones Leo', 52, 1),
(2, '2022-07-02', 'Loreto', 'Berta Espin', 115, 8),
(3, '2022-07-02', 'Loreto', 'Mayra Cornejo', 115, 8),
(4, '2022-07-02', 'Loreto', 'Mayra Soledad Vasco', 115, 8),
(5, '2022-07-02', 'ANULADO', 'ANULADO', 0, NULL),
(6, '2022-07-02', 'Loreto', 'Karen Lugmaña', 150, 3),
(7, '2022-07-02', 'ANULADO', 'ANULADO', 0, NULL),
(8, '2022-07-02', 'Loreto', 'Marlene Arcos', 100, 8),
(9, '2022-08-06', 'Loreto', 'Nayeli Arteaga', 136, 8),
(10, '2022-08-06', 'Loreto', 'Martha Vasco', 136, 3),
(11, '2022-08-06', 'Loreto', 'Yolanda Espin', 300, 3),
(12, '2022-08-06', 'Loreto', 'Mayra Sanchez', 92, 3),
(13, '2022-08-06', 'Loreto', 'Sandra Sanchez', 76, 8),
(14, '2022-08-06', 'Loreto', 'Bertha Espin', 300, 8),
(15, '2022-08-06', 'Loreto', 'Susana Cueva', 3.75, 1),
(16, '2022-09-03', 'Loreto', 'Sandra Sanchez', 200, 8),
(17, '2022-10-01', 'Loreto', 'Carmen Espin', 178, 8),
(18, '2022-10-01', 'Loreto', 'Laura Fernandez', 200, 8),
(19, '2022-10-01', 'Loreto', 'Nayeli Arteaga', 200, 8),
(20, '2022-10-01', 'Loreto', 'Maria Soledad Vasco', 300, 8),
(21, '2022-10-01', 'Loreto', 'Bertha Espin', 1500, 8),
(22, '2022-10-01', 'Loreto', 'Paola Pachacama', 600, 8),
(23, '2022-11-12', 'Loreto', 'Sandra Sanchez (Cecilia)', 340, 8),
(24, '2022-11-12', 'Loreto', 'Marlene Arcos', 1000, 8),
(25, '2022-11-12', 'Loreto', 'Martha Vasco', 500, 8),
(26, '2022-11-12', 'Loreto', 'Gabriel Culqui (Sandra Betancourt)', 200, 8),
(27, '2022-11-12', 'Loreto', 'Carlos Celi (Sandra Sanchez)', 200, 8),
(28, '2022-11-12', 'Loreto', 'Mariuxi Celi Culqui', 200, 8),
(29, '2022-12-03', 'Loreto', 'Ismael Silva', 100, 8),
(30, '2022-12-03', 'Loreto', 'Maria Soledad Vasco', 1200, 8),
(31, '2022-12-03', 'Loreto', 'Luis Cuascota', 51.74, 1),
(32, '2022-12-03', 'Loreto', 'Susana Cueva', 1000, 8),
(33, '2022-12-03', 'Loreto', 'Bertha Espin', 250, 9),
(34, '2023-01-07', 'Loreto', 'Edison Logacho', 241, 8),
(35, '2023-01-07', 'ANULADO', 'ANULADO', 0, NULL),
(36, '2023-01-07', 'Loreto', 'Dario Pachacama', 241, 8),
(37, '2023-01-07', 'Loreto', 'Yolanda Espin', 1000, 8),
(38, '2023-02-04', 'Loreto', 'Cecilia Sanchez (Sandra Sanchez)', 1000, 8),
(39, '2023-02-04', 'Loreto', 'Jacqueline Ñacato', 1200, 8),
(40, '2023-02-04', 'Loreto', 'Luis Anibal Espin', 300, 8),
(41, '2023-02-04', 'Loreto', 'Susana Cueva', 5, 1),
(42, '2023-03-04', 'Loreto', 'Nayeli Arteaga', 500, 8),
(43, '2023-03-04', 'Loreto', 'Laura Fernandez', 1200, 8),
(44, '2023-03-04', 'Loreto', 'Mayra Sanchez', 500, 8),
(45, '2023-03-04', 'Loreto', 'Susana Cueva', 5, 1),
(46, '2023-03-04', 'Loreto', 'Impresiones Leo', 20, 1),
(47, '2023-04-01', 'Loreto', 'SUSANA CUEVA', 5, 1),
(48, '2023-05-06', 'Loreto', 'CARMEN ESPIN', 200, 8),
(49, '2023-05-06', 'Loreto', 'SANDRA SANCHEZ', 500, 8),
(50, '2023-05-06', 'Loreto', 'PAUL LOGACHO', 1000, 3),
(51, '2023-05-06', 'Loreto', 'MARIA CHAPUESGAL', 1000, 3),
(52, '2023-05-06', 'Loreto', 'ROMANELLY GALLEGOS', 500, 3),
(53, '2023-05-06', 'Loreto', 'ROMANELLY GALLEGOS', 500, 3),
(54, '2023-05-06', 'Loreto', 'BERTHA ESPIN', 1000, 3),
(55, '2023-05-06', 'Loreto', 'SUSANA CUEVA', 5, 1),
(56, '2023-05-06', 'Loreto', 'PAOLA PACHACAMA', 400, 3),
(57, '2023-06-03', 'Loreto', 'MARTHA VASCO', 600, 3),
(58, '2023-06-03', 'Loreto', 'YOLANDA ESPIN', 1200, 3),
(59, '2023-06-03', 'Loreto', 'SUSANA CUEVA', 5, 1),
(60, '2023-06-03', 'Loreto', 'GABRIEL CULQUI', 1200, 3),
(61, '2023-06-03', 'Loreto', 'DISEÑOS LEO IMPRENTA', 12, 1),
(62, '2023-07-01', 'Loreto', 'MARIUXI CELI', 1000.4, 3),
(63, '2023-08-05', 'ANULADO', 'ANULADO', 0, NULL),
(64, '2023-08-05', 'Loreto', 'ROMANELLY GALLEGOS', 1300, 3),
(65, '2023-08-05', 'Loreto', 'CAROLINA VASCO', 1500, 3),
(66, '2023-08-05', 'Loreto', 'CARMEN ESPIN', 1100, 3),
(67, '2023-08-05', 'Loreto', 'CECILIA SANCHEZ', 2000, 3),
(68, '2023-08-05', 'Loreto', 'SANDRA SANCHEZ', 10, 1),
(69, '2023-09-02', 'Loreto', 'PATRICIO VARGAS', 1000, 3),
(70, '2023-09-02', 'Loreto', 'SUSANA CUEVA', 1300, 3),
(71, '2023-09-02', 'ANULADO', 'ANULADO', 0, NULL),
(72, '2023-09-02', 'LORETO', 'NAYELI ARTEAGA', 1350, 3),
(73, '2023-09-02', 'LORETO', 'NAYELI ARTEAGA', 350, 3),
(74, '2023-09-02', 'LORETO', 'SANDRA SANCHEZ', 10, 1),
(75, '2023-10-07', 'LORETO', 'LAURA FERNANDEZ', 1500, 3),
(76, '2023-10-07', 'LORETO', 'SANDRA SANCHEZ', 10, 1),
(77, '2023-10-07', 'LORETO', 'LUIS CUASCOTA', 232.42, 4),
(78, '2023-10-07', 'LORETO', 'YOLANDA ESPIN', 700, 3),
(79, '2023-11-11', 'LORETO', 'RAUL VARGAS', 1000, 3),
(80, '2023-11-11', 'LORETO', 'SOLEDAD VASCO', 1150, 3),
(81, '2023-11-11', 'LORETO', 'SANDRA SANCHEZ', 10, 1),
(82, '2023-11-18', 'Loreto', 'COMISION NVIDEÑA', 520, 9),
(83, '2023-12-09', 'Loreto', 'DARIO PACHACAMA', 1000, 3),
(84, '2023-12-09', 'Loreto', 'SUSANA CUEVA', 10, 1),
(85, '2023-12-09', 'Loreto', 'BERTHA ESPIN', 1709.31, 3),
(86, '2023-12-09', 'Loreto', 'LUIS CUASCOTA', 1.76, 1),
(87, '2024-01-06', 'Loreto', 'MARLENE ARCOS', 1000, 3),
(88, '2024-01-06', 'Loreto', 'ROMANELLY GALLEGOS', 1200, 3),
(89, '2024-01-06', 'Loreto', 'MAYRA CORNEJO', 600, 3),
(90, '2024-01-06', 'Loreto', 'SANDRA SANCHEZ', 10, 1),
(91, '2024-02-03', 'Loreto', 'AMPARO PILLAJO', 1000, 8),
(92, '2024-02-03', 'Loreto', 'MOISES CULQUI', 2000, 3),
(93, '2024-03-02', 'Loreto', 'SANDRA SANCHEZ', 20, 1),
(94, '2024-03-02', 'Loreto', 'LUIS ENRIQUE VASCO', 2000, 8),
(95, '2024-03-02', 'Loreto', 'PAUL LOGACHO', 2000, 3),
(96, '2024-03-02', 'Loreto', 'VICTOR MANUEL VASCO', 1000, 8),
(97, '2024-03-02', 'Loreto', 'CARLOS CELI', 300, 3),
(98, '2024-03-14', 'Loreto', 'SANDRA SANCHEZ', 2000, 3),
(99, '2024-04-06', 'Loreto', 'LUIS ESPIN', 500, 8),
(100, '2024-04-06', 'Loreto', 'SANDRA SANCHEZ', 10, 1),
(101, '2024-04-08', 'Loreto', 'ROMANELLI GALLEGOS', 1200, 8),
(102, '2024-04-11', 'Loreto', 'KAREN LUGMAÑA', 2000, 3),
(103, '2024-05-06', 'Loreto', 'YOLANDA ESPIN', 1200, 3),
(104, '2024-05-11', 'Loreto', 'ESTEFANIA CHAPUESGAL', 1000, 3),
(105, '2024-05-11', 'Loreto', 'VICTOR VASCO', 500, 8),
(106, '2024-05-11', 'Loreto', 'VICTOR VASCO', 1000, 8),
(107, '2024-05-11', 'Loreto', 'SANDRA SANCHEZ', 10, 1),
(108, '2024-05-11', 'Loreto', 'MAYRA CORNEJO', 700, 3),
(109, '2024-05-11', 'Loreto', 'MAYRA CORNEJO', 800, 3),
(110, '2024-06-01', 'Loreto', 'SANTIAGO CUASCOTA', 4, 1),
(111, '2024-06-01', 'Loreto', 'SUSANA CUEVA', 2000, 3),
(112, '2024-06-01', 'Loreto', 'PATRICIO VARGAS', 1000, 3),
(113, '2024-06-01', 'Loreto', 'PATRICIO VARGAS', 1000, 3),
(114, '2024-06-01', 'Loreto', 'SANDRA SANCHEZ', 10, 1),
(115, '2024-06-01', 'Loreto', 'MAGDALENA CULQUI', 500, 3),
(116, '2024-07-05', 'Loreto', 'BERTHA ESPIN', 2000, 3),
(117, '2024-07-05', 'Loreto', 'SANTIAGO CUASCOTA', 11, 1),
(118, '2024-07-06', 'Loreto', 'YOLANDA ESPIN', 20.95, 9),
(119, '2024-07-06', 'Loreto', 'MARTHA VASCO', 300, 3),
(120, '2024-07-06', 'Loreto', 'ANA CAMACHO', 500, 3),
(121, '2024-07-06', 'Loreto', 'SOLEDAD VASCO', 1000, 3),
(122, '2024-07-06', 'Loreto', 'SANDRA SANCHEZ', 10, 1),
(123, '2024-07-06', 'Loreto', 'PAOLA PACHACAMA', 2000, 8),
(124, '2024-07-06', 'Loreto', 'SNATIAGO CUASCOTA', 50, 9),
(125, '2024-07-06', 'Loreto', 'SANDRA SANCHEZ', 12.7, 9),
(126, '2024-07-06', 'Loreto', 'SANDRA SANCHEZ', 25, 9),
(127, '2024-08-03', 'Loreto', 'SANDRA SANCHEZ', 10, 1),
(128, '2024-08-03', 'Loreto', 'CECILIA SANCHEZ', 1500, 3),
(129, '2024-08-03', 'Loreto', 'MAYRA SANCHEZ', 2000, 3),
(130, '2024-09-07', 'Loreto', 'LUIS ANIBAL ESPIN', 1500, 3),
(131, '2024-09-07', 'Loreto', 'NAYELY ARTEAGA', 1600, 3),
(132, '2024-09-09', 'Loreto', 'LAURA FERNANDEZ', 2500, 3),
(133, '2024-10-05', 'Loreto', 'MIGUEL GUTIERREZ', 1200, 3),
(134, '2024-10-05', 'Loreto', 'SANDRA SANCHEZ', 10, 1),
(135, '2024-10-05', 'Loreto', 'YOLANDA ESPIN', 1200, 3),
(136, '2024-10-07', 'Loreto', 'JAQUELINE ÑACATO', 620, 8),
(137, '2024-10-09', 'Loreto', 'FREDDY CHICAIZA', 2000, 3),
(138, '2024-10-11', 'Loreto', 'MIGUEL GUTIERREZ', 800, 3),
(139, '2024-11-09', 'Loreto', 'MARIANA DE JESUS ALOMOTO', 2000, 3),
(140, '2024-11-09', 'Loreto', 'SANDRA SANCHEZ', 10, 1),
(141, '2024-12-07', 'Loreto', 'JAVIER PATRICIO VARGAS', 600, 3),
(142, '2024-12-07', 'Loreto', 'SANDRA SANCHEZ', 10, 1),
(143, '2024-12-07', 'Loreto', 'SOLEDAD VASCO', 1785, 8),
(144, '2024-12-07', 'Loreto', 'PAOLA PACHACAMA', 300, 3),
(145, '2024-12-07', 'Loreto', 'COMISION NAVIDEÑA', 455, 9);

-- --------------------------------------------------------

--
-- Estructura de tabla para la tabla `Discharge_bill_detail`
--

CREATE TABLE `Discharge_bill_detail` (
  `discharge_number` int(11) NOT NULL,
  `transfer` float NOT NULL,
  `cash` float NOT NULL
) ENGINE=InnoDB DEFAULT CHARSET=utf8mb4 COLLATE=utf8mb4_general_ci;

--
-- Volcado de datos para la tabla `Discharge_bill_detail`
--

INSERT INTO `Discharge_bill_detail` (`discharge_number`, `transfer`, `cash`) VALUES
(-1, 0, 4),
(1, 0, 52),
(2, 0, 115),
(3, 0, 115),
(4, 0, 115),
(5, 0, 0),
(6, 0, 150),
(7, 0, 0),
(8, 0, 100),
(9, 0, 136),
(10, 0, 136),
(11, 0, 300),
(12, 0, 92),
(13, 0, 76),
(14, 0, 300),
(15, 0, 3.75),
(16, 0, 200),
(17, 0, 178),
(18, 0, 200),
(19, 0, 200),
(20, 0, 300),
(21, 0, 1500),
(22, 0, 600),
(23, 0, 340),
(24, 0, 1000),
(25, 0, 500),
(26, 0, 200),
(27, 0, 200),
(28, 0, 200),
(29, 0, 100),
(30, 0, 1200),
(31, 0, 51.74),
(32, 1000, 0),
(33, 0, 250),
(34, 0, 241),
(35, 0, 0),
(36, 0, 241),
(37, 0, 1000),
(38, 0, 1000),
(39, 1200, 0),
(40, 0, 300),
(41, 0, 5),
(42, 0, 500),
(43, 0, 1200),
(44, 0, 500),
(45, 0, 5),
(46, 20, 0),
(47, 0, 5),
(48, 0, 200),
(49, 0, 500),
(50, 0, 1000),
(51, 0, 1000),
(52, 0, 500),
(53, 500, 0),
(54, 0, 1000),
(55, 0, 5),
(56, 400, 0),
(57, 0, 600),
(58, 0, 1200),
(59, 0, 5),
(60, 1200, 0),
(61, 12, 0),
(62, 1000.4, 0),
(63, 0, 0),
(64, 1300, 0),
(65, 0, 1500),
(66, 0, 1100),
(67, 2000, 0),
(68, 0, 10),
(69, 1000, 0),
(70, 1300, 0),
(71, 0, 0),
(72, 0, 1350),
(73, 350, 0),
(74, 0, 10),
(75, 0, 1500),
(76, 0, 10),
(77, 232.42, 0),
(78, 700, 0),
(79, 0, 1000),
(80, 0, 1150),
(81, 0, 10),
(82, 520, 0),
(83, 0, 1000),
(84, 0, 10),
(85, 1709.31, 0),
(86, 1.76, 0),
(87, 0, 1000),
(88, 0, 1200),
(89, 0, 600),
(90, 10, 0),
(91, 1000, 0),
(92, 2000, 0),
(93, 0, 20),
(94, 0, 2000),
(95, 2000, 0),
(96, 1000, 0),
(97, 300, 0),
(98, 2000, 0),
(99, 0, 500),
(100, 0, 10),
(101, 1200, 0),
(102, 2000, 0),
(103, 0, 1200),
(104, 0, 1000),
(105, 500, 0),
(106, 0, 1000),
(107, 0, 10),
(108, 0, 700),
(109, 800, 0),
(110, 0, 4),
(111, 2000, 0),
(112, 0, 1000),
(113, 1000, 0),
(114, 0, 10),
(115, 500, 0),
(116, 2000, 0),
(117, 11, 0),
(118, 0, 20.95),
(119, 0, 300),
(120, 0, 500),
(121, 0, 1000),
(122, 0, 10),
(123, 2000, 0),
(124, 0, 50),
(125, 0, 12.7),
(126, 0, 25),
(127, 0, 10),
(128, 0, 1500),
(129, 1800, 200),
(130, 0, 1500),
(131, 1600, 0),
(132, 2100, 400),
(133, 0, 1200),
(134, 0, 10),
(135, 1200, 0),
(136, 620, 0),
(137, 2000, 0),
(138, 800, 0),
(139, 2000, 0),
(140, 0, 10),
(141, 600, 0),
(142, 0, 10),
(143, 0, 1785),
(144, 300, 0),
(145, 0, 455);

-- --------------------------------------------------------

--
-- Estructura de tabla para la tabla `Discharge_detail`
--

CREATE TABLE `Discharge_detail` (
  `discharge_number` int(11) NOT NULL,
  `description` varchar(100) NOT NULL,
  `value` float NOT NULL
) ENGINE=InnoDB DEFAULT CHARSET=utf8mb4 COLLATE=utf8mb4_general_ci;

--
-- Volcado de datos para la tabla `Discharge_detail`
--

INSERT INTO `Discharge_detail` (`discharge_number`, `description`, `value`) VALUES
(1, 'Pago de impresion de comprobantes', 52),
(2, 'Prestamo para ingreso a la caja', 115),
(3, 'Prestamo para ingreso a la caja', 115),
(4, 'Prestamo para ingreso a la caja', 115),
(6, 'Prestamo para ingreso a la caja', 150),
(8, 'Prestamo para ingreso a la caja', 100),
(9, 'Prestamo para ingreso a la caja', 136),
(10, 'Prestamo para ingreso a la caja', 136),
(11, 'Emprendimiento personal', 300),
(12, 'Prestamo para ingreso a la caja', 92),
(13, 'Prestamo para ingreso a la caja', 76),
(14, 'Inversion para comercio negocio', 300),
(15, 'Alquiler de sillas', 3.75),
(16, 'Prestamo a seis meses plazo para estudios', 200),
(17, 'Prestamo para ingreso a la caja', 178),
(18, 'Emprendimiento/Negocio', 200),
(19, 'Emprendimiento personal', 200),
(20, 'Emprendimiento/Agricultura', 300),
(21, 'Credito Negocio', 1500),
(22, 'Estudios', 600),
(23, 'Compra de fertilizantes agricolas', 340),
(24, 'Construccion', 1000),
(25, 'Comercio', 500),
(26, 'Prestamo para ingreso a la caja', 200),
(27, 'Prestamo para ingreso a la caja', 200),
(28, 'Prestamo para ingreso a la caja', 200),
(29, 'Prestamo para ingreso a la caja', 100),
(30, 'Prestamo Solicitud 18, tabla 29', 1200),
(31, 'Pago de compras de papeleria', 51.74),
(32, 'Prestamo $1000', 1000),
(33, 'Presupuesto para evento Navideño', 250),
(34, 'Ingreso como socio a la caja', 241),
(36, 'Ingreso como socio a la caja', 241),
(37, 'Prestamo', 1000),
(38, 'Prestamo 12 meses plazo, para insumos agricolas', 1000),
(39, 'Prestamo 24 meses plazo, negocio inflables', 1200),
(40, 'Prestamo 6 meses plazo, consumo', 300),
(41, 'Alquiler Local', 5),
(-1, 'Alquiler Local', 4),
(42, 'Prestamo 12 meses plazo para emprendimiento', 500),
(43, 'Prestamo 12 meses plazo para estudios', 1200),
(44, 'Prestamo 8 meses plazo', 500),
(45, 'Alquiler de local', 5),
(46, 'Impresion de comprobantes', 20),
(47, 'Alquiler de local', 5),
(48, 'PRESTAMO', 200),
(49, 'PRESTAMO', 500),
(50, 'PRESTAMO', 1000),
(51, 'PRESTAMO', 1000),
(52, 'PRESTAMO MITAD EFECTIVO', 500),
(53, 'PRESTAMO MITAD TRANSFERENCIA', 500),
(54, 'PRESTAMO MIL', 1000),
(55, 'PAGO LOCAL', 5),
(56, 'PRESTAMO', 400),
(57, 'PRESTAMO', 600),
(58, 'PRESTAMO', 1200),
(59, 'ALQUILER LOCAL', 5),
(60, 'PRESTAMO EMPRENDIMIENTO', 1200),
(61, 'BLOCK TABLA AMORTIZACION (51-100)', 12),
(62, 'PRESTAMO CONSUMO', 1000),
(62, 'TRANSFERENCIA INTERBANCARIA', 0.4),
(64, 'PRESTAMO CONSUMO', 1300),
(65, 'PRESTAMO ESTUDIOS', 1500),
(66, 'PRESTAMO CONSUMO', 1100),
(67, 'INSUMOS AGRICOLAS', 2000),
(68, 'ALQUILER LOCAL', 10),
(69, 'PRESTAMO COSNUMO', 1000),
(70, 'PRESTAMO EMPRENDIMIENTO', 1300),
(72, 'PRESTAMO EMPRENDIMIENTO EFECTIVO', 1350),
(73, 'PRESTAMO EMPRENDIMIENTO TRANSFERENCIA', 350),
(74, 'ALQUILER LOCAL', 10),
(75, 'EDUCACION', 1500),
(76, 'ALQUILER LOCAL', 10),
(77, 'PAGO IMPRESORA', 232.42),
(78, 'EMPRENDIMIENTO', 700),
(79, 'CONSTRUCCION', 1000),
(80, 'CONSUMO', 1150),
(81, 'ALQUILER LOCAL', 10),
(82, 'ORGANIZACION AGASAJO ', 520),
(83, 'PRESTAMO CONSTRUCCION', 1000),
(84, 'ALQUILER DE ELEMENTOS PARA AGAZAJO', 10),
(85, 'RENOVACION DE CREDITO', 1709.31),
(86, 'RENOVACION ANUAL DE SERVICIOS BANCARIOS', 1.76),
(87, 'PRESTAMO PARA CONSTRUCCION', 1000),
(88, 'PRESTAMO DE EMPRENDIMIENTO', 1200),
(89, 'PRESTAMO ESTUDIOS', 600),
(90, 'ALQUILER LOCAL', 10),
(91, 'PRESTAMO PARA CONSTRUCCION', 1000),
(92, 'PRESTAMO CONSUMO', 2000),
(93, 'ALQUILER DE LOCAL FEBRERO Y MARZO', 20),
(94, 'PRESTAMO HERRAMIENTAS AGRICOLAS', 2000),
(95, 'PRESTAMO PARA EQUIPOS DE TRABAJO', 2000),
(96, 'PRESTAMO DE HERRAMIENTAS DE TRABAJO', 1000),
(97, 'PRESTAMO ESTUDIOS', 300),
(98, 'CREDITO DE CONSUMO', 2000),
(99, 'PRESTAMO DE CONSUMO', 500),
(100, 'ALQUILER DE LOCAL', 10),
(101, 'PRESTAMO DE CONSUMO', 1200),
(102, 'PRESTAMO DE CONSUMO', 2000),
(103, 'PRESTAMO DE CONSUMO', 1200),
(104, 'PRESTAMO PARA EMPRENDIMIENTO', 1000),
(105, 'PRESTAMO DE EMPRENDIMIENTO 1 DE 2 TRANSFERENCIA', 500),
(106, 'PRESTAMO EMPRENDIMIENTO 2 DE 2 EFECTIVO', 1000),
(107, 'ALQUILER DE LOCAL', 10),
(108, 'PRESTAMO ESTUDIOS 1 DE 2 EFECTIVO', 700),
(109, 'PRESTAMO ESTUDIOS 2 DE 2 TRANSFERENCIA ', 800),
(110, 'COMOPRA DE INSUMOS DE OFICINA', 4),
(111, 'PRESTAMO DE CONSUMO', 2000),
(112, 'PRESTAMO ESTUDIOS 1 DE 2 EFECTIVO', 1000),
(113, 'PRESTAMO ESTUDIOS 2 DE 2 TRANSFERENCIA', 1000),
(114, 'ALQUILER DE LOCAL', 10),
(115, 'PRESTAMO COMPRA INSUMOS HOGAR', 500),
(116, 'PRESTAMO CONSUMO', 2000),
(117, 'COMPRA ARCHIVADOR', 3),
(117, 'COMPRA LIBRO DE ACTAS', 8),
(118, 'COMPRA DE COMIDA', 20.95),
(119, 'PRESTAMO PARA QUEHACERES DOMESTICOS', 300),
(120, 'PRESTAMO PARA ESTUDIOS', 500),
(121, 'PRESTAMO DE CONSUMO', 1000),
(122, 'ALQUILER DE LOCAL', 10),
(123, 'PRESTAMO DE CONSUMO', 2000),
(124, 'COMPRA 5 POLLOS COMIDA ANUAL', 50),
(125, 'COMPRA DE ALIMENTOS COMIDA ANUAL', 12.7),
(126, 'ALQUILER DE LOCAL COMIDA ANUAL', 25),
(127, 'ALQUILER DE LOCAL', 10),
(128, 'PRESTAMO PARA INSUMOS AGRICOLAS', 1500),
(129, 'PRESTAMO PARA MERCADERIA', 2000),
(130, 'CREDITO DE CONSUMO', 1500),
(131, 'PRESTAMO DE CONSUMO', 1600),
(132, 'PRESTAMO PARA EMPRENDIMIENTO AGRICOLA', 2500),
(133, 'PRESTAMO PARA CONSTRUCCION 1 DE 2', 1200),
(134, 'ARRIENDO DE LOCAL', 10),
(135, 'PRESTAMO PARA EMPRENDIMIENTO', 1200),
(136, 'FINALIZACION DE CUENTA DEL SOCIO', 620),
(137, 'CREDITO DE CONSUMO', 2000),
(138, 'PRESTAMO PARA CONSTRUCCION 2 DE 2	', 800),
(139, 'PRESTAMO PARA CONSTRUCCION', 2000),
(140, 'ALQUILER DE LOCAL', 10),
(141, 'PRESTAMO DE CONSUMO', 600),
(142, 'ALQUILER DE LOCAL', 10),
(143, 'PRESTAMO DE CONSTRUCCION', 1785),
(144, 'PRESTAMO DE CONSUMO', 300),
(145, 'ORGANIZACION EVENTO NAVIDAD', 455);

-- --------------------------------------------------------

--
-- Estructura de tabla para la tabla `Entry`
--

CREATE TABLE `Entry` (
  `number` int(11) NOT NULL,
  `account_number` int(11) DEFAULT NULL,
  `amount` float NOT NULL,
  `date` date NOT NULL,
  `place` varchar(20) DEFAULT 'Loreto'
) ENGINE=InnoDB DEFAULT CHARSET=utf8mb4 COLLATE=utf8mb4_general_ci;

--
-- Volcado de datos para la tabla `Entry`
--

INSERT INTO `Entry` (`number`, `account_number`, `amount`, `date`, `place`) VALUES
(-2, 20, 200, '2022-10-01', 'Loreto'),
(-1, 21, 178, '2022-10-01', 'Loreto'),
(1, 19, 115, '2022-07-02', 'Loreto'),
(2, 17, 115, '2022-07-02', 'Loreto'),
(3, 16, 115, '2022-07-02', 'Loreto'),
(4, 18, 115, '2022-07-02', 'Loreto'),
(5, 14, 115, '2022-07-02', 'Loreto'),
(6, 12, 115, '2022-07-02', 'Loreto'),
(7, 1, 115, '2022-07-02', 'Loreto'),
(8, 4, 115, '2022-07-02', 'Loreto'),
(9, 24, 115, '2022-07-02', 'Loreto'),
(10, 22, 115, '2022-07-02', 'Loreto'),
(11, 13, 115, '2022-07-02', 'Loreto'),
(12, 23, 115, '2022-07-02', 'Loreto'),
(13, 5, 115, '2022-07-02', 'Loreto'),
(14, 9, 115, '2022-07-02', 'Loreto'),
(15, 20, 115, '2022-07-02', 'Loreto'),
(16, 41, 115, '2022-07-02', 'Loreto'),
(17, 26, 115, '2022-07-02', 'Loreto'),
(18, 40, 121, '2022-08-06', 'Loreto'),
(19, 49, 136, '2022-08-06', 'Loreto'),
(20, 28, 136, '2022-08-06', 'Loreto'),
(21, 47, 136, '2022-08-06', 'Loreto'),
(22, 2, 136, '2022-08-06', 'Loreto'),
(23, 1, 22, '2022-08-06', 'Loreto'),
(24, 20, 138.3, '2022-08-06', 'Loreto'),
(25, 12, 42.47, '2022-08-06', 'Loreto'),
(26, 14, 21, '2022-08-06', 'Loreto'),
(27, 4, 80.8, '2022-08-06', 'Loreto'),
(28, 5, 21, '2022-08-06', 'Loreto'),
(29, 16, 21, '2022-08-06', 'Loreto'),
(30, 18, 21, '2022-08-06', 'Loreto'),
(31, 26, 73, '2022-08-06', 'Loreto'),
(32, 9, 21, '2022-08-06', 'Loreto'),
(33, 41, 21, '2022-08-06', 'Loreto'),
(34, 24, 49, '2022-08-06', 'Loreto'),
(35, 22, 30, '2022-08-06', 'Loreto'),
(36, 43, 136, '2022-08-06', 'Loreto'),
(37, 48, 136, '2022-08-06', 'Loreto'),
(38, 45, 136, '2022-08-06', 'Loreto'),
(39, 46, 136, '2022-08-06', 'Loreto'),
(40, 13, 21, '2022-08-06', 'Loreto'),
(41, 17, 21, '2022-08-06', 'Loreto'),
(42, 23, 21, '2022-08-06', 'Loreto'),
(43, 20, 1, '2022-08-06', 'Loreto'),
(44, 28, 91.72, '2022-09-03', 'Loreto'),
(45, 40, 36, '2022-09-03', 'Loreto'),
(46, 49, 21, '2022-09-03', 'Loreto'),
(47, 43, 21, '2022-09-03', 'Loreto'),
(48, 2, 21, '2022-09-03', 'Loreto'),
(49, 20, 56, '2022-09-03', 'Loreto'),
(50, 48, 21, '2022-09-03', 'Loreto'),
(51, 46, 37.72, '2022-09-03', 'Loreto'),
(52, 45, 41.24, '2022-09-03', 'Loreto'),
(53, 4, 80.8, '2022-09-03', 'Loreto'),
(54, 12, 42.47, '2022-09-03', 'Loreto'),
(55, 16, 21, '2022-09-03', 'Loreto'),
(56, 18, 21, '2022-09-03', 'Loreto'),
(57, 14, 21, '2022-09-03', 'Loreto'),
(58, 26, 73, '2022-09-03', 'Loreto'),
(59, 19, 43, '2022-09-03', 'Loreto'),
(60, 1, 77, '2022-09-03', 'Loreto'),
(61, 9, 21, '2022-09-03', 'Loreto'),
(62, 41, 21, '2022-09-03', 'Loreto'),
(63, 5, 21, '2022-09-03', 'Loreto'),
(64, 20, 21, '2022-09-03', 'Loreto'),
(65, 13, 21, '2022-09-03', 'Loreto'),
(66, 23, 21, '2022-09-03', 'Loreto'),
(67, 17, 21, '2022-09-03', 'Loreto'),
(68, 30, 157, '2022-09-03', 'Loreto'),
(69, 46, 1, '2022-09-03', 'Loreto'),
(70, 46, 75.05, '2022-10-01', 'Loreto'),
(71, 48, 21, '2022-10-01', 'Loreto'),
(72, 45, 41.24, '2022-10-01', 'Loreto'),
(73, 26, 21, '2022-10-01', 'Loreto'),
(74, 9, 21, '2022-10-01', 'Loreto'),
(75, 41, 21, '2022-10-01', 'Loreto'),
(76, 14, 21, '2022-10-01', 'Loreto'),
(77, 12, 42.47, '2022-10-01', 'Loreto'),
(78, 28, 91.72, '2022-10-01', 'Loreto'),
(79, 23, 0, '2022-10-01', 'ANULADO'),
(80, 47, 189.44, '2022-10-01', 'Loreto'),
(81, 2, 21, '2022-10-01', 'Loreto'),
(82, 20, 56, '2022-10-01', 'Loreto'),
(83, 4, 21, '2022-10-01', 'Loreto'),
(84, 49, 21, '2022-10-01', 'Loreto'),
(85, 16, 21, '2022-10-01', 'Loreto'),
(86, 18, 21, '2022-10-01', 'Loreto'),
(87, 30, 21, '2022-10-01', 'Loreto'),
(88, 40, 21, '2022-10-01', 'Loreto'),
(89, 20, 21, '2022-10-01', 'Loreto'),
(90, 43, 21, '2022-10-01', 'Loreto'),
(91, 17, 21, '2022-10-01', 'Loreto'),
(92, 1, 77, '2022-10-01', 'Loreto'),
(93, 19, 21, '2022-10-01', 'Loreto'),
(94, 13, 21, '2022-10-01', 'Loreto'),
(95, 23, 21, '2022-10-01', 'Loreto'),
(96, 41, 21, '2022-11-12', 'Loreto'),
(97, 9, 21, '2022-11-12', 'Loreto'),
(98, 26, 21, '2022-11-12', 'Loreto'),
(99, 16, 21, '2022-11-12', 'Loreto'),
(100, 18, 21, '2022-11-12', 'Loreto'),
(101, 49, 21, '2022-11-12', 'Loreto'),
(102, 21, 54.23, '2022-11-12', 'Loreto'),
(103, 30, 21, '2022-11-12', 'Loreto'),
(104, 40, 21, '2022-11-12', 'Loreto'),
(105, 46, 37.72, '2022-11-12', 'Loreto'),
(106, 46, 30.4, '2022-11-12', 'Loreto'),
(107, 43, 21, '2022-11-12', 'Loreto'),
(108, 47, 21, '2022-11-12', 'Loreto'),
(109, 12, 42.47, '2022-11-12', 'Loreto'),
(110, 48, 158.34, '2022-11-12', 'Loreto'),
(111, 2, 21, '2022-11-12', 'Loreto'),
(112, 1, 77, '2022-11-12', 'Loreto'),
(113, 14, 58.33, '2022-11-12', 'Loreto'),
(114, 45, 41.24, '2022-11-12', 'Loreto'),
(115, 23, 0, '2022-11-12', 'ANULADO'),
(116, 24, 156.5, '2022-11-12', 'Loreto'),
(117, 4, 127, '2022-11-12', 'Loreto'),
(118, 28, 58.33, '2022-11-12', 'Loreto'),
(119, 5, 43, '2022-11-12', 'Loreto'),
(120, 20, 113.5, '2022-11-12', 'Loreto'),
(121, 23, 0, '2022-11-12', 'ANULADO'),
(122, 13, 118.71, '2022-11-12', 'Loreto'),
(123, 23, 21, '2022-11-12', 'Loreto'),
(124, 48, 34.33, '2022-11-12', 'Loreto'),
(125, 3, 200, '2022-11-12', 'Loreto'),
(126, 31, 200, '2022-11-12', 'Loreto'),
(127, 35, 200, '2022-11-12', 'Loreto'),
(128, 21, 54.23, '2022-12-03', 'Loreto'),
(129, 40, 21, '2022-12-03', 'Loreto'),
(130, 49, 21, '2022-12-03', 'Loreto'),
(131, 46, 21, '2022-12-03', 'Loreto'),
(132, 48, 70.3, '2022-12-03', 'Loreto'),
(133, 31, 75, '2022-12-03', 'Loreto'),
(134, 45, 41.24, '2022-12-03', 'Loreto'),
(135, 26, 96.56, '2022-12-03', 'Loreto'),
(136, 30, 21, '2022-12-03', 'Loreto'),
(137, 28, 58.33, '2022-12-03', 'Loreto'),
(138, 41, 21, '2022-12-03', 'Loreto'),
(139, 9, 21, '2022-12-03', 'Loreto'),
(140, 3, 91.31, '2022-12-03', 'Loreto'),
(141, 2, 21, '2022-12-03', 'Loreto'),
(142, 23, 21, '2022-12-03', 'Loreto'),
(143, 13, 118.71, '2022-12-03', 'Loreto'),
(144, 33, 221, '2022-12-03', 'Loreto'),
(145, 4, 127, '2022-12-03', 'Loreto'),
(146, 5, 21, '2022-12-03', 'Loreto'),
(147, 12, 42.47, '2022-12-03', 'Loreto'),
(148, 14, 58.33, '2022-12-03', 'Loreto'),
(149, 1, 77, '2022-12-03', 'Loreto'),
(150, 20, 113.5, '2022-12-03', 'Loreto'),
(151, 4, 100, '2022-12-03', 'Loreto'),
(152, 20, 1375, '2022-12-03', 'Loreto'),
(153, 19, 43, '2022-12-03', 'Loreto'),
(154, 43, 21, '2022-12-03', 'Loreto'),
(155, 17, 66, '2023-01-07', 'Loreto'),
(156, 30, 21, '2023-01-07', 'Loreto'),
(157, 13, 118.71, '2023-01-07', 'Loreto'),
(158, 26, 95.45, '2023-01-07', 'Loreto'),
(159, 34, 242, '2023-01-07', 'Loreto'),
(160, 40, 21, '2023-01-07', 'Loreto'),
(161, 21, 54.23, '2023-01-07', 'Loreto'),
(162, 16, 43, '2023-01-07', 'Loreto'),
(163, 18, 43, '2023-01-07', 'Loreto'),
(164, 46, 21, '2023-01-07', 'Loreto'),
(165, 31, 175, '2023-01-07', 'Loreto'),
(166, 45, 41.24, '2023-01-07', 'Loreto'),
(167, 48, 69.45, '2023-01-07', 'Loreto'),
(168, 47, 250, '2023-01-07', 'Loreto'),
(169, 14, 58.33, '2023-01-07', 'Loreto'),
(170, 12, 42.47, '2023-01-07', 'Loreto'),
(171, 43, 21, '2023-01-07', 'Loreto'),
(172, 49, 21, '2023-01-07', 'Loreto'),
(173, 33, 48, '2023-01-07', 'Loreto'),
(174, 35, 267, '2023-01-07', 'Loreto'),
(175, 23, 0, '2023-01-07', 'ANULADO'),
(176, 37, 241, '2023-01-07', 'Loreto'),
(177, 41, 21, '2023-01-07', 'Loreto'),
(178, 9, 21, '2023-01-07', 'Loreto'),
(179, 23, 21, '2023-01-07', 'Loreto'),
(180, 20, 21, '2023-01-07', 'Loreto'),
(181, 38, 241, '2023-01-07', 'Loreto'),
(182, 2, 82.67, '2023-01-07', 'Loreto'),
(183, 4, 95, '2023-01-07', 'Loreto'),
(184, 3, 157.65, '2023-01-07', 'Loreto'),
(185, 5, 21, '2023-01-07', 'Loreto'),
(186, 24, 52.5, '2023-01-07', 'Loreto'),
(187, 50, 241, '2023-01-07', 'Loreto'),
(188, 1, 128, '2023-01-07', 'Loreto'),
(189, 19, 43, '2023-02-04', 'Loreto'),
(190, 28, 120.99, '2023-02-04', 'Loreto'),
(191, 34, 21, '2023-02-04', 'Loreto'),
(192, 40, 21, '2023-02-04', 'Loreto'),
(193, 30, 21, '2023-02-04', 'Loreto'),
(194, 38, 65.99, '2023-02-04', 'Loreto'),
(195, 18, 21, '2023-02-04', 'Loreto'),
(196, 16, 21, '2023-02-04', 'Loreto'),
(197, 4, 187, '2023-02-04', 'Loreto'),
(198, 21, 54.23, '2023-02-04', 'Loreto'),
(199, 51, 262, '2023-02-04', 'Loreto'),
(200, 35, 21, '2023-02-04', 'Loreto'),
(201, 31, 21, '2023-02-04', 'Loreto'),
(202, 37, 21, '2023-02-04', 'Loreto'),
(203, 45, 21, '2023-02-04', 'Loreto'),
(204, 46, 21, '2023-02-04', 'Loreto'),
(205, 48, 153.6, '2023-02-04', 'Loreto'),
(206, 5, 21, '2023-02-04', 'Loreto'),
(207, 12, 21, '2023-02-04', 'Loreto'),
(208, 14, 58.33, '2023-02-04', 'Loreto'),
(209, 50, 65.99, '2023-02-04', 'Loreto'),
(210, 48, 128.5, '2023-02-04', 'Loreto'),
(211, 9, 21, '2023-02-04', 'Loreto'),
(212, 41, 21, '2023-02-04', 'Loreto'),
(213, 43, 21, '2023-02-04', 'Loreto'),
(214, 1, 124.33, '2023-02-04', 'Loreto'),
(215, 24, 73.5, '2023-02-04', 'Loreto'),
(216, 26, 95.45, '2023-02-04', 'Loreto'),
(217, 47, 128, '2023-02-04', 'Loreto'),
(218, 49, 21, '2023-02-04', 'Loreto'),
(219, 33, 48, '2023-02-04', 'Loreto'),
(220, 3, 21, '2023-02-04', 'Loreto'),
(221, 20, 21, '2023-02-04', 'Loreto'),
(222, 5, 1, '2023-02-04', 'Loreto'),
(223, 19, 1, '2023-02-04', 'Loreto'),
(224, 2, 81.84, '2023-02-04', 'Loreto'),
(225, 23, 21, '2023-02-04', 'Loreto'),
(226, 13, 118.71, '2023-02-04', 'Loreto'),
(227, 2, 81, '2023-03-04', 'Loreto'),
(228, 40, 21, '2023-03-04', 'Loreto'),
(229, 34, 21, '2023-03-04', 'Loreto'),
(230, 30, 21, '2023-03-04', 'Loreto'),
(231, 16, 21, '2023-03-04', 'Loreto'),
(232, 18, 21, '2023-03-04', 'Loreto'),
(233, 21, 54.23, '2023-03-04', 'Loreto'),
(234, 28, 91.66, '2023-03-04', 'Loreto'),
(235, 47, 125, '2023-03-04', 'Loreto'),
(236, 37, 21, '2023-03-04', 'Loreto'),
(237, 46, 21, '2023-03-04', 'Loreto'),
(238, 48, 124.33, '2023-03-04', 'Loreto'),
(239, 35, 21, '2023-03-04', 'Loreto'),
(240, 45, 21, '2023-03-04', 'Loreto'),
(241, 31, 21, '2023-03-04', 'Loreto'),
(242, 4, 92, '2023-03-04', 'Loreto'),
(243, 1, 101.66, '2023-03-04', 'Loreto'),
(244, 24, 21, '2023-03-04', 'Loreto'),
(245, 38, 65.19, '2023-03-04', 'Loreto'),
(246, 51, 21, '2023-03-04', 'Loreto'),
(247, 26, 93.23, '2023-03-04', 'Loreto'),
(248, 9, 21, '2023-03-04', 'Loreto'),
(249, 41, 21, '2023-03-04', 'Loreto'),
(250, 33, 48, '2023-03-04', 'Loreto'),
(251, 49, 21, '2023-03-04', 'Loreto'),
(252, 50, 65.19, '2023-03-04', 'Loreto'),
(253, 12, 21, '2023-03-04', 'Loreto'),
(254, 14, 91.66, '2023-03-04', 'Loreto'),
(255, 20, 21, '2023-03-04', 'Loreto'),
(256, 3, 21, '2023-03-04', 'Loreto'),
(257, 13, 118.71, '2023-03-04', 'Loreto'),
(258, 23, 21, '2023-03-04', 'Loreto'),
(259, 17, 43, '2023-03-04', 'Loreto'),
(260, 19, 95, '2023-03-04', 'Loreto'),
(261, 48, 122.66, '2023-04-01', 'Loreto'),
(262, 31, 21, '2023-04-01', 'Loreto'),
(263, 38, 63.38, '2023-04-01', 'Loreto'),
(264, 45, 72.5, '2023-04-01', 'Loreto'),
(265, 45, 21, '2023-04-01', 'Loreto'),
(266, 46, 21, '2023-04-01', 'Loreto'),
(267, 37, 21, '2023-04-01', 'Loreto'),
(268, 1, 143, '2023-04-01', 'Loreto'),
(269, 24, 21, '2023-04-01', 'Loreto'),
(270, 49, 21, '2023-04-01', 'Loreto'),
(271, 33, 48, '2023-04-01', 'Loreto'),
(272, 21, 54.23, '2023-04-01', 'Loreto'),
(273, 16, 21, '2023-04-01', 'Loreto'),
(274, 18, 21, '2023-04-01', 'Loreto'),
(275, 9, 21, '2023-04-01', 'Loreto'),
(276, 41, 21, '2023-04-01', 'Loreto'),
(277, 51, 21, '2023-04-01', 'Loreto'),
(278, 53, 304, '2023-04-01', 'Loreto'),
(279, 12, 21, '2023-04-01', 'Loreto'),
(280, 14, 145, '2023-04-01', 'Loreto'),
(281, 34, 21, '2023-04-01', 'Loreto'),
(282, 40, 21, '2023-04-01', 'Loreto'),
(283, 5, 160, '2023-04-01', 'Loreto'),
(284, 4, 91, '2023-04-01', 'Loreto'),
(285, 26, 92.12, '2023-04-01', 'Loreto'),
(286, 50, 64.38, '2023-04-01', 'Loreto'),
(287, 43, 43, '2023-04-01', 'Loreto'),
(288, 30, 21, '2023-04-01', 'Loreto'),
(289, 20, 21, '2023-04-01', 'Loreto'),
(290, 3, 21, '2023-04-01', 'Loreto'),
(291, 13, 118.71, '2023-04-01', 'Loreto'),
(292, 19, 94, '2023-04-01', 'Loreto'),
(293, 2, 80.17, '2023-04-01', 'Loreto'),
(294, 23, 21, '2023-04-01', 'Loreto'),
(295, 17, 21, '2023-04-01', 'Loreto'),
(296, 35, 21, '2023-04-01', 'Loreto'),
(297, 50, 63.58, '2023-05-06', 'Loreto'),
(298, 35, 21, '2023-05-06', 'Loreto'),
(299, 3, 21, '2023-05-06', 'Loreto'),
(300, 23, 21, '2023-05-06', 'Loreto'),
(301, 19, 93, '2023-05-06', 'Loreto'),
(302, 40, 21, '2023-05-06', 'Loreto'),
(303, 34, 21, '2023-05-06', 'Loreto'),
(304, 47, 177, '2023-05-06', 'Loreto'),
(305, 28, 149.68, '2023-05-06', 'Loreto'),
(306, 38, 63.58, '2023-05-06', 'Loreto'),
(307, 46, 21, '2023-05-06', 'Loreto'),
(308, 37, 21, '2023-05-06', 'Loreto'),
(309, 23, 0, '2023-05-05', 'ANULADO'),
(310, 45, 92.25, '2023-05-06', 'Loreto'),
(311, 48, 121, '2023-05-06', 'Loreto'),
(312, 31, 21, '2023-05-06', 'Loreto'),
(313, 30, 21, '2023-05-06', 'Loreto'),
(314, 21, 22, '2023-05-06', 'Loreto'),
(315, 16, 21, '2023-05-06', 'Loreto'),
(316, 18, 21, '2023-05-06', 'Loreto'),
(317, 12, 21, '2023-05-06', 'Loreto'),
(318, 14, 143, '2023-05-06', 'Loreto'),
(319, 49, 21, '2023-05-06', 'Loreto'),
(320, 33, 21, '2023-05-06', 'Loreto'),
(321, 26, 91, '2023-05-06', 'Loreto'),
(322, 50, 80.34, '2023-05-06', 'Loreto'),
(323, 43, 21, '2023-05-06', 'Loreto'),
(324, 4, 158, '2023-05-06', 'Loreto'),
(325, 5, 77, '2023-05-06', 'Loreto'),
(326, 51, 21, '2023-05-06', 'Loreto'),
(327, 53, 21, '2023-05-06', 'Loreto'),
(328, 41, 21, '2023-05-06', 'Loreto'),
(329, 9, 22, '2023-05-06', 'Loreto'),
(330, 24, 21, '2023-05-06', 'Loreto'),
(331, 2, 870.99, '2023-05-06', 'Loreto'),
(332, 22, 188, '2023-05-06', 'Loreto'),
(333, 1, 119.33, '2023-05-06', 'Loreto'),
(334, 17, 21, '2023-05-06', 'Loreto'),
(335, 13, 118.71, '2023-05-06', 'Loreto'),
(336, 20, 21, '2023-05-06', 'Loreto'),
(337, 13, 109, '2023-06-03', 'Loreto'),
(338, 19, 92, '2023-06-03', 'Loreto'),
(339, 23, 21, '2023-06-03', 'Loreto'),
(340, 14, 141, '2023-06-03', 'Loreto'),
(341, 12, 21, '2023-06-03', 'Loreto'),
(342, 53, 21, '2023-06-03', 'Loreto'),
(343, 51, 21, '2023-06-03', 'Loreto'),
(344, 49, 21, '2023-06-03', 'Loreto'),
(345, 33, 21, '2023-06-03', 'Loreto'),
(346, 35, 21, '2023-06-03', 'Loreto'),
(347, 45, 91, '2023-06-03', 'Loreto'),
(348, 48, 119.33, '2023-06-03', 'Loreto'),
(349, 31, 21, '2023-06-03', 'Loreto'),
(350, 37, 21, '2023-06-03', 'Loreto'),
(351, 46, 72.67, '2023-06-03', 'Loreto'),
(352, 38, 62.78, '2023-06-03', 'Loreto'),
(353, 3, 21, '2023-06-03', 'Loreto'),
(354, 21, 21, '2023-06-03', 'Loreto'),
(355, 22, 107.67, '2023-06-03', 'Loreto'),
(356, 16, 21, '2023-06-03', 'Loreto'),
(357, 18, 21, '2023-06-03', 'Loreto'),
(358, 41, 21, '2023-06-03', 'Loreto'),
(359, 9, 124.33, '2023-06-03', 'Loreto'),
(360, 28, 71, '2023-06-03', 'Loreto'),
(361, 47, 22, '2023-06-03', 'Loreto'),
(362, 4, 88, '2023-06-03', 'Loreto'),
(363, 5, 77, '2023-06-03', 'Loreto'),
(364, 1, 688.68, '2023-06-03', 'Loreto'),
(365, 17, 21, '2023-06-03', 'Loreto'),
(366, 30, 21, '2023-06-03', 'Loreto'),
(367, 26, 89.89, '2023-06-03', 'Loreto'),
(368, 40, 21, '2023-06-03', 'Loreto'),
(369, 34, 21, '2023-06-03', 'Loreto'),
(370, 50, 107.67, '2023-06-03', 'Loreto'),
(371, 23, 21, '2023-07-01', 'Loreto'),
(372, 19, 91, '2023-07-01', 'Loreto'),
(373, 2, 43, '2023-07-01', 'Loreto'),
(374, 26, 88.78, '2023-07-01', 'Loreto'),
(375, 33, 21, '2023-07-01', 'Loreto'),
(376, 49, 21, '2023-07-01', 'Loreto'),
(377, 37, 21, '2023-07-01', 'Loreto'),
(378, 45, 89.75, '2023-07-01', 'Loreto'),
(379, 48, 117.66, '2023-07-01', 'Loreto'),
(380, 31, 21, '2023-07-01', 'Loreto'),
(381, 46, 71.84, '2023-07-01', 'Loreto'),
(382, 51, 21, '2023-07-01', 'Loreto'),
(383, 53, 21, '2023-07-01', 'Loreto'),
(384, 38, 61.97, '2023-07-01', 'Loreto'),
(385, 12, 21, '2023-07-01', 'Loreto'),
(386, 14, 139, '2023-07-01', 'Loreto'),
(387, 50, 106.34, '2023-07-01', 'Loreto'),
(388, 16, 21, '2023-07-01', 'Loreto'),
(389, 18, 21, '2023-07-01', 'Loreto'),
(390, 9, 122.66, '2023-07-01', 'Loreto'),
(391, 41, 21, '2023-07-01', 'Loreto'),
(392, 28, 70.17, '2023-07-01', 'Loreto'),
(393, 47, 75.86, '2023-07-01', 'Loreto'),
(394, 17, 21, '2023-07-01', 'Loreto'),
(395, 30, 21, '2023-07-01', 'Loreto'),
(396, 34, 21, '2023-07-01', 'Loreto'),
(397, 40, 21, '2023-07-01', 'Loreto'),
(398, 13, 107.4, '2023-07-01', 'Loreto'),
(399, 43, 43, '2023-07-01', 'Loreto'),
(400, 4, 21, '2023-07-01', 'Loreto'),
(401, 5, 77, '2023-07-01', 'Loreto'),
(402, 3, 95, '2023-07-01', 'Loreto'),
(403, 20, 169.68, '2023-07-01', 'Loreto'),
(404, 35, 21, '2023-07-01', 'Loreto'),
(405, 24, 43, '2023-07-01', 'Loreto'),
(406, 21, 98.99, '2023-07-01', 'Loreto'),
(407, 3, 21, '2023-07-01', 'Loreto'),
(408, 1, 1221, '2023-07-01', 'Loreto'),
(409, 22, 954.33, '2023-07-01', 'Loreto'),
(410, 13, 105.8, '2023-08-05', 'Loreto'),
(411, 3, 21, '2023-08-04', 'Loreto'),
(412, 50, 105, '2023-08-04', 'Loreto'),
(413, 19, 90, '2023-08-04', 'Loreto'),
(414, 38, 21, '2023-08-04', 'Loreto'),
(415, 43, 21, '2023-08-04', 'Loreto'),
(416, 45, 271, '2023-08-05', 'Loreto'),
(417, 48, 604.31, '2023-08-05', 'Loreto'),
(418, 22, 34, '2023-08-05', 'Loreto'),
(419, 1, 21, '2023-08-05', 'Loreto'),
(420, 24, 21, '2023-08-05', 'Loreto'),
(421, 21, 58.33, '2023-08-05', 'Loreto'),
(422, 41, 21, '2023-08-05', 'Loreto'),
(423, 9, 121, '2023-08-05', 'Loreto'),
(424, 26, 87.67, '2023-08-05', 'Loreto'),
(425, 16, 21, '2023-08-05', 'Loreto'),
(426, 18, 21, '2023-08-05', 'Loreto'),
(427, 5, 77, '2023-08-05', 'Loreto'),
(428, 35, 124.33, '2023-08-05', 'Loreto'),
(429, 53, 21, '2023-08-05', 'Loreto'),
(430, 51, 21, '2023-08-05', 'Loreto'),
(431, 28, 69.34, '2023-08-05', 'Loreto'),
(432, 47, 75, '2023-08-05', 'Loreto'),
(433, 12, 21, '2023-08-05', 'Loreto'),
(434, 14, 137, '2023-08-05', 'Loreto'),
(435, 31, 21, '2023-08-05', 'Loreto'),
(436, 46, 71, '2023-08-05', 'Loreto'),
(437, 37, 21, '2023-08-05', 'Loreto'),
(438, 21, 101, '2023-08-05', 'Loreto'),
(439, 53, 1, '2023-08-05', 'Loreto'),
(440, 2, 21, '2023-08-05', 'Loreto'),
(441, 49, 21, '2023-08-05', 'Loreto'),
(442, 33, 21, '2023-08-05', 'Loreto'),
(443, 3, 74, '2023-08-05', 'Loreto'),
(444, 20, 81, '2023-08-05', 'Loreto'),
(445, 23, 21, '2023-08-05', 'Loreto'),
(446, 48, 1, '2023-08-05', 'Loreto'),
(447, 17, 22, '2023-08-05', 'Loreto'),
(448, 30, 22, '2023-08-05', 'Loreto'),
(449, 3, 21, '2023-09-02', 'Loreto'),
(450, 13, 104.2, '2023-09-02', 'Loreto'),
(451, 17, 21, '2023-09-02', 'Loreto'),
(452, 30, 21, '2023-09-02', 'Loreto'),
(453, 19, 89, '2023-09-02', 'Loreto'),
(454, 23, 21, '2023-09-02', 'Loreto'),
(455, 38, 21, '2023-09-02', 'Loreto'),
(456, 45, 21, '2023-09-02', 'Loreto'),
(457, 48, 227.67, '2023-09-02', 'Loreto'),
(458, 31, 21, '2023-09-02', 'Loreto'),
(459, 46, 70.17, '2023-09-02', 'Loreto'),
(460, 53, 126, '2023-09-02', 'Loreto'),
(461, 51, 21, '2023-09-02', 'Loreto'),
(462, 47, 74.15, '2023-09-02', 'Loreto'),
(463, 28, 68.5, '2023-09-02', 'Loreto'),
(464, 40, 43, '2023-09-02', 'Loreto'),
(465, 34, 43, '2023-09-02', 'Loreto'),
(466, 5, 21, '2023-09-02', 'Loreto'),
(467, 37, 21, '2023-09-02', 'Loreto'),
(468, 26, 86.56, '2023-09-02', 'Loreto'),
(469, 12, 21, '2023-09-02', 'Loreto'),
(470, 14, 135, '2023-09-02', 'Loreto'),
(471, 4, 87, '2023-09-02', 'Loreto'),
(472, 18, 21, '2023-09-02', 'Loreto'),
(473, 16, 21, '2023-09-02', 'Loreto'),
(474, 20, 80.17, '2023-09-02', 'Loreto'),
(475, 3, 74, '2023-09-02', 'Loreto'),
(476, 43, 21, '2023-09-02', 'Loreto'),
(477, 22, 242.67, '2023-09-02', 'Loreto'),
(478, 21, 83.11, '2023-09-02', 'Loreto'),
(479, 9, 119.33, '2023-09-02', 'Loreto'),
(480, 41, 21, '2023-09-02', 'Loreto'),
(481, 33, 21, '2023-09-02', 'Loreto'),
(482, 49, 21, '2023-09-02', 'Loreto'),
(483, 17, 1, '2023-09-02', 'Loreto'),
(484, 2, 21, '2023-09-02', 'Loreto'),
(485, 50, 103.67, '2023-09-02', 'Loreto'),
(486, 28, 251.02, '2023-09-02', 'Loreto'),
(487, 2, 1, '2023-09-02', 'Loreto'),
(488, 28, 1, '2023-09-02', 'Loreto'),
(489, 35, 122.66, '2023-09-02', 'Loreto'),
(490, 17, 7, '2023-09-02', 'Loreto'),
(491, 21, 22, '2023-09-02', 'Loreto'),
(492, 13, 102.6, '2023-10-07', 'Loreto'),
(493, 22, 238.34, '2023-10-07', 'Loreto'),
(494, 19, 88, '2023-10-07', 'Loreto'),
(495, 38, 21, '2023-10-07', 'Loreto'),
(496, 40, 21, '2023-10-07', 'Loreto'),
(497, 34, 21, '2023-10-07', 'Loreto'),
(498, 47, 73.29, '2023-10-07', 'Loreto'),
(499, 28, 168.33, '2023-10-07', 'Loreto'),
(500, 21, 21, '2023-10-07', 'Loreto'),
(501, 14, 133, '2023-10-07', 'Loreto'),
(502, 12, 21, '2023-10-07', 'Loreto'),
(503, 16, 21, '2023-10-07', 'Loreto'),
(504, 18, 21, '2023-10-07', 'Loreto'),
(505, 26, 85.45, '2023-10-07', 'Loreto'),
(506, 41, 21, '2023-10-07', 'Loreto'),
(507, 9, 117.66, '2023-10-07', 'Loreto'),
(508, 46, 361.03, '2023-10-07', 'Loreto'),
(509, 37, 21, '2023-10-07', 'Loreto'),
(510, 48, 224.34, '2023-10-07', 'Loreto'),
(511, 31, 21, '2023-10-07', 'Loreto'),
(512, 45, 21, '2023-10-07', 'Loreto'),
(513, 50, 102.33, '2023-10-07', 'Loreto'),
(514, 43, 21, '2023-10-07', 'Loreto'),
(515, 20, 79.34, '2023-10-07', 'Loreto'),
(516, 3, 74, '2023-10-07', 'Loreto'),
(517, 23, 21, '2023-10-07', 'Loreto'),
(518, 4, 86, '2023-10-07', 'Loreto'),
(519, 51, 21, '2023-10-07', 'Loreto'),
(520, 53, 124.5, '2023-10-07', 'Loreto'),
(521, 2, 101.17, '2023-10-07', 'Loreto'),
(522, 33, 21, '2023-10-07', 'Loreto'),
(523, 49, 21, '2023-10-07', 'Loreto'),
(524, 35, 121, '2023-10-07', 'Loreto'),
(525, 17, 107.67, '2023-10-07', 'Loreto'),
(526, 30, 21, '2023-10-07', 'Loreto'),
(527, 21, 81.89, '2023-10-07', 'Loreto'),
(528, 14, 500, '2023-10-07', 'Loreto'),
(529, 22, 234, '2023-11-11', 'Loreto'),
(530, 19, 87, '2023-11-11', 'Loreto'),
(531, 1, 72.33, '2023-11-11', 'Loreto'),
(532, 28, 165.06, '2023-11-11', 'Loreto'),
(533, 47, 51.43, '2023-11-11', 'Loreto'),
(534, 38, 21, '2023-11-11', 'Loreto'),
(535, 23, 21, '2023-11-11', 'Loreto'),
(536, 41, 21, '2023-11-11', 'Loreto'),
(537, 9, 116, '2023-11-11', 'Loreto'),
(538, 26, 84.34, '2023-11-11', 'Loreto'),
(539, 40, 21, '2023-11-11', 'Loreto'),
(540, 34, 21, '2023-11-11', 'Loreto'),
(541, 16, 21, '2023-11-11', 'Loreto'),
(542, 18, 21, '2023-11-11', 'Loreto'),
(543, 43, 21, '2023-11-11', 'Loreto'),
(544, 3, 21, '2023-11-11', 'Loreto'),
(545, 31, 21, '2023-11-11', 'Loreto'),
(546, 45, 21, '2023-11-11', 'Loreto'),
(547, 48, 221, '2023-11-11', 'Loreto'),
(548, 37, 21, '2023-11-11', 'Loreto'),
(549, 46, 21, '2023-11-11', 'Loreto'),
(550, 47, 21, '2023-11-11', 'Loreto'),
(551, 28, 1, '2023-11-11', 'Loreto'),
(552, 51, 21, '2023-11-11', 'Loreto'),
(553, 17, 21, '2023-11-11', 'Loreto'),
(554, 2, 100.09, '2023-11-11', 'Loreto'),
(555, 4, 85, '2023-11-11', 'Loreto'),
(556, 53, 1398, '2023-11-11', 'Loreto'),
(557, 30, 21, '2023-11-11', 'Loreto'),
(558, 35, 119.33, '2023-11-11', 'Loreto'),
(559, 14, 134.33, '2023-11-11', 'Loreto'),
(560, 12, 21, '2023-11-11', 'Loreto'),
(561, 33, 21, '2023-11-11', 'Loreto'),
(562, 49, 21, '2023-11-11', 'Loreto'),
(563, 21, 80.67, '2023-11-11', 'Loreto'),
(564, 21, 21, '2023-11-11', 'Loreto'),
(565, 20, 78.5, '2023-11-11', 'Loreto'),
(566, 3, 74, '2023-11-11', 'Loreto'),
(567, 17, 85.34, '2023-11-11', 'Loreto'),
(568, 4, 650, '2023-11-11', 'Loreto'),
(569, 13, 21, '2023-11-11', 'Loreto'),
(570, 5, 43, '2023-11-11', 'Loreto'),
(571, 1, 71.16, '2023-12-09', 'Loreto'),
(572, 22, 229.67, '2023-12-09', 'Loreto'),
(573, 30, 91.43, '2023-12-09', 'Loreto'),
(574, 19, 86, '2023-12-09', 'Loreto'),
(575, 50, 206.34, '2023-12-09', 'Loreto'),
(576, 17, 21, '2023-12-09', 'Loreto'),
(577, 30, 21, '2023-12-09', 'Loreto'),
(578, 12, 21, '2023-12-09', 'Loreto'),
(579, 14, 132.66, '2023-12-09', 'Loreto'),
(580, 41, 21, '2023-12-09', 'Loreto'),
(581, 9, 114.33, '2023-12-09', 'Loreto'),
(582, 21, 21, '2023-12-09', 'Loreto'),
(583, 38, 21, '2023-12-09', 'Loreto'),
(584, 3, 21, '2023-12-09', 'Loreto'),
(585, 4, 120.67, '2023-12-09', 'Loreto'),
(586, 48, 217.67, '2023-12-09', 'Loreto'),
(587, 37, 21, '2023-12-09', 'Loreto'),
(588, 46, 21, '2023-12-09', 'Loreto'),
(589, 31, 21, '2023-12-09', 'Loreto'),
(590, 40, 21, '2023-12-09', 'Loreto'),
(591, 34, 21, '2023-12-09', 'Loreto'),
(592, 51, 21, '2023-12-09', 'Loreto'),
(593, 53, 21, '2023-12-09', 'Loreto'),
(594, 49, 21, '2023-12-09', 'Loreto'),
(595, 33, 21, '2023-12-09', 'Loreto'),
(596, 26, 83.23, '2023-12-09', 'Loreto'),
(597, 3, 74, '2023-12-09', 'Loreto'),
(598, 20, 77.67, '2023-12-09', 'Loreto'),
(599, 28, 163.8, '2023-12-09', 'Loreto'),
(600, 47, 71.57, '2023-12-09', 'Loreto'),
(601, 13, 21, '2023-12-09', 'Loreto'),
(602, 43, 21, '2023-12-09', 'Loreto'),
(603, 2, 99, '2023-12-09', 'Loreto'),
(604, 35, 117.66, '2023-12-09', 'Loreto'),
(605, 17, 84, '2023-12-09', 'Loreto'),
(606, 38, 1, '2023-12-09', 'Loreto'),
(607, 23, 21, '2023-12-09', 'Loreto'),
(608, 45, 21, '2023-12-09', 'Loreto'),
(609, 20, 709.31, '2023-12-09', 'Loreto'),
(610, 13, 21, '2024-01-06', 'Loreto'),
(611, 1, 70, '2024-01-06', 'Loreto'),
(612, 23, 21, '2024-01-06', 'Loreto'),
(613, 22, 225.34, '2024-01-06', 'Loreto'),
(614, 19, 85, '2024-01-06', 'Loreto'),
(615, 38, 124.33, '2024-01-06', 'Loreto'),
(616, 2, 97.92, '2024-01-06', 'Loreto'),
(617, 3, 21, '2024-01-06', 'Loreto'),
(618, 40, 21, '2024-01-06', 'Loreto'),
(619, 34, 21, '2024-01-06', 'Loreto'),
(620, 4, 119.14, '2024-01-06', 'Loreto'),
(621, 5, 43, '2024-01-06', 'Loreto'),
(622, 17, 103.67, '2024-01-06', 'Loreto'),
(623, 30, 21, '2024-01-06', 'Loreto'),
(624, 24, 20, '2024-01-06', 'Loreto'),
(625, 24, 24, '2024-01-06', 'Loreto'),
(626, 21, 184.77, '2024-01-06', 'Loreto'),
(627, 47, 370.7, '2024-01-06', 'Loreto'),
(628, 28, 161.53, '2024-01-06', 'Loreto'),
(629, 51, 21, '2024-01-06', 'Loreto'),
(630, 53, 21, '2024-01-06', 'Loreto'),
(631, 50, 98.34, '2024-01-06', 'Loreto'),
(632, 49, 21, '2024-01-06', 'Loreto'),
(633, 33, 21, '2024-01-06', 'Loreto'),
(634, 26, 82.12, '2024-01-06', 'Loreto'),
(635, 9, 112.66, '2024-01-06', 'Loreto'),
(636, 41, 21, '2024-01-06', 'Loreto'),
(637, 26, 223.16, '2024-01-06', 'Loreto'),
(638, 45, 21, '2024-01-06', 'Loreto'),
(639, 48, 214.34, '2024-01-06', 'Loreto'),
(640, 31, 21, '2024-01-06', 'Loreto'),
(641, 37, 21, '2024-01-06', 'Loreto'),
(642, 46, 21, '2024-01-06', 'Loreto'),
(643, 35, 616.02, '2024-01-06', 'Loreto'),
(644, 12, 21, '2024-01-06', 'Loreto'),
(645, 14, 131, '2024-01-06', 'Loreto'),
(646, 18, 43, '2024-01-06', 'Loreto'),
(647, 16, 43, '2024-01-06', 'Loreto'),
(648, 22, 326.65, '2024-01-06', 'Loreto'),
(649, 1, 109, '2024-01-06', 'Loreto'),
(650, 43, 21, '2024-01-06', 'Loreto'),
(651, 12, 1, '2024-01-06', 'Loreto'),
(652, 20, 126.41, '2024-01-06', 'Loreto'),
(653, 3, 74, '2024-01-06', 'Loreto'),
(654, 56, 493, '2024-01-06', 'Loreto'),
(655, 28, 159.26, '2024-02-03', 'Loreto'),
(656, 22, 424, '2024-02-03', 'Loreto'),
(657, 19, 84, '2024-02-03', 'Loreto'),
(658, 30, 185.71, '2024-02-03', 'Loreto'),
(659, 38, 122.66, '2024-02-03', 'Loreto'),
(660, 50, 97, '2024-02-03', 'Loreto'),
(661, 1, 68.83, '2024-02-03', 'Loreto'),
(662, 47, 21, '2024-02-03', 'Loreto'),
(663, 51, 21, '2024-02-03', 'Loreto'),
(664, 53, 21, '2024-02-03', 'Loreto'),
(665, 2, 96.84, '2024-02-03', 'Loreto'),
(666, 56, 21, '2024-02-03', 'Loreto'),
(667, 23, 21, '2024-02-03', 'Loreto'),
(668, 40, 21, '2024-02-03', 'Loreto'),
(669, 34, 21, '2024-02-03', 'Loreto'),
(670, 3, 21, '2024-02-03', 'Loreto'),
(671, 17, 21, '2024-02-03', 'Loreto'),
(672, 9, 111, '2024-02-03', 'Loreto'),
(673, 41, 21, '2024-02-03', 'Loreto'),
(674, 26, 124.33, '2024-02-03', 'Loreto'),
(675, 33, 21, '2024-02-03', 'Loreto'),
(676, 49, 21, '2024-02-03', 'Loreto'),
(677, 30, 21, '2024-02-03', 'Loreto'),
(678, 17, 81.34, '2024-02-03', 'Loreto'),
(679, 40, 1, '2024-02-03', 'Loreto'),
(680, 12, 83, '2024-02-03', 'Loreto'),
(681, 14, 129.33, '2024-02-03', 'Loreto'),
(682, 16, 21, '2024-02-03', 'Loreto'),
(683, 18, 21, '2024-02-03', 'Loreto'),
(684, 48, 211, '2024-02-03', 'Loreto'),
(685, 45, 21, '2024-02-03', 'Loreto'),
(686, 31, 21, '2024-02-03', 'Loreto'),
(687, 3, 874, '2024-02-03', 'Loreto'),
(688, 46, 21, '2024-02-03', 'Loreto'),
(689, 37, 21, '2024-02-03', 'Loreto'),
(690, 35, 21, '2024-02-03', 'Loreto'),
(691, 20, 124.98, '2024-02-03', 'Loreto'),
(692, 21, 77, '2024-02-03', 'Loreto'),
(693, 13, 21, '2024-02-03', 'Loreto'),
(694, 21, 21, '2024-02-03', 'Loreto'),
(695, 4, 117.6, '2024-02-03', 'Loreto'),
(696, 5, 21, '2024-02-03', 'Loreto'),
(697, 24, 87, '2024-02-03', 'Loreto'),
(698, 22, 21, '2024-02-03', 'Loreto'),
(699, 1, 21, '2024-02-03', 'Loreto'),
(700, 38, 121, '2024-03-02', 'Loreto'),
(701, 23, 21, '2024-03-02', 'Loreto'),
(702, 56, 21, '2024-03-02', 'Loreto'),
(703, 3, 21, '2024-03-02', 'Loreto'),
(704, 19, 83, '2024-03-02', 'Loreto'),
(705, 40, 96.56, '2024-03-02', 'Loreto'),
(706, 34, 21, '2024-03-02', 'Loreto'),
(707, 26, 122.66, '2024-03-02', 'Loreto'),
(708, 43, 43, '2024-03-02', 'Loreto'),
(709, 4, 116.07, '2024-03-02', 'Loreto'),
(710, 28, 157, '2024-03-02', 'Loreto'),
(711, 53, 21, '2024-03-02', 'Loreto'),
(712, 51, 21, '2024-03-02', 'Loreto'),
(713, 16, 21, '2024-03-02', 'Loreto'),
(714, 18, 21, '2024-03-02', 'Loreto'),
(715, 35, 21, '2024-03-02', 'Loreto'),
(716, 37, 21, '2024-03-02', 'Loreto'),
(717, 46, 21, '2024-03-02', 'Loreto'),
(718, 48, 207.67, '2024-03-02', 'Loreto'),
(719, 45, 21, '2024-03-02', 'Loreto'),
(720, 31, 21, '2024-03-02', 'Loreto'),
(721, 41, 21, '2024-03-02', 'Loreto'),
(722, 9, 109.33, '2024-03-02', 'Loreto'),
(723, 50, 428.97, '2024-03-02', 'Loreto'),
(724, 13, 21, '2024-03-02', 'Loreto'),
(725, 30, 21, '2024-03-02', 'Loreto'),
(726, 17, 101, '2024-03-02', 'Loreto'),
(727, 12, 82, '2024-03-02', 'Loreto'),
(728, 14, 127.66, '2024-03-02', 'Loreto'),
(729, 33, 21, '2024-03-02', 'Loreto'),
(730, 49, 21, '2024-03-02', 'Loreto'),
(731, 50, 4, '2024-03-02', 'Loreto'),
(732, 2, 95.75, '2024-03-02', 'Loreto'),
(733, 22, 416, '2024-03-05', 'Loreto'),
(734, 22, 21, '2024-03-02', 'Loreto'),
(735, 1, 21, '2024-03-02', 'Loreto'),
(736, 40, 95.45, '2024-04-06', 'Loreto'),
(737, 34, 21, '2024-04-06', 'Loreto'),
(738, 38, 119.33, '2024-04-06', 'Loreto'),
(739, 19, 82, '2024-04-06', 'Loreto'),
(740, 30, 21, '2024-04-06', 'Loreto'),
(741, 3, 21, '2024-04-06', 'Loreto'),
(742, 26, 121, '2024-04-06', 'Loreto'),
(743, 41, 21, '2024-04-06', 'Loreto'),
(744, 9, 107.66, '2024-04-06', 'Loreto'),
(745, 21, 156.44, '2024-04-06', 'Loreto'),
(746, 21, 22, '2024-04-06', 'Loreto'),
(747, 21, 21, '2024-04-06', 'Loreto'),
(748, 17, 99.67, '2024-04-06', 'Loreto'),
(749, 50, 144.33, '2024-04-06', 'Loreto'),
(750, 5, 43, '2024-04-06', 'Loreto'),
(751, 4, 114.54, '2024-04-06', 'Loreto'),
(752, 51, 21, '2024-04-06', 'Loreto'),
(753, 53, 21, '2024-04-06', 'Loreto'),
(754, 47, 43, '2024-04-06', 'Loreto'),
(755, 13, 21, '2024-04-06', 'Loreto'),
(756, 37, 21, '2024-04-06', 'Loreto'),
(757, 46, 21, '2024-04-06', 'Loreto'),
(758, 45, 21, '2024-04-06', 'Loreto'),
(759, 31, 77, '2024-04-06', 'Loreto'),
(760, 48, 204.34, '2024-04-06', 'Loreto'),
(761, 35, 21, '2024-04-06', 'Loreto'),
(762, 49, 21, '2024-04-06', 'Loreto'),
(763, 33, 21, '2024-04-06', 'Loreto'),
(764, 23, 21, '2024-04-06', 'Loreto'),
(765, 18, 1020, '2024-04-06', 'Loreto'),
(766, 5, 1, '2024-04-06', 'Loreto'),
(767, 16, 123.33, '2024-04-06', 'Loreto'),
(768, 16, 21, '2024-04-06', 'Loreto'),
(769, 18, 21, '2024-04-06', 'Loreto'),
(770, 28, 154.73, '2024-04-06', 'Loreto'),
(771, 20, 43, '2024-04-06', 'Loreto'),
(772, 12, 81, '2024-04-06', 'Loreto'),
(773, 14, 126, '2024-04-06', 'Loreto'),
(774, 46, 123.33, '2024-04-06', 'Loreto'),
(775, 56, 63, '2024-04-06', 'Loreto'),
(776, 24, 43, '2024-04-08', 'Loreto'),
(777, 22, 429, '2024-04-08', 'Loreto'),
(778, 1, 511.01, '2024-04-08', 'Loreto'),
(779, 22, 1, '2024-04-08', 'Loreto'),
(780, 20, 210.81, '2024-04-11', 'Loreto'),
(781, 37, 253.32, '2024-04-11', 'Loreto'),
(782, 24, 1, '2024-04-11', 'Loreto'),
(783, 28, 945.82, '2024-05-11', 'Loreto'),
(784, 9, 106.04, '2024-05-11', 'Loreto'),
(785, 41, 21, '2024-05-11', 'Loreto'),
(786, 9, 1, '2024-05-11', 'Loreto'),
(787, 3, 21, '2024-05-11', 'Loreto'),
(788, 17, 98.34, '2024-05-11', 'Loreto'),
(789, 30, 21, '2024-05-11', 'Loreto'),
(790, 34, 21, '2024-05-11', 'Loreto'),
(791, 40, 94.34, '2024-05-11', 'Loreto'),
(792, 40, 72.23, '2024-05-11', 'Loreto'),
(793, 38, 117.66, '2024-05-11', 'Loreto'),
(794, 45, 21, '2024-05-11', 'Loreto'),
(795, 48, 201, '2024-05-11', 'Loreto'),
(796, 31, 77, '2024-05-11', 'Loreto'),
(797, 35, 21, '2024-05-11', 'Loreto'),
(798, 46, 142.66, '2024-05-11', 'Loreto'),
(799, 37, 21, '2024-05-11', 'Loreto'),
(800, 4, 113, '2024-05-11', 'Loreto'),
(801, 53, 21, '2024-05-11', 'Loreto'),
(802, 51, 21, '2024-05-11', 'Loreto'),
(803, 19, 81, '2024-05-11', 'Loreto'),
(804, 43, 43, '2024-05-11', 'Loreto'),
(805, 16, 121.66, '2024-05-11', 'Loreto'),
(806, 50, 142.66, '2024-05-11', 'Loreto'),
(807, 26, 119.33, '2024-05-11', 'Loreto'),
(808, 22, 95, '2024-05-11', 'Loreto'),
(809, 24, 21, '2024-05-11', 'Loreto'),
(810, 2, 173.68, '2024-05-11', 'Loreto'),
(811, 49, 21, '2024-05-11', 'Loreto'),
(812, 33, 21, '2024-05-11', 'Loreto'),
(813, 23, 21, '2024-05-11', 'Loreto'),
(814, 21, 21, '2024-05-11', 'Loreto'),
(815, 20, 120.71, '2024-05-11', 'Loreto'),
(816, 13, 21, '2024-05-11', 'Loreto'),
(817, 37, 120, '2024-05-11', 'Loreto'),
(818, 16, 21, '2024-05-11', 'Loreto'),
(819, 18, 21, '2024-05-11', 'Loreto'),
(820, 18, 1, '2024-05-11', 'Loreto'),
(821, 12, 80, '2024-05-11', 'Loreto'),
(822, 14, 124.33, '2024-05-11', 'Loreto'),
(823, 12, 1, '2024-05-11', 'Loreto'),
(824, 12, 400, '2024-05-11', 'Loreto'),
(825, 21, 73.33, '2024-05-13', 'Loreto'),
(826, 3, 21, '2024-06-01', 'Loreto'),
(827, 23, 21, '2024-06-01', 'Loreto'),
(828, 18, 92.5, '2024-06-01', 'Loreto'),
(829, 40, 92.12, '2024-06-01', 'Loreto'),
(830, 34, 21, '2024-06-01', 'Loreto'),
(831, 16, 21, '2024-06-01', 'Loreto'),
(832, 18, 21, '2024-06-01', 'Loreto'),
(833, 9, 124.33, '2024-06-01', 'Loreto'),
(834, 41, 21, '2024-06-01', 'Loreto'),
(835, 51, 21, '2024-06-01', 'Loreto'),
(836, 53, 21, '2024-06-01', 'Loreto'),
(837, 4, 111.47, '2024-06-01', 'Loreto'),
(838, 26, 117.66, '2024-06-01', 'Loreto'),
(839, 2, 114.5, '2024-06-01', 'Loreto'),
(840, 12, 134.33, '2024-06-01', 'Loreto'),
(841, 14, 122.66, '2024-06-01', 'Loreto'),
(842, 49, 21, '2024-06-01', 'Loreto'),
(843, 33, 21, '2024-06-01', 'Loreto'),
(844, 46, 141, '2024-06-01', 'Loreto'),
(845, 45, 21, '2024-06-01', 'Loreto'),
(846, 48, 197.67, '2024-06-01', 'Loreto'),
(847, 37, 21, '2024-06-01', 'Loreto'),
(848, 31, 77, '2024-06-01', 'Loreto'),
(849, 35, 21, '2024-06-01', 'Loreto'),
(850, 28, 21, '2024-06-01', 'Loreto'),
(851, 38, 116, '2024-06-01', 'Loreto'),
(852, 13, 21, '2024-06-01', 'Loreto'),
(853, 17, 21, '2024-06-01', 'Loreto'),
(854, 30, 21, '2024-06-01', 'Loreto'),
(855, 20, 21, '2024-06-01', 'Loreto'),
(856, 3, 21, '2024-06-01', 'Loreto'),
(857, 5, 144.51, '2024-06-01', 'Loreto'),
(858, 19, 80, '2024-06-01', 'Loreto'),
(859, 2, 813.47, '2024-06-01', 'Loreto'),
(860, 17, 476.97, '2024-06-01', 'Loreto'),
(861, 37, 118.33, '2024-06-01', 'Loreto'),
(862, 50, 141, '2024-06-01', 'Loreto'),
(863, 16, 120, '2024-06-01', 'Loreto'),
(864, 1, 224, '2024-06-01', 'Loreto'),
(865, 22, 94, '2024-06-01', 'Loreto'),
(866, 30, 368.58, '2024-06-11', 'Loreto'),
(867, 38, 114.33, '2024-07-05', 'Loreto'),
(868, 22, 93, '2024-07-05', 'Loreto'),
(869, 20, 1435.03, '2024-07-05', 'Loreto'),
(870, 17, 144.33, '2024-07-05', 'Loreto'),
(871, 23, 21, '2024-07-05', 'Loreto'),
(872, 21, 192.11, '2024-07-06', 'Loreto'),
(873, 30, 21, '2024-07-06', 'Loreto'),
(874, 1, 220, '2024-07-06', 'Loreto'),
(875, 56, 21, '2024-07-06', 'Loreto'),
(876, 13, 21, '2024-07-06', 'Loreto'),
(877, 14, 121, '2024-07-06', 'Loreto'),
(878, 12, 132.66, '2024-07-06', 'Loreto'),
(879, 16, 21, '2024-07-06', 'Loreto'),
(880, 18, 21, '2024-07-06', 'Loreto'),
(881, 26, 116, '2024-07-06', 'Loreto'),
(882, 33, 21, '2024-07-06', 'Loreto'),
(883, 49, 58.78, '2024-07-06', 'Loreto'),
(884, 46, 139.33, '2024-07-06', 'Loreto'),
(885, 37, 21, '2024-07-06', 'Loreto'),
(886, 45, 21, '2024-07-06', 'Loreto'),
(887, 48, 360.97, '2024-07-06', 'Loreto'),
(888, 31, 98, '2024-07-06', 'Loreto'),
(889, 48, 21, '2024-07-06', 'Loreto'),
(890, 43, 43, '2024-07-06', 'Loreto'),
(891, 37, 116.66, '2024-07-06', 'Loreto'),
(892, 18, 91.25, '2024-07-06', 'Loreto'),
(893, 24, 123.33, '2024-07-06', 'Loreto'),
(894, 28, 21, '2024-07-06', 'Loreto'),
(895, 51, 21, '2024-07-06', 'Loreto'),
(896, 53, 21, '2024-07-06', 'Loreto'),
(897, 47, 65, '2024-07-06', 'Loreto'),
(898, 5, 72, '2024-07-06', 'Loreto'),
(899, 4, 21, '2024-07-06', 'Loreto'),
(900, 50, 139.33, '2024-07-06', 'Loreto'),
(901, 16, 118.33, '2024-07-06', 'Loreto'),
(902, 34, 21, '2024-07-06', 'Loreto'),
(903, 40, 91, '2024-07-06', 'Loreto'),
(904, 24, 43, '2024-07-06', 'Loreto'),
(905, 41, 21, '2024-07-06', 'Loreto'),
(906, 9, 122.66, '2024-07-06', 'Loreto'),
(907, 35, 21, '2024-07-06', 'Loreto'),
(908, 19, 79, '2024-07-06', 'Loreto'),
(909, 20, 21, '2024-07-06', 'Loreto'),
(910, 4, 626.58, '2024-07-06', 'Loreto'),
(911, 47, 1, '2024-07-06', 'Loreto'),
(912, 17, 1, '2024-07-06', 'Loreto'),
(913, 13, 1, '2024-07-06', 'Loreto'),
(914, 30, 88.57, '2024-07-26', 'Loreto'),
(915, 13, 21, '2024-08-03', 'Loreto'),
(916, 19, 78, '2024-08-03', 'Loreto'),
(917, 38, 112.66, '2024-08-03', 'Loreto'),
(918, 23, 21, '2024-08-03', 'Loreto'),
(919, 1, 216, '2024-08-03', 'Loreto'),
(920, 56, 21, '2024-08-03', 'Loreto'),
(921, 22, 92, '2024-08-03', 'Loreto'),
(922, 3, 21, '2024-08-03', 'Loreto'),
(923, 51, 72.67, '2024-08-03', 'Loreto'),
(924, 53, 21, '2024-08-03', 'Loreto'),
(925, 51, 0.25, '2024-08-03', 'Loreto'),
(926, 43, 21, '2024-08-03', 'Loreto'),
(927, 26, 205.99, '2024-08-03', 'Loreto'),
(928, 30, 21, '2024-08-03', 'Loreto'),
(929, 21, 21, '2024-08-03', 'Loreto'),
(930, 46, 116.66, '2024-08-03', 'Loreto'),
(931, 49, 58.22, '2024-08-03', 'Loreto'),
(932, 33, 21, '2024-08-03', 'Loreto'),
(933, 45, 21, '2024-08-03', 'Loreto'),
(934, 37, 136, '2024-08-03', 'Loreto'),
(935, 35, 21, '2024-08-03', 'Loreto'),
(936, 31, 56, '2024-08-03', 'Loreto'),
(937, 46, 21, '2024-08-03', 'Loreto'),
(938, 48, 10, '2024-08-03', 'Loreto'),
(939, 45, 10, '2024-08-03', 'Loreto'),
(940, 31, 10, '2024-08-03', 'Loreto'),
(941, 4, 124.33, '2024-08-03', 'Loreto'),
(942, 18, 90, '2024-08-03', 'Loreto'),
(943, 30, 81, '2024-08-03', 'Loreto'),
(944, 18, 21, '2024-08-03', 'Loreto'),
(945, 16, 21, '2024-08-03', 'Loreto'),
(946, 13, 123.33, '2024-08-03', 'Loreto'),
(947, 50, 137.66, '2024-08-03', 'Loreto'),
(948, 16, 116.66, '2024-08-03', 'Loreto'),
(949, 5, 70.17, '2024-08-03', 'Loreto'),
(950, 12, 131, '2024-08-03', 'Loreto'),
(951, 14, 119.33, '2024-08-03', 'Loreto'),
(952, 34, 21, '2024-08-03', 'Loreto'),
(953, 40, 89.81, '2024-08-03', 'Loreto'),
(954, 41, 21, '2024-08-03', 'Loreto'),
(955, 9, 121, '2024-08-03', 'Loreto'),
(956, 28, 20, '2024-08-03', 'Loreto'),
(957, 17, 142.66, '2024-08-03', 'Loreto'),
(958, 2, 153.66, '2024-08-03', 'Loreto'),
(959, 46, 2, '2024-08-03', 'Loreto'),
(960, 3, 21, '2024-09-07', 'Loreto'),
(961, 56, 21, '2024-09-07', 'Loreto'),
(962, 13, 21, '2024-09-07', 'Loreto'),
(963, 23, 21, '2024-09-07', 'Loreto'),
(964, 26, 21, '2024-09-07', 'Loreto'),
(965, 19, 77, '2024-09-07', 'Loreto'),
(966, 38, 111, '2024-09-07', 'Loreto'),
(967, 30, 21, '2024-09-07', 'Loreto'),
(968, 21, 165.22, '2024-09-07', 'Loreto'),
(969, 22, 91, '2024-09-07', 'Loreto'),
(970, 1, 212, '2024-09-07', 'Loreto'),
(971, 16, 115, '2024-09-07', 'Loreto'),
(972, 40, 88.78, '2024-09-07', 'Loreto'),
(973, 34, 21, '2024-09-07', 'Loreto'),
(974, 5, 69.34, '2024-09-07', 'Loreto'),
(975, 50, 136, '2024-09-07', 'Loreto'),
(976, 53, 21, '2024-09-07', 'Loreto'),
(977, 51, 71.84, '2024-09-07', 'Loreto'),
(978, 47, 159.8, '2024-09-07', 'Loreto'),
(979, 28, 21, '2024-09-07', 'Loreto'),
(980, 17, 141, '2024-09-07', 'Loreto'),
(981, 31, 77, '2024-09-07', 'Loreto'),
(982, 48, 1551, '2024-09-07', 'Loreto'),
(983, 35, 21, '2024-09-07', 'Loreto'),
(984, 37, 21, '2024-09-07', 'Loreto'),
(985, 46, 136, '2024-09-07', 'Loreto'),
(986, 45, 144.33, '2024-09-07', 'Loreto'),
(987, 24, 258.33, '2024-09-07', 'Loreto'),
(988, 41, 21, '2024-09-07', 'Loreto'),
(989, 9, 119.33, '2024-09-07', 'Loreto'),
(990, 20, 131.66, '2024-09-07', 'Loreto'),
(991, 33, 21, '2024-09-07', 'Loreto'),
(992, 49, 57.67, '2024-09-07', 'Loreto'),
(993, 14, 117.66, '2024-09-07', 'Loreto'),
(994, 12, 129.33, '2024-09-07', 'Loreto'),
(995, 5, 291.65, '2024-09-07', 'Loreto'),
(996, 28, 1.4, '2024-09-07', 'Loreto'),
(997, 13, 121.66, '2024-09-07', 'Loreto'),
(998, 2, 172.99, '2024-09-07', 'Loreto'),
(999, 14, 583.37, '2024-09-09', 'Loreto'),
(1000, 13, 1891.01, '2024-10-05', 'Loreto'),
(1001, 2, 1934.34, '2024-10-05', 'Loreto'),
(1002, 50, 134.33, '2024-10-05', 'Loreto'),
(1003, 16, 113.33, '2024-10-05', 'Loreto'),
(1004, 38, 109.33, '2024-10-05', 'Loreto'),
(1005, 22, 90, '2024-10-05', 'Loreto'),
(1006, 28, 119.67, '2024-10-05', 'Loreto'),
(1007, 47, 106.6, '2024-10-05', 'Loreto'),
(1008, 21, 88.22, '2024-10-05', 'Loreto'),
(1009, 56, 21, '2024-10-05', 'Loreto'),
(1010, 23, 21, '2024-10-05', 'Loreto'),
(1011, 34, 21, '2024-10-05', 'Loreto'),
(1012, 3, 21, '2024-10-05', 'Loreto'),
(1013, 30, 21, '2024-10-05', 'Loreto'),
(1014, 46, 21, '2024-10-05', 'Loreto'),
(1015, 37, 21, '2024-10-05', 'Loreto'),
(1016, 35, 21, '2024-10-05', 'Loreto'),
(1017, 48, 21, '2024-10-05', 'Loreto'),
(1018, 31, 21, '2024-10-05', 'Loreto'),
(1019, 45, 142.66, '2024-10-05', 'Loreto'),
(1020, 40, 87.67, '2024-10-05', 'Loreto'),
(1021, 18, 43, '2024-10-05', 'Loreto'),
(1022, 16, 43, '2024-10-05', 'Loreto'),
(1023, 14, 176.17, '2024-10-05', 'Loreto'),
(1024, 12, 127.66, '2024-10-05', 'Loreto'),
(1025, 43, 43, '2024-10-05', 'Loreto'),
(1026, 51, 71, '2024-10-05', 'Loreto'),
(1027, 53, 21, '2024-10-05', 'Loreto'),
(1028, 40, 21, '2024-10-05', 'Loreto'),
(1029, 41, 21, '2024-10-05', 'Loreto'),
(1030, 9, 117.66, '2024-10-05', 'Loreto'),
(1031, 37, 233.32, '2024-10-05', 'Loreto'),
(1032, 46, 113.33, '2024-10-05', 'Loreto'),
(1033, 49, 57.11, '2024-10-05', 'Loreto'),
(1034, 33, 21, '2024-10-05', 'Loreto'),
(1035, 18, 1370, '2024-10-05', 'Loreto'),
(1036, 20, 292.99, '2024-10-05', 'Loreto'),
(1037, 26, 111, '2024-10-05', 'Loreto'),
(1038, 17, 1806.01, '2024-10-05', 'Loreto'),
(1039, 41, 1, '2024-10-05', 'Loreto'),
(1040, 24, 65, '2024-10-05', 'Loreto'),
(1041, 24, 243.32, '2024-10-05', 'Loreto'),
(1042, 4, 252.99, '2024-10-05', 'Loreto'),
(1043, 5, 113.5, '2024-10-05', 'Loreto'),
(1044, 1, 540, '2024-10-05', 'Loreto'),
(1045, 19, 255, '2024-10-07', 'Loreto'),
(1046, 56, 1.4, '2024-10-09', 'Loreto'),
(1047, 57, 660, '2024-10-17', 'Loreto'),
(1048, 57, 21, '2024-10-17', 'Loreto'),
(1049, 28, 118.34, '2024-11-02', 'Loreto'),
(1050, 56, 227.67, '2024-11-02', 'Loreto'),
(1051, 38, 107.66, '2024-11-03', 'Loreto'),
(1052, 26, 109.33, '2024-11-03', 'Loreto'),
(1053, 34, 21, '2024-11-03', 'Loreto'),
(1054, 22, 89, '2024-11-03', 'Loreto'),
(1055, 30, 85.71, '2024-11-08', 'Loreto'),
(1056, 23, 21, '2024-11-08', 'Loreto'),
(1057, 51, 70.17, '2024-11-09', 'Loreto'),
(1058, 53, 21, '2024-11-09', 'Loreto'),
(1059, 50, 132.66, '2024-11-09', 'Loreto'),
(1060, 16, 111.66, '2024-11-09', 'Loreto'),
(1061, 40, 65.56, '2024-11-09', 'Loreto'),
(1062, 46, 111.66, '2024-11-09', 'Loreto'),
(1063, 45, 141, '2024-11-09', 'Loreto'),
(1064, 48, 21, '2024-11-09', 'Loreto'),
(1065, 31, 21, '2024-11-09', 'Loreto'),
(1066, 46, 21, '2024-11-09', 'Loreto'),
(1067, 37, 21, '2024-11-09', 'Loreto'),
(1068, 35, 21, '2024-11-09', 'Loreto'),
(1069, 4, 98.33, '2024-11-09', 'Loreto'),
(1070, 43, 21, '2024-11-09', 'Loreto'),
(1071, 47, 62.4, '2024-11-09', 'Loreto'),
(1072, 12, 126, '2024-11-09', 'Loreto'),
(1073, 14, 173.09, '2024-11-09', 'Loreto'),
(1074, 2, 21, '2024-11-09', 'Loreto'),
(1075, 3, 21, '2024-11-09', 'Loreto'),
(1076, 43, 1, '2024-11-09', 'Loreto'),
(1077, 30, 21, '2024-11-09', 'Loreto'),
(1078, 17, 21, '2024-11-09', 'Loreto'),
(1079, 13, 21, '2024-11-09', 'Loreto'),
(1080, 21, 21, '2024-11-09', 'Loreto'),
(1081, 16, 21, '2024-11-09', 'Loreto'),
(1082, 18, 21, '2024-11-09', 'Loreto'),
(1083, 37, 110, '2024-11-09', 'Loreto'),
(1084, 33, 21, '2024-11-09', 'Loreto'),
(1085, 49, 56.56, '2024-11-09', 'Loreto'),
(1086, 20, 139.33, '2024-11-09', 'Loreto'),
(1087, 9, 116, '2024-11-09', 'Loreto'),
(1088, 41, 227.67, '2024-11-09', 'Loreto'),
(1089, 17, 1, '2024-12-07', 'Loreto'),
(1090, 56, 224.34, '2024-12-07', 'Loreto'),
(1093, 47, 103.2, '2024-12-07', 'Loreto'),
(1094, 23, 21, '2024-12-07', 'Loreto'),
(1095, 21, 157.89, '2024-12-07', 'Loreto'),
(1096, 3, 21, '2024-12-07', 'Loreto'),
(1097, 34, 21, '2024-12-07', 'Loreto'),
(1098, 40, 106.45, '2024-12-07', 'Loreto'),
(1099, 22, 88, '2024-12-07', 'Loreto'),
(1100, 17, 21, '2024-12-07', 'Loreto'),
(1101, 30, 21, '2024-12-07', 'Loreto'),
(1102, 26, 212.03, '2024-12-07', 'Loreto'),
(1103, 38, 106.04, '2024-12-07', 'Loreto'),
(1104, 28, 117, '2024-12-07', 'Loreto'),
(1105, 13, 21, '2024-12-07', 'Loreto'),
(1106, 5, 230.5, '2024-12-07', 'Loreto'),
(1107, 43, 144.33, '2024-12-07', 'Loreto'),
(1108, 18, 21, '2024-12-07', 'Loreto'),
(1109, 16, 21, '2024-12-07', 'Loreto'),
(1110, 33, 21, '2024-12-07', 'Loreto'),
(1111, 49, 56, '2024-12-07', 'Loreto'),
(1112, 57, 21, '2024-12-07', 'Loreto'),
(1113, 2, 21, '2024-12-07', 'Loreto'),
(1114, 50, 131, '2024-12-07', 'Loreto'),
(1115, 16, 110, '2024-12-07', 'Loreto'),
(1116, 45, 140.33, '2024-12-07', 'Loreto'),
(1117, 48, 21, '2024-12-07', 'Loreto'),
(1118, 46, 131, '2024-12-07', 'Loreto'),
(1119, 31, 21, '2024-12-07', 'Loreto'),
(1120, 37, 21, '2024-12-07', 'Loreto'),
(1121, 35, 21, '2024-12-07', 'Loreto'),
(1122, 24, 123.33, '2024-12-07', 'Loreto'),
(1123, 4, 138.66, '2024-12-07', 'Loreto'),
(1124, 30, 84.28, '2024-12-07', 'Loreto'),
(1125, 14, 171, '2024-12-07', 'Loreto'),
(1126, 12, 124.33, '2024-12-07', 'Loreto'),
(1127, 4, 584.35, '2024-12-07', 'Loreto'),
(1128, 51, 69.34, '2024-12-07', 'Loreto'),
(1129, 53, 42, '2024-12-07', 'Loreto'),
(1130, 9, 114.33, '2024-12-07', 'Loreto'),
(1131, 41, 224.34, '2024-12-07', 'Loreto');

-- --------------------------------------------------------

--
-- Estructura de tabla para la tabla `Entry_bill_detail`
--

CREATE TABLE `Entry_bill_detail` (
  `entry_number` int(11) NOT NULL,
  `transfer` float NOT NULL,
  `cash` float NOT NULL
) ENGINE=InnoDB DEFAULT CHARSET=utf8mb4 COLLATE=utf8mb4_general_ci;

--
-- Volcado de datos para la tabla `Entry_bill_detail`
--

INSERT INTO `Entry_bill_detail` (`entry_number`, `transfer`, `cash`) VALUES
(-2, 0, 200),
(-1, 0, 178),
(1, 0, 115),
(2, 0, 115),
(3, 0, 115),
(4, 0, 115),
(5, 0, 115),
(6, 0, 115),
(7, 0, 115),
(8, 0, 115),
(9, 0, 115),
(10, 0, 115),
(11, 0, 115),
(12, 0, 115),
(13, 0, 115),
(14, 0, 115),
(15, 0, 115),
(16, 0, 115),
(17, 0, 115),
(18, 0, 121),
(19, 0, 136),
(20, 0, 136),
(21, 0, 136),
(22, 0, 136),
(23, 0, 22),
(24, 0, 138.3),
(25, 0, 42.47),
(26, 0, 21),
(27, 0, 80.8),
(28, 0, 21),
(29, 0, 21),
(30, 0, 21),
(31, 0, 73),
(32, 0, 21),
(33, 0, 21),
(34, 0, 49),
(35, 0, 30),
(36, 0, 136),
(37, 0, 136),
(38, 0, 136),
(39, 0, 136),
(40, 0, 21),
(41, 0, 21),
(42, 0, 21),
(43, 0, 1),
(44, 0, 91.72),
(45, 0, 36),
(46, 0, 21),
(47, 0, 21),
(48, 0, 21),
(49, 0, 56),
(50, 0, 21),
(51, 0, 37.72),
(52, 0, 41.24),
(53, 0, 80.8),
(54, 0, 42.47),
(55, 0, 21),
(56, 0, 21),
(57, 0, 21),
(58, 0, 73),
(59, 0, 43),
(60, 0, 77),
(61, 0, 21),
(62, 0, 21),
(63, 0, 21),
(64, 0, 21),
(65, 0, 21),
(66, 0, 21),
(67, 0, 21),
(68, 0, 157),
(69, 0, 1),
(70, 0, 75.05),
(71, 0, 21),
(72, 0, 41.24),
(73, 0, 21),
(74, 0, 21),
(75, 0, 21),
(76, 0, 21),
(77, 0, 42.47),
(78, 0, 91.72),
(79, 0, 0),
(80, 0, 189.44),
(81, 0, 21),
(82, 0, 56),
(83, 0, 21),
(84, 0, 21),
(85, 0, 21),
(86, 0, 21),
(87, 0, 21),
(88, 0, 21),
(89, 0, 21),
(90, 0, 21),
(91, 0, 21),
(92, 0, 77),
(93, 0, 21),
(94, 0, 21),
(95, 0, 21),
(96, 0, 21),
(97, 0, 21),
(98, 0, 21),
(99, 0, 21),
(100, 0, 21),
(101, 0, 21),
(102, 0, 54.23),
(103, 0, 21),
(104, 0, 21),
(105, 0, 37.72),
(106, 0, 30.4),
(107, 0, 21),
(108, 0, 21),
(109, 0, 42.47),
(110, 0, 158.34),
(111, 0, 21),
(112, 0, 77),
(113, 0, 58.33),
(114, 0, 41.24),
(115, 0, 0),
(116, 0, 156.5),
(117, 0, 127),
(118, 0, 58.33),
(119, 0, 43),
(120, 113.5, 0),
(121, 0, 0),
(122, 0, 118.71),
(123, 0, 21),
(124, 0, 34.33),
(125, 0, 200),
(126, 0, 200),
(127, 0, 200),
(128, 0, 54.23),
(129, 0, 21),
(130, 0, 21),
(131, 0, 21),
(132, 0, 70.3),
(133, 0, 75),
(134, 0, 41.24),
(135, 0, 96.56),
(136, 0, 21),
(137, 0, 58.33),
(138, 0, 21),
(139, 0, 21),
(140, 0, 91.31),
(141, 0, 21),
(142, 0, 21),
(143, 118.71, 0),
(144, 0, 221),
(145, 0, 127),
(146, 0, 21),
(147, 0, 42.47),
(148, 0, 58.33),
(149, 0, 77),
(150, 0, 113.5),
(151, 0, 100),
(152, 1375, 0),
(153, 43, 0),
(154, 21, 0),
(155, 66, 0),
(156, 0, 21),
(157, 118.71, 0),
(158, 0, 95.45),
(159, 0, 242),
(160, 0, 21),
(161, 0, 54.23),
(162, 0, 43),
(163, 0, 43),
(164, 0, 21),
(165, 0, 175),
(166, 0, 41.24),
(167, 0, 69.45),
(168, 0, 250),
(169, 0, 58.33),
(170, 0, 42.47),
(171, 0, 21),
(172, 0, 21),
(173, 0, 48),
(174, 0, 267),
(175, 0, 0),
(176, 0, 241),
(177, 0, 21),
(178, 0, 21),
(179, 0, 21),
(180, 0, 21),
(181, 0, 241),
(182, 0, 82.67),
(183, 0, 95),
(184, 157.65, 0),
(185, 0, 21),
(186, 0, 52.5),
(187, 0, 241),
(188, 0, 128),
(189, 0, 43),
(190, 0, 120.99),
(191, 0, 21),
(192, 0, 21),
(193, 0, 21),
(194, 0, 65.99),
(195, 0, 21),
(196, 0, 21),
(197, 0, 187),
(198, 0, 54.23),
(199, 0, 262),
(200, 0, 21),
(201, 0, 21),
(202, 0, 21),
(203, 0, 21),
(204, 0, 21),
(205, 0, 153.6),
(206, 0, 21),
(207, 0, 21),
(208, 0, 58.33),
(209, 0, 65.99),
(210, 0, 128.5),
(211, 0, 21),
(212, 0, 21),
(213, 0, 21),
(214, 0, 124.33),
(215, 0, 73.5),
(216, 0, 95.45),
(217, 0, 128),
(218, 0, 21),
(219, 0, 48),
(220, 0, 21),
(221, 0, 21),
(222, 0, 1),
(223, 0, 1),
(224, 81.84, 0),
(225, 0, 21),
(226, 118.71, 0),
(227, 81, 0),
(228, 0, 21),
(229, 0, 21),
(230, 0, 21),
(231, 0, 21),
(232, 0, 21),
(233, 0, 54.23),
(234, 0, 91.66),
(235, 0, 125),
(236, 0, 21),
(237, 0, 21),
(238, 0, 124.33),
(239, 21, 0),
(240, 0, 21),
(241, 0, 21),
(242, 0, 92),
(243, 0, 101.66),
(244, 0, 21),
(245, 0, 65.19),
(246, 0, 21),
(247, 0, 93.23),
(248, 0, 21),
(249, 0, 21),
(250, 0, 48),
(251, 0, 21),
(252, 0, 65.19),
(253, 0, 21),
(254, 0, 91.66),
(255, 0, 21),
(256, 21, 0),
(257, 118.71, 0),
(258, 0, 21),
(259, 43, 0),
(260, 95, 0),
(261, 0, 122.66),
(262, 0, 21),
(263, 0, 63.38),
(264, 0, 72.5),
(265, 21, 0),
(266, 21, 0),
(267, 21, 0),
(268, 0, 143),
(269, 0, 21),
(270, 0, 21),
(271, 0, 48),
(272, 0, 54.23),
(273, 0, 21),
(274, 0, 21),
(275, 0, 21),
(276, 0, 21),
(277, 0, 21),
(278, 0, 304),
(279, 0, 21),
(280, 0, 145),
(281, 0, 21),
(282, 0, 21),
(283, 0, 160),
(284, 0, 91),
(285, 0, 92.12),
(286, 0, 64.38),
(287, 0, 43),
(288, 0, 21),
(289, 0, 21),
(290, 21, 0),
(291, 118.71, 0),
(292, 94, 0),
(293, 80.17, 0),
(294, 21, 0),
(295, 21, 0),
(296, 21, 0),
(297, 63.58, 0),
(298, 21, 0),
(299, 21, 0),
(300, 21, 0),
(301, 93, 0),
(302, 0, 21),
(303, 0, 21),
(304, 0, 177),
(305, 0, 149.68),
(306, 0, 63.58),
(307, 0, 21),
(308, 0, 21),
(309, 0, 0),
(310, 92.25, 0),
(311, 121, 0),
(312, 21, 0),
(313, 0, 21),
(314, 0, 22),
(315, 0, 21),
(316, 0, 21),
(317, 0, 21),
(318, 0, 143),
(319, 0, 21),
(320, 0, 21),
(321, 0, 91),
(322, 0, 80.34),
(323, 0, 21),
(324, 0, 158),
(325, 0, 77),
(326, 0, 21),
(327, 0, 21),
(328, 0, 21),
(329, 0, 22),
(330, 0, 21),
(331, 870.99, 0),
(332, 0, 188),
(333, 0, 119.33),
(334, 21, 0),
(335, 118.71, 0),
(336, 21, 0),
(337, 109, 0),
(338, 92, 0),
(339, 21, 0),
(340, 0, 141),
(341, 0, 21),
(342, 0, 21),
(343, 0, 21),
(344, 0, 21),
(345, 0, 21),
(346, 21, 0),
(347, 91, 0),
(348, 119.33, 0),
(349, 21, 0),
(350, 21, 0),
(351, 72.67, 0),
(352, 62.78, 0),
(353, 21, 0),
(354, 0, 21),
(355, 0, 107.67),
(356, 0, 21),
(357, 0, 21),
(358, 0, 21),
(359, 0, 124.33),
(360, 0, 71),
(361, 0, 22),
(362, 0, 88),
(363, 0, 77),
(364, 0, 688.68),
(365, 21, 0),
(366, 21, 0),
(367, 89.89, 0),
(368, 21, 0),
(369, 21, 0),
(370, 107.67, 0),
(371, 21, 0),
(372, 91, 0),
(373, 43, 0),
(374, 0, 88.78),
(375, 0, 21),
(376, 0, 21),
(377, 0, 21),
(378, 89.75, 0),
(379, 117.66, 0),
(380, 21, 0),
(381, 71.84, 0),
(382, 0, 21),
(383, 0, 21),
(384, 0, 61.97),
(385, 0, 21),
(386, 0, 139),
(387, 0, 106.34),
(388, 0, 21),
(389, 0, 21),
(390, 0, 122.66),
(391, 0, 21),
(392, 0, 70.17),
(393, 0, 75.86),
(394, 0, 21),
(395, 0, 21),
(396, 0, 21),
(397, 0, 21),
(398, 107.4, 0),
(399, 0, 43),
(400, 0, 21),
(401, 0, 77),
(402, 95, 0),
(403, 169.68, 0),
(404, 0, 21),
(405, 0, 43),
(406, 0, 98.99),
(407, 21, 0),
(408, 1221, 0),
(409, 954.33, 0),
(410, 105.8, 0),
(411, 21, 0),
(412, 105, 0),
(413, 90, 0),
(414, 21, 0),
(415, 21, 0),
(416, 271, 0),
(417, 604.31, 0),
(418, 0, 34),
(419, 0, 21),
(420, 0, 21),
(421, 0, 58.33),
(422, 0, 21),
(423, 0, 121),
(424, 0, 87.67),
(425, 0, 21),
(426, 0, 21),
(427, 0, 77),
(428, 0, 124.33),
(429, 0, 21),
(430, 0, 21),
(431, 69.34, 0),
(432, 75, 0),
(433, 0, 21),
(434, 0, 137),
(435, 0, 21),
(436, 0, 71),
(437, 0, 21),
(438, 0, 101),
(439, 0, 1),
(440, 21, 0),
(441, 0, 21),
(442, 0, 21),
(443, 74, 0),
(444, 81, 0),
(445, 21, 0),
(446, 0, 1),
(447, 22, 0),
(448, 22, 0),
(449, 21, 0),
(450, 104.2, 0),
(451, 21, 0),
(452, 21, 0),
(453, 89, 0),
(454, 21, 0),
(455, 21, 0),
(456, 21, 0),
(457, 227.67, 0),
(458, 21, 0),
(459, 70.17, 0),
(460, 0, 126),
(461, 0, 21),
(462, 0, 74.15),
(463, 0, 68.5),
(464, 0, 43),
(465, 0, 43),
(466, 0, 21),
(467, 0, 21),
(468, 0, 86.56),
(469, 0, 21),
(470, 0, 135),
(471, 0, 87),
(472, 0, 21),
(473, 0, 21),
(474, 80.17, 0),
(475, 74, 0),
(476, 21, 0),
(477, 242.67, 0),
(478, 0, 83.11),
(479, 0, 119.33),
(480, 0, 21),
(481, 0, 21),
(482, 0, 21),
(483, 0, 1),
(484, 0, 21),
(485, 103.67, 0),
(486, 0, 251.02),
(487, 0, 1),
(488, 0, 1),
(489, 122.66, 0),
(490, 0, 7),
(491, 22, 0),
(492, 102.6, 0),
(493, 238.34, 0),
(494, 88, 0),
(495, 21, 0),
(496, 0, 21),
(497, 0, 21),
(498, 0, 73.29),
(499, 0, 168.33),
(500, 0, 21),
(501, 0, 133),
(502, 0, 21),
(503, 0, 21),
(504, 0, 21),
(505, 0, 85.45),
(506, 0, 21),
(507, 0, 117.66),
(508, 361.03, 0),
(509, 21, 0),
(510, 224.34, 0),
(511, 21, 0),
(512, 21, 0),
(513, 102.33, 0),
(514, 21, 0),
(515, 0, 79.34),
(516, 0, 74),
(517, 21, 0),
(518, 0, 86),
(519, 0, 21),
(520, 0, 124.5),
(521, 0, 101.17),
(522, 0, 21),
(523, 0, 21),
(524, 121, 0),
(525, 107.67, 0),
(526, 21, 0),
(527, 81.89, 0),
(528, 0, 500),
(529, 234, 0),
(530, 87, 0),
(531, 72.33, 0),
(532, 165.06, 0),
(533, 51.43, 0),
(534, 21, 0),
(535, 21, 0),
(536, 0, 21),
(537, 0, 116),
(538, 0, 84.34),
(539, 0, 21),
(540, 0, 21),
(541, 0, 21),
(542, 0, 21),
(543, 21, 0),
(544, 21, 0),
(545, 21, 0),
(546, 21, 0),
(547, 221, 0),
(548, 21, 0),
(549, 21, 0),
(550, 0, 21),
(551, 0, 1),
(552, 0, 21),
(553, 21, 0),
(554, 100.09, 0),
(555, 0, 85),
(556, 0, 1398),
(557, 0, 21),
(558, 119.33, 0),
(559, 0, 134.33),
(560, 0, 21),
(561, 0, 21),
(562, 0, 21),
(563, 0, 80.67),
(564, 21, 0),
(565, 0, 78.5),
(566, 0, 74),
(567, 0, 85.34),
(568, 0, 650),
(569, 21, 0),
(570, 0, 43),
(571, 71.16, 0),
(572, 229.67, 0),
(573, 91.43, 0),
(574, 86, 0),
(575, 206.34, 0),
(576, 21, 0),
(577, 21, 0),
(578, 0, 21),
(579, 0, 132.66),
(580, 0, 21),
(581, 0, 114.33),
(582, 0, 21),
(583, 0, 21),
(584, 0, 21),
(585, 0, 120.67),
(586, 217.67, 0),
(587, 21, 0),
(588, 21, 0),
(589, 21, 0),
(590, 0, 21),
(591, 0, 21),
(592, 0, 21),
(593, 0, 21),
(594, 0, 21),
(595, 0, 21),
(596, 0, 83.23),
(597, 0, 74),
(598, 0, 77.67),
(599, 163.8, 0),
(600, 71.57, 0),
(601, 21, 0),
(602, 21, 0),
(603, 99, 0),
(604, 0, 117.66),
(605, 84, 0),
(606, 0, 1),
(607, 21, 0),
(608, 21, 0),
(609, 709.31, 0),
(610, 21, 0),
(611, 70, 0),
(612, 21, 0),
(613, 225.34, 0),
(614, 85, 0),
(615, 124.33, 0),
(616, 97.92, 0),
(617, 0, 21),
(618, 0, 21),
(619, 0, 21),
(620, 0, 119.14),
(621, 0, 43),
(622, 103.67, 0),
(623, 21, 0),
(624, 0, 20),
(625, 24, 0),
(626, 0, 184.77),
(627, 370.7, 0),
(628, 0, 161.53),
(629, 0, 21),
(630, 0, 21),
(631, 0, 98.34),
(632, 0, 21),
(633, 0, 21),
(634, 0, 82.12),
(635, 0, 112.66),
(636, 0, 21),
(637, 0, 223.16),
(638, 21, 0),
(639, 214.34, 0),
(640, 21, 0),
(641, 21, 0),
(642, 21, 0),
(643, 616.02, 0),
(644, 0, 21),
(645, 0, 131),
(646, 0, 43),
(647, 0, 43),
(648, 0, 326.65),
(649, 0, 109),
(650, 21, 0),
(651, 0, 1),
(652, 126.41, 0),
(653, 74, 0),
(654, 493, 0),
(655, 159.26, 0),
(656, 424, 0),
(657, 84, 0),
(658, 185.71, 0),
(659, 122.66, 0),
(660, 97, 0),
(661, 68.83, 0),
(662, 21, 0),
(663, 21, 0),
(664, 21, 0),
(665, 96.84, 0),
(666, 21, 0),
(667, 21, 0),
(668, 21, 0),
(669, 21, 0),
(670, 21, 0),
(671, 21, 0),
(672, 0, 111),
(673, 0, 21),
(674, 0, 124.33),
(675, 0, 21),
(676, 0, 21),
(677, 0, 21),
(678, 0, 81.34),
(679, 0, 1),
(680, 0, 83),
(681, 0, 129.33),
(682, 0, 21),
(683, 0, 21),
(684, 211, 0),
(685, 21, 0),
(686, 21, 0),
(687, 874, 0),
(688, 0, 21),
(689, 0, 21),
(690, 0, 21),
(691, 0, 124.98),
(692, 0, 77),
(693, 21, 0),
(694, 21, 0),
(695, 117.6, 0),
(696, 21, 0),
(697, 87, 0),
(698, 21, 0),
(699, 21, 0),
(700, 121, 0),
(701, 21, 0),
(702, 21, 0),
(703, 21, 0),
(704, 83, 0),
(705, 96.56, 0),
(706, 21, 0),
(707, 122.66, 0),
(708, 43, 0),
(709, 0, 116.07),
(710, 0, 157),
(711, 0, 21),
(712, 0, 21),
(713, 0, 21),
(714, 0, 21),
(715, 0, 21),
(716, 0, 21),
(717, 0, 21),
(718, 0, 207.67),
(719, 0, 21),
(720, 0, 21),
(721, 0, 21),
(722, 0, 109.33),
(723, 428.97, 0),
(724, 21, 0),
(725, 21, 0),
(726, 101, 0),
(727, 0, 82),
(728, 0, 127.66),
(729, 0, 21),
(730, 0, 21),
(731, 0, 4),
(732, 95.75, 0),
(733, 416, 0),
(734, 21, 0),
(735, 21, 0),
(736, 95.45, 0),
(737, 21, 0),
(738, 119.33, 0),
(739, 82, 0),
(740, 21, 0),
(741, 21, 0),
(742, 0, 121),
(743, 0, 21),
(744, 0, 107.66),
(745, 0, 156.44),
(746, 22, 0),
(747, 0, 21),
(748, 99.67, 0),
(749, 144.33, 0),
(750, 0, 43),
(751, 0, 114.54),
(752, 0, 21),
(753, 0, 21),
(754, 0, 43),
(755, 0, 21),
(756, 21, 0),
(757, 21, 0),
(758, 21, 0),
(759, 77, 0),
(760, 204.34, 0),
(761, 21, 0),
(762, 21, 0),
(763, 21, 0),
(764, 0, 21),
(765, 0, 1020),
(766, 0, 1),
(767, 0, 123.33),
(768, 0, 21),
(769, 0, 21),
(770, 0, 154.73),
(771, 0, 43),
(772, 0, 81),
(773, 0, 126),
(774, 123.33, 0),
(775, 63, 0),
(776, 43, 0),
(777, 429, 0),
(778, 511.01, 0),
(779, 1, 0),
(780, 210.81, 0),
(781, 253.32, 0),
(782, 1, 0),
(783, 0, 945.82),
(784, 0, 106.04),
(785, 0, 21),
(786, 0, 1),
(787, 21, 0),
(788, 98.34, 0),
(789, 21, 0),
(790, 21, 0),
(791, 0, 94.34),
(792, 0, 72.23),
(793, 117.66, 0),
(794, 21, 0),
(795, 201, 0),
(796, 77, 0),
(797, 21, 0),
(798, 142.66, 0),
(799, 21, 0),
(800, 0, 113),
(801, 0, 21),
(802, 0, 21),
(803, 81, 0),
(804, 0, 43),
(805, 121.66, 0),
(806, 142.66, 0),
(807, 0, 119.33),
(808, 95, 0),
(809, 21, 0),
(810, 173.68, 0),
(811, 0, 21),
(812, 0, 21),
(813, 0, 21),
(814, 0, 21),
(815, 0, 120.71),
(816, 0, 21),
(817, 120, 0),
(818, 0, 21),
(819, 0, 21),
(820, 0, 1),
(821, 0, 80),
(822, 0, 124.33),
(823, 0, 1),
(824, 400, 0),
(825, 73.33, 0),
(826, 21, 0),
(827, 21, 0),
(828, 0, 92.5),
(829, 0, 92.12),
(830, 0, 21),
(831, 0, 21),
(832, 0, 21),
(833, 0, 124.33),
(834, 0, 21),
(835, 0, 21),
(836, 0, 21),
(837, 0, 111.47),
(838, 0, 117.66),
(839, 0, 114.5),
(840, 0, 134.33),
(841, 0, 122.66),
(842, 0, 21),
(843, 0, 21),
(844, 141, 0),
(845, 21, 0),
(846, 197.67, 0),
(847, 21, 0),
(848, 77, 0),
(849, 21, 0),
(850, 21, 0),
(851, 116, 0),
(852, 21, 0),
(853, 21, 0),
(854, 21, 0),
(855, 21, 0),
(856, 21, 0),
(857, 144.51, 0),
(858, 80, 0),
(859, 813.47, 0),
(860, 476.97, 0),
(861, 118.33, 0),
(862, 141, 0),
(863, 120, 0),
(864, 224, 0),
(865, 94, 0),
(866, 368.58, 0),
(867, 114.33, 0),
(868, 93, 0),
(869, 1435.03, 0),
(870, 144.33, 0),
(871, 21, 0),
(872, 0, 192.11),
(873, 21, 0),
(874, 220, 0),
(875, 21, 0),
(876, 21, 0),
(877, 0, 121),
(878, 0, 132.66),
(879, 0, 21),
(880, 0, 21),
(881, 0, 116),
(882, 0, 21),
(883, 0, 58.78),
(884, 139.33, 0),
(885, 21, 0),
(886, 21, 0),
(887, 360.97, 0),
(888, 98, 0),
(889, 21, 0),
(890, 43, 0),
(891, 116.66, 0),
(892, 91.25, 0),
(893, 123, 0.33),
(894, 0, 21),
(895, 0, 21),
(896, 0, 21),
(897, 0, 65),
(898, 0, 72),
(899, 0, 21),
(900, 0, 139.33),
(901, 0, 118.33),
(902, 0, 21),
(903, 0, 91),
(904, 0, 43),
(905, 0, 21),
(906, 0, 122.66),
(907, 0, 21),
(908, 79, 0),
(909, 21, 0),
(910, 0, 626.58),
(911, 0, 1),
(912, 0, 1),
(913, 0, 1),
(914, 88.57, 0),
(915, 21, 0),
(916, 78, 0),
(917, 112.66, 0),
(918, 21, 0),
(919, 216, 0),
(920, 21, 0),
(921, 92, 0),
(922, 0, 21),
(923, 0, 72.67),
(924, 0, 21),
(925, 0, 0.25),
(926, 21, 0),
(927, 0, 205.99),
(928, 21, 0),
(929, 0, 21),
(930, 0, 116.66),
(931, 0, 58.22),
(932, 0, 21),
(933, 21, 0),
(934, 136, 0),
(935, 21, 0),
(936, 56, 0),
(937, 21, 0),
(938, 10, 0),
(939, 10, 0),
(940, 10, 0),
(941, 0, 124.33),
(942, 90, 0),
(943, 81, 0),
(944, 0, 21),
(945, 0, 21),
(946, 123.33, 0),
(947, 0, 137.66),
(948, 0, 116.66),
(949, 0, 70.17),
(950, 0, 131),
(951, 0, 119.33),
(952, 0, 21),
(953, 89.81, 0),
(954, 0, 21),
(955, 0, 121),
(956, 20, 0),
(957, 142.66, 0),
(958, 153.66, 0),
(959, 0, 2),
(960, 21, 0),
(961, 21, 0),
(962, 21, 0),
(963, 21, 0),
(964, 21, 0),
(965, 77, 0),
(966, 111, 0),
(967, 21, 0),
(968, 0, 165.22),
(969, 91, 0),
(970, 212, 0),
(971, 115, 0),
(972, 0, 88.78),
(973, 0, 21),
(974, 0, 69.34),
(975, 136, 0),
(976, 0, 21),
(977, 0, 71.84),
(978, 0, 159.8),
(979, 0, 21),
(980, 141, 0),
(981, 77, 0),
(982, 1551, 0),
(983, 21, 0),
(984, 21, 0),
(985, 21, 115),
(986, 144.33, 0),
(987, 0, 258.33),
(988, 0, 21),
(989, 0, 119.33),
(990, 0, 131.66),
(991, 0, 21),
(992, 0, 57.67),
(993, 0, 117.66),
(994, 0, 129.33),
(995, 0, 291.65),
(996, 0.4, 1),
(997, 121.66, 0),
(998, 172.99, 0),
(999, 583.37, 0),
(1000, 1891.01, 0),
(1001, 1934.34, 0),
(1002, 134.33, 0),
(1003, 113.33, 0),
(1004, 109.33, 0),
(1005, 90, 0),
(1006, 0, 119.67),
(1007, 0, 106.6),
(1008, 0, 88.22),
(1009, 0, 21),
(1010, 0, 21),
(1011, 21, 0),
(1012, 21, 0),
(1013, 21, 0),
(1014, 0, 21),
(1015, 0, 21),
(1016, 0, 21),
(1017, 21, 0),
(1018, 21, 0),
(1019, 142.66, 0),
(1020, 0, 87.67),
(1021, 0, 43),
(1022, 0, 43),
(1023, 0, 176.17),
(1024, 0, 127.66),
(1025, 0, 43),
(1026, 0, 71),
(1027, 0, 21),
(1028, 0, 21),
(1029, 0, 21),
(1030, 0, 117.66),
(1031, 233.32, 0),
(1032, 113.33, 0),
(1033, 0, 57.11),
(1034, 0, 21),
(1035, 1370, 0),
(1036, 292.99, 0),
(1037, 111, 0),
(1038, 1806.01, 0),
(1039, 0, 1),
(1040, 65, 0),
(1041, 243.32, 0),
(1042, 0, 252.99),
(1043, 0, 113.5),
(1044, 540, 0),
(1045, 255, 0),
(1046, 1.4, 0),
(1047, 660, 0),
(1048, 21, 0),
(1049, 118.34, 0),
(1050, 227.67, 0),
(1051, 107.66, 0),
(1052, 109.33, 0),
(1053, 21, 0),
(1054, 89, 0),
(1055, 85.71, 0),
(1056, 21, 0),
(1057, 0, 70.17),
(1058, 0, 21),
(1059, 132.66, 0),
(1060, 111.66, 0),
(1061, 0, 65.56),
(1062, 0, 111.66),
(1063, 141, 0),
(1064, 21, 0),
(1065, 21, 0),
(1066, 21, 0),
(1067, 21, 0),
(1068, 21, 0),
(1069, 0, 98.33),
(1070, 0, 21),
(1071, 0, 62.4),
(1072, 0, 126),
(1073, 0, 173.09),
(1074, 21, 0),
(1075, 21, 0),
(1076, 0, 1),
(1077, 21, 0),
(1078, 21, 0),
(1079, 21, 0),
(1080, 0, 21),
(1081, 0, 21),
(1082, 0, 21),
(1083, 110, 0),
(1084, 0, 21),
(1085, 0, 56.56),
(1086, 17.33, 122),
(1087, 0, 116),
(1088, 0, 227.67),
(1089, 1, 0),
(1090, 224.34, 0),
(1093, 88.2, 15),
(1094, 21, 0),
(1095, 0, 157.89),
(1096, 21, 0),
(1097, 21, 0),
(1098, 5, 101.45),
(1099, 88, 0),
(1100, 21, 0),
(1101, 21, 0),
(1102, 0, 212.03),
(1103, 106.04, 0),
(1104, 117, 0),
(1105, 21, 0),
(1106, 0, 230.5),
(1107, 0, 144.33),
(1108, 0, 21),
(1109, 0, 21),
(1110, 0, 21),
(1111, 0, 56),
(1112, 21, 0),
(1113, 21, 0),
(1114, 131, 0),
(1115, 110, 0),
(1116, 140.33, 0),
(1117, 21, 0),
(1118, 131, 0),
(1119, 21, 0),
(1120, 21, 0),
(1121, 21, 0),
(1122, 123.33, 0),
(1123, 0, 138.66),
(1124, 84.28, 0),
(1125, 0, 171),
(1126, 0, 124.33),
(1127, 0, 584.35),
(1128, 69.34, 0),
(1129, 42, 0),
(1130, 0, 114.33),
(1131, 0, 224.34);

-- --------------------------------------------------------

--
-- Estructura de tabla para la tabla `Entry_detail`
--

CREATE TABLE `Entry_detail` (
  `entry_number` int(11) NOT NULL,
  `type_id` int(11) NOT NULL,
  `value` float NOT NULL
) ENGINE=InnoDB DEFAULT CHARSET=utf8mb4 COLLATE=utf8mb4_general_ci;

--
-- Volcado de datos para la tabla `Entry_detail`
--

INSERT INTO `Entry_detail` (`entry_number`, `type_id`, `value`) VALUES
(1, 1, 10),
(1, 8, 100),
(1, 9, 5),
(2, 1, 10),
(2, 8, 100),
(2, 9, 5),
(3, 1, 10),
(3, 8, 100),
(3, 9, 5),
(4, 1, 10),
(4, 8, 100),
(4, 9, 5),
(5, 1, 10),
(5, 8, 100),
(5, 9, 5),
(6, 1, 10),
(6, 8, 100),
(6, 9, 5),
(7, 1, 10),
(7, 8, 100),
(7, 9, 5),
(8, 1, 10),
(8, 8, 100),
(8, 9, 5),
(9, 1, 10),
(9, 8, 100),
(9, 9, 5),
(10, 1, 10),
(10, 8, 100),
(10, 9, 5),
(11, 1, 10),
(11, 8, 100),
(11, 9, 5),
(12, 1, 10),
(12, 8, 100),
(12, 9, 5),
(13, 1, 10),
(13, 8, 100),
(13, 9, 5),
(14, 1, 10),
(14, 8, 100),
(14, 9, 5),
(15, 1, 10),
(15, 8, 100),
(15, 9, 5),
(16, 1, 10),
(16, 8, 100),
(16, 9, 5),
(17, 1, 10),
(17, 8, 100),
(17, 9, 5),
(18, 8, 120),
(18, 9, 1),
(19, 1, 10),
(19, 8, 120),
(19, 9, 6),
(20, 1, 10),
(20, 8, 120),
(20, 9, 6),
(21, 1, 10),
(21, 8, 120),
(21, 9, 6),
(22, 1, 10),
(22, 8, 120),
(22, 9, 6),
(23, 1, 1),
(23, 8, 20),
(23, 9, 1),
(24, 8, 20),
(24, 9, 1),
(24, 3, 115),
(24, 4, 2.3),
(25, 9, 1),
(25, 8, 20),
(25, 3, 19.17),
(25, 4, 2.3),
(26, 9, 1),
(26, 8, 20),
(27, 8, 20),
(27, 9, 1),
(27, 3, 57.5),
(27, 4, 2.3),
(28, 9, 1),
(28, 8, 20),
(29, 9, 1),
(29, 8, 20),
(30, 9, 1),
(30, 8, 20),
(31, 8, 20),
(31, 9, 1),
(31, 3, 50),
(31, 4, 2),
(32, 9, 1),
(32, 8, 20),
(33, 9, 1),
(33, 8, 20),
(34, 8, 20),
(34, 9, 1),
(34, 3, 25),
(34, 4, 3),
(35, 8, 29),
(35, 9, 1),
(36, 8, 120),
(36, 9, 6),
(36, 1, 10),
(37, 8, 120),
(37, 9, 6),
(37, 1, 10),
(38, 8, 120),
(38, 9, 6),
(38, 1, 10),
(39, 8, 120),
(39, 9, 6),
(39, 1, 10),
(40, 9, 1),
(40, 8, 20),
(41, 9, 1),
(41, 8, 20),
(42, 9, 1),
(42, 8, 20),
(43, 1, 1),
(44, 8, 20),
(44, 9, 1),
(44, 3, 68),
(44, 4, 2.72),
(45, 1, 10),
(45, 8, 20),
(45, 9, 6),
(46, 9, 1),
(46, 8, 20),
(47, 9, 1),
(47, 8, 20),
(48, 9, 1),
(48, 8, 20),
(49, 4, 6),
(49, 3, 50),
(50, 9, 1),
(50, 8, 20),
(52, 8, 20),
(52, 9, 1),
(52, 3, 18.4),
(52, 4, 1.84),
(53, 8, 20),
(53, 9, 1),
(53, 3, 57.5),
(53, 4, 2.3),
(54, 8, 20),
(54, 9, 1),
(54, 3, 19.17),
(54, 4, 2.3),
(55, 9, 1),
(55, 8, 20),
(56, 9, 1),
(56, 8, 20),
(57, 9, 1),
(57, 8, 20),
(58, 8, 20),
(58, 9, 1),
(58, 4, 2),
(59, 8, 40),
(59, 9, 2),
(59, 6, 1),
(60, 8, 20),
(60, 9, 1),
(60, 4, 6),
(61, 9, 1),
(61, 8, 20),
(62, 9, 1),
(62, 8, 20),
(63, 9, 1),
(63, 8, 20),
(64, 9, 1),
(64, 8, 20),
(65, 9, 1),
(65, 8, 20),
(66, 9, 1),
(66, 8, 20),
(67, 9, 1),
(67, 8, 20),
(68, 1, 10),
(68, 8, 140),
(68, 9, 7),
(69, 1, 1),
(58, 3, 50),
(60, 3, 50),
(70, 8, 20),
(70, 9, 1),
(70, 3, 48.53),
(70, 4, 5.52),
(71, 9, 1),
(71, 8, 20),
(72, 8, 20),
(72, 9, 1),
(72, 3, 18.4),
(72, 4, 1.84),
(73, 9, 1),
(73, 8, 20),
(74, 9, 1),
(74, 8, 20),
(75, 9, 1),
(75, 8, 20),
(76, 9, 1),
(76, 8, 20),
(77, 8, 20),
(77, 9, 1),
(77, 3, 19.17),
(77, 4, 2.3),
(78, 8, 20),
(78, 9, 1),
(78, 3, 68),
(78, 4, 2.72),
(80, 8, 40),
(80, 9, 2),
(80, 3, 136),
(80, 4, 5.44),
(80, 6, 6),
(81, 9, 1),
(81, 8, 20),
(82, 3, 50),
(82, 4, 6),
(83, 9, 1),
(83, 8, 20),
(84, 9, 1),
(84, 8, 20),
(85, 9, 1),
(85, 8, 20),
(86, 9, 1),
(86, 8, 20),
(88, 9, 1),
(88, 8, 20),
(87, 9, 1),
(87, 8, 20),
(89, 9, 1),
(89, 8, 20),
(90, 9, 1),
(90, 8, 20),
(91, 9, 1),
(91, 8, 20),
(92, 8, 20),
(92, 9, 1),
(92, 3, 50),
(92, 4, 6),
(93, 9, 1),
(93, 8, 20),
(94, 9, 1),
(94, 8, 20),
(95, 9, 1),
(95, 8, 20),
(96, 9, 1),
(96, 8, 20),
(97, 9, 1),
(97, 8, 20),
(98, 9, 1),
(98, 8, 20),
(99, 9, 1),
(99, 8, 20),
(100, 9, 1),
(100, 8, 20),
(101, 9, 1),
(101, 8, 20),
(102, 8, 20),
(102, 9, 1),
(102, 3, 29.67),
(102, 4, 3.56),
(103, 9, 1),
(103, 8, 20),
(104, 9, 1),
(104, 8, 20),
(105, 8, 20),
(105, 9, 1),
(105, 3, 15.2),
(105, 4, 1.52),
(106, 3, 30.4),
(107, 9, 1),
(107, 8, 20),
(108, 9, 1),
(108, 8, 20),
(109, 8, 20),
(109, 9, 1),
(109, 3, 19.17),
(109, 4, 2.3),
(110, 8, 20),
(110, 9, 1),
(110, 3, 133.34),
(110, 4, 4),
(111, 9, 1),
(111, 8, 20),
(112, 8, 20),
(112, 9, 1),
(112, 3, 50),
(112, 4, 6),
(113, 8, 20),
(113, 9, 1),
(113, 3, 33.33),
(113, 4, 4),
(114, 8, 20),
(114, 9, 1),
(114, 3, 18.4),
(114, 4, 1.84),
(116, 8, 60),
(116, 9, 3),
(116, 3, 75),
(116, 4, 9),
(116, 6, 2),
(116, 5, 7.5),
(117, 8, 20),
(117, 9, 1),
(117, 3, 100),
(117, 4, 6),
(118, 8, 20),
(118, 9, 1),
(118, 3, 33.33),
(118, 4, 4),
(119, 8, 40),
(119, 9, 2),
(119, 6, 1),
(120, 8, 20),
(120, 9, 1),
(120, 3, 62.5),
(120, 4, 30),
(122, 8, 20),
(122, 9, 1),
(122, 3, 85.71),
(122, 4, 12),
(123, 9, 1),
(123, 8, 20),
(124, 3, 33.33),
(124, 1, 1),
(125, 8, 180),
(125, 9, 9),
(125, 1, 11),
(126, 8, 180),
(126, 9, 9),
(126, 1, 11),
(127, 8, 180),
(127, 9, 9),
(127, 1, 11),
(128, 8, 20),
(128, 9, 1),
(128, 3, 29.67),
(128, 4, 3.56),
(129, 9, 1),
(129, 8, 20),
(130, 9, 1),
(130, 8, 20),
(131, 9, 1),
(131, 8, 20),
(132, 8, 20),
(132, 9, 1),
(132, 3, 42.5),
(132, 4, 6.8),
(133, 8, 20),
(133, 9, 1),
(133, 3, 50),
(133, 4, 4),
(134, 8, 20),
(134, 9, 1),
(134, 3, 18.4),
(134, 4, 1.84),
(135, 8, 20),
(135, 9, 1),
(135, 3, 55.56),
(135, 4, 20),
(136, 9, 1),
(136, 8, 20),
(137, 8, 20),
(137, 9, 1),
(137, 3, 33.33),
(137, 4, 4),
(138, 9, 1),
(138, 8, 20),
(139, 9, 1),
(139, 8, 20),
(140, 8, 20),
(140, 9, 1),
(140, 3, 66.33),
(140, 4, 3.98),
(141, 9, 1),
(141, 8, 20),
(142, 9, 1),
(142, 8, 20),
(143, 8, 20),
(143, 9, 1),
(143, 3, 85.71),
(143, 4, 12),
(144, 8, 200),
(144, 9, 11),
(144, 1, 10),
(145, 8, 20),
(145, 9, 1),
(145, 3, 100),
(145, 4, 6),
(146, 9, 1),
(146, 8, 20),
(147, 8, 20),
(147, 9, 1),
(147, 3, 19.17),
(147, 4, 2.3),
(148, 8, 20),
(148, 9, 1),
(148, 3, 33.33),
(148, 4, 4),
(149, 8, 20),
(149, 9, 1),
(149, 3, 50),
(149, 4, 6),
(150, 8, 20),
(150, 9, 1),
(150, 3, 62.5),
(150, 4, 30),
(151, 3, 100),
(152, 3, 1375),
(153, 8, 40),
(153, 9, 2),
(153, 6, 1),
(154, 9, 1),
(154, 8, 20),
(155, 8, 60),
(155, 9, 3),
(155, 6, 3),
(156, 9, 1),
(156, 8, 20),
(157, 8, 20),
(157, 9, 1),
(157, 3, 85.71),
(157, 4, 12),
(158, 8, 20),
(158, 9, 1),
(158, 3, 55.56),
(158, 4, 18.89),
(159, 8, 220),
(159, 9, 12),
(159, 1, 10),
(160, 9, 1),
(160, 8, 20),
(161, 8, 20),
(161, 9, 1),
(161, 3, 29.67),
(161, 4, 3.56),
(162, 8, 40),
(162, 9, 2),
(162, 6, 1),
(163, 8, 40),
(163, 9, 2),
(163, 6, 1),
(164, 9, 1),
(164, 8, 20),
(165, 8, 20),
(165, 9, 1),
(165, 3, 150),
(165, 4, 4),
(166, 8, 20),
(166, 9, 1),
(166, 3, 18.4),
(166, 4, 1.84),
(167, 8, 20),
(167, 9, 1),
(167, 3, 42.5),
(167, 4, 5.95),
(168, 8, 20),
(168, 9, 1),
(168, 3, 200),
(168, 4, 18),
(168, 1, 1),
(168, 5, 10),
(169, 8, 20),
(169, 9, 1),
(169, 3, 33.33),
(169, 4, 4),
(170, 8, 20),
(170, 9, 1),
(170, 3, 19.17),
(170, 4, 2.3),
(171, 9, 1),
(171, 8, 20),
(172, 9, 1),
(172, 8, 20),
(173, 8, 20),
(173, 9, 1),
(173, 3, 25),
(173, 4, 2),
(174, 8, 40),
(174, 9, 2),
(174, 3, 200),
(174, 4, 4),
(174, 6, 1),
(174, 5, 20),
(176, 8, 220),
(176, 9, 11),
(176, 1, 10),
(177, 9, 1),
(177, 8, 20),
(178, 9, 1),
(178, 8, 20),
(179, 9, 1),
(179, 8, 20),
(180, 9, 1),
(180, 8, 20),
(181, 8, 220),
(181, 9, 11),
(181, 1, 10),
(182, 8, 20),
(182, 9, 1),
(182, 3, 41.67),
(182, 4, 20),
(183, 8, 20),
(183, 9, 1),
(183, 3, 50),
(183, 4, 24),
(184, 8, 20),
(184, 9, 1),
(184, 3, 132.67),
(184, 4, 3.98),
(185, 9, 1),
(185, 8, 20),
(186, 8, 20),
(186, 9, 1),
(186, 3, 25),
(186, 4, 3),
(186, 6, 1),
(186, 5, 2.5),
(187, 8, 220),
(187, 9, 11),
(187, 1, 10),
(188, 8, 20),
(188, 9, 1),
(188, 3, 100),
(188, 4, 6),
(188, 1, 1),
(51, 8, 20),
(51, 9, 1),
(51, 3, 15.2),
(51, 4, 1.52),
(189, 8, 40),
(189, 9, 2),
(189, 6, 1),
(190, 8, 40),
(190, 9, 2),
(190, 3, 66.66),
(190, 4, 8),
(190, 6, 1),
(190, 5, 3.33),
(191, 9, 1),
(191, 8, 20),
(192, 9, 1),
(192, 8, 20),
(193, 9, 1),
(193, 8, 20),
(194, 8, 20),
(194, 9, 1),
(194, 3, 40.17),
(194, 4, 4.82),
(195, 9, 1),
(195, 8, 20),
(196, 9, 1),
(196, 8, 20),
(197, 8, 40),
(197, 9, 2),
(197, 3, 100),
(197, 4, 45),
(198, 8, 20),
(198, 9, 1),
(198, 3, 29.67),
(198, 4, 3.56),
(199, 8, 240),
(199, 9, 12),
(199, 1, 10),
(200, 9, 1),
(200, 8, 20),
(201, 9, 1),
(201, 8, 20),
(202, 9, 1),
(202, 8, 20),
(203, 9, 1),
(203, 8, 20),
(204, 9, 1),
(204, 8, 20),
(205, 8, 20),
(205, 9, 1),
(205, 3, 127.5),
(205, 4, 5.1),
(206, 9, 1),
(206, 8, 20),
(207, 9, 1),
(207, 8, 20),
(208, 8, 20),
(208, 9, 1),
(208, 3, 33.33),
(208, 4, 4),
(209, 8, 20),
(209, 9, 1),
(209, 3, 40.17),
(209, 4, 4.82),
(210, 3, 127.5),
(210, 1, 1),
(211, 9, 1),
(211, 8, 20),
(212, 9, 1),
(212, 8, 20),
(213, 9, 1),
(213, 8, 20),
(214, 8, 20),
(214, 9, 1),
(214, 3, 83.33),
(214, 4, 20),
(215, 8, 40),
(215, 9, 2),
(215, 3, 25),
(215, 4, 3),
(215, 6, 1),
(215, 5, 2.5),
(216, 8, 20),
(216, 9, 1),
(216, 3, 55.56),
(216, 4, 18.89),
(217, 8, 20),
(217, 9, 1),
(217, 3, 100),
(217, 4, 6),
(217, 1, 1),
(218, 9, 1),
(218, 8, 20),
(219, 8, 20),
(219, 9, 1),
(219, 3, 25),
(219, 4, 2),
(220, 9, 1),
(220, 8, 20),
(221, 9, 1),
(221, 8, 20),
(222, 1, 1),
(223, 1, 1),
(224, 8, 20),
(224, 9, 1),
(224, 3, 41.67),
(224, 4, 19.17),
(225, 9, 1),
(225, 8, 20),
(226, 8, 20),
(226, 9, 1),
(226, 3, 85.71),
(226, 4, 12),
(-1, 8, 160),
(-1, 9, 8),
(-1, 1, 10),
(-2, 3, 200),
(227, 3, 41.67),
(227, 4, 18.33),
(227, 8, 20),
(227, 9, 1),
(228, 8, 20),
(228, 9, 1),
(229, 8, 20),
(229, 9, 1),
(230, 8, 20),
(230, 9, 1),
(231, 8, 20),
(231, 9, 1),
(232, 8, 20),
(232, 9, 1),
(233, 3, 29.67),
(233, 4, 3.56),
(233, 8, 20),
(233, 9, 1),
(234, 3, 66.66),
(234, 4, 4),
(234, 8, 20),
(234, 9, 1),
(235, 3, 100),
(235, 4, 4),
(235, 8, 20),
(235, 9, 1),
(236, 8, 20),
(236, 9, 1),
(237, 8, 20),
(237, 9, 1),
(238, 3, 83.33),
(238, 4, 20),
(238, 8, 20),
(238, 9, 1),
(239, 8, 20),
(239, 9, 1),
(240, 8, 20),
(240, 9, 1),
(241, 8, 20),
(241, 9, 1),
(242, 3, 50),
(242, 4, 21),
(242, 8, 20),
(242, 9, 1),
(243, 3, 83.33),
(243, 4, 18.33),
(244, 8, 20),
(244, 9, 1),
(245, 3, 40.17),
(245, 4, 4.02),
(245, 8, 20),
(245, 9, 1),
(246, 8, 20),
(246, 9, 1),
(247, 3, 55.56),
(247, 4, 16.67),
(247, 8, 20),
(247, 9, 1),
(248, 8, 20),
(248, 9, 1),
(249, 8, 20),
(249, 9, 1),
(250, 3, 25),
(250, 4, 2),
(250, 8, 20),
(250, 9, 1),
(251, 8, 20),
(251, 9, 1),
(252, 3, 40.17),
(252, 4, 4.02),
(252, 8, 20),
(252, 9, 1),
(253, 8, 20),
(253, 9, 1),
(254, 3, 66.66),
(254, 4, 4),
(254, 8, 20),
(254, 9, 1),
(255, 8, 20),
(255, 9, 1),
(256, 8, 20),
(256, 9, 1),
(257, 3, 85.71),
(257, 4, 12),
(257, 8, 20),
(257, 9, 1),
(258, 8, 20),
(258, 9, 1),
(259, 6, 1),
(259, 8, 40),
(259, 9, 2),
(260, 3, 50),
(260, 4, 24),
(260, 8, 20),
(260, 9, 1),
(261, 3, 83.33),
(261, 4, 18.33),
(261, 8, 20),
(261, 9, 1),
(262, 8, 20),
(262, 9, 1),
(263, 3, 40.17),
(263, 4, 3.21),
(263, 8, 20),
(264, 3, 62.5),
(264, 4, 10),
(265, 8, 20),
(265, 9, 1),
(266, 8, 20),
(266, 9, 1),
(267, 8, 20),
(267, 9, 1),
(268, 3, 83.33),
(268, 4, 16.67),
(268, 6, 1),
(268, 8, 40),
(268, 9, 2),
(269, 8, 20),
(269, 9, 1),
(270, 8, 20),
(270, 9, 1),
(271, 3, 25),
(271, 4, 2),
(271, 8, 20),
(271, 9, 1),
(272, 3, 29.67),
(272, 4, 3.56),
(272, 8, 20),
(272, 9, 1),
(273, 8, 20),
(273, 9, 1),
(274, 8, 20),
(274, 9, 1),
(275, 8, 20),
(275, 9, 1),
(276, 8, 20),
(276, 9, 1),
(277, 8, 20),
(277, 9, 1),
(278, 1, 10),
(278, 8, 280),
(278, 9, 14),
(279, 8, 20),
(279, 9, 1),
(280, 3, 100),
(280, 4, 24),
(280, 8, 20),
(280, 9, 1),
(281, 8, 20),
(281, 9, 1),
(282, 8, 20),
(282, 9, 1),
(283, 3, 100),
(283, 4, 12),
(283, 5, 5),
(283, 6, 1),
(283, 8, 40),
(283, 9, 2),
(284, 3, 50),
(284, 4, 20),
(284, 8, 20),
(284, 9, 1),
(285, 3, 55.56),
(285, 4, 15.56),
(285, 8, 20),
(285, 9, 1),
(286, 3, 40.17),
(286, 4, 3.21),
(286, 8, 20),
(286, 9, 1),
(287, 6, 1),
(287, 8, 40),
(287, 9, 2),
(288, 8, 20),
(288, 9, 1),
(289, 8, 20),
(289, 9, 1),
(290, 8, 20),
(290, 9, 1),
(291, 3, 85.71),
(291, 4, 12),
(291, 8, 20),
(291, 9, 1),
(292, 3, 50),
(292, 4, 23),
(292, 8, 20),
(292, 9, 1),
(293, 3, 41.67),
(293, 4, 17.5),
(293, 8, 20),
(293, 9, 1),
(294, 8, 20),
(294, 9, 1),
(295, 8, 20),
(295, 9, 1),
(296, 8, 20),
(296, 9, 1),
(297, 3, 40.17),
(297, 4, 2.41),
(297, 8, 20),
(297, 9, 1),
(298, 8, 20),
(298, 9, 1),
(299, 8, 20),
(299, 9, 1),
(300, 8, 20),
(300, 9, 1),
(301, 3, 50),
(301, 4, 22),
(301, 8, 20),
(301, 9, 1),
(302, 8, 20),
(302, 9, 1),
(303, 8, 20),
(303, 9, 1),
(304, 3, 100),
(304, 4, 2),
(304, 5, 10),
(304, 6, 2),
(304, 8, 60),
(304, 9, 3),
(305, 3, 83.34),
(305, 4, 19.17),
(305, 5, 4.17),
(305, 6, 1),
(305, 8, 40),
(305, 9, 2),
(306, 3, 40.17),
(306, 4, 2.41),
(306, 8, 20),
(306, 9, 1),
(307, 8, 20),
(307, 9, 1),
(308, 8, 20),
(308, 9, 1),
(310, 3, 62.5),
(310, 4, 8.75),
(310, 8, 20),
(310, 9, 1),
(311, 3, 83.33),
(311, 4, 16.67),
(311, 8, 20),
(311, 9, 1),
(312, 8, 20),
(312, 9, 1),
(313, 8, 20),
(313, 9, 1),
(314, 1, 1),
(314, 8, 20),
(314, 9, 1),
(315, 8, 20),
(315, 9, 1),
(316, 8, 20),
(316, 9, 1),
(317, 8, 20),
(317, 9, 1),
(318, 3, 100),
(318, 4, 22),
(318, 8, 20),
(318, 9, 1),
(319, 8, 20),
(319, 9, 1),
(320, 8, 20),
(320, 9, 1),
(321, 3, 55.56),
(321, 4, 14.44),
(321, 8, 20),
(321, 9, 1),
(322, 3, 80.34),
(323, 8, 20),
(323, 9, 1),
(324, 3, 100),
(324, 4, 37),
(324, 8, 20),
(324, 9, 1),
(325, 3, 50),
(325, 4, 6),
(325, 8, 20),
(325, 9, 1),
(326, 8, 20),
(326, 9, 1),
(327, 8, 20),
(327, 9, 1),
(328, 8, 20),
(328, 9, 1),
(329, 1, 1),
(329, 8, 20),
(329, 9, 1),
(330, 8, 20),
(330, 9, 1),
(331, 3, 833.32),
(331, 4, 16.67),
(331, 8, 20),
(331, 9, 1),
(332, 6, 8),
(332, 8, 171),
(332, 9, 9),
(333, 3, 83.33),
(333, 4, 15),
(333, 8, 20),
(333, 9, 1),
(334, 8, 20),
(334, 9, 1),
(335, 3, 85.71),
(335, 4, 12),
(335, 8, 20),
(335, 9, 1),
(336, 8, 20),
(336, 9, 1),
(337, 3, 80),
(337, 4, 8),
(337, 8, 20),
(337, 9, 1),
(338, 3, 50),
(338, 4, 21),
(338, 8, 20),
(338, 9, 1),
(339, 8, 20),
(339, 9, 1),
(340, 3, 100),
(340, 4, 20),
(340, 8, 20),
(340, 9, 1),
(341, 8, 20),
(341, 9, 1),
(342, 8, 20),
(342, 9, 1),
(343, 8, 20),
(343, 9, 1),
(344, 8, 20),
(344, 9, 1),
(345, 8, 20),
(345, 9, 1),
(346, 8, 20),
(346, 9, 1),
(347, 3, 62.5),
(347, 4, 7.5),
(347, 8, 20),
(347, 9, 1),
(348, 3, 83.33),
(348, 4, 15),
(348, 8, 20),
(348, 9, 1),
(349, 8, 20),
(349, 9, 1),
(350, 8, 20),
(350, 9, 1),
(351, 3, 41.67),
(351, 4, 10),
(351, 8, 20),
(351, 9, 1),
(352, 3, 40.17),
(352, 4, 1.61),
(352, 8, 20),
(352, 9, 1),
(353, 8, 20),
(353, 9, 1),
(354, 8, 20),
(354, 9, 1),
(355, 3, 66.67),
(355, 4, 20),
(355, 8, 20),
(355, 9, 1),
(356, 8, 20),
(356, 9, 1),
(357, 8, 20),
(357, 9, 1),
(358, 8, 20),
(358, 9, 1),
(359, 3, 83.33),
(359, 4, 20),
(359, 8, 20),
(359, 9, 1),
(360, 3, 41.67),
(360, 4, 8.33),
(360, 8, 20),
(360, 9, 1),
(361, 1, 1),
(361, 8, 20),
(361, 9, 1),
(362, 3, 50),
(362, 4, 17),
(362, 8, 20),
(362, 9, 1),
(363, 3, 50),
(363, 4, 6),
(363, 8, 20),
(363, 9, 1),
(364, 1, 1),
(364, 3, 666.68),
(364, 8, 20),
(364, 9, 1),
(365, 8, 20),
(365, 9, 1),
(366, 8, 20),
(366, 9, 1),
(367, 3, 55.56),
(367, 4, 13.33),
(367, 8, 20),
(367, 9, 1),
(368, 8, 20),
(368, 9, 1),
(369, 8, 20),
(369, 9, 1),
(370, 3, 66.67),
(370, 4, 20),
(370, 8, 20),
(370, 9, 1),
(371, 8, 20),
(371, 9, 1),
(372, 3, 50),
(372, 4, 20),
(372, 8, 20),
(372, 9, 1),
(373, 6, 1),
(373, 8, 40),
(373, 9, 2),
(374, 3, 55.56),
(374, 4, 12.22),
(374, 8, 20),
(374, 9, 1),
(375, 8, 20),
(375, 9, 1),
(376, 8, 20),
(376, 9, 1),
(377, 8, 20),
(377, 9, 1),
(378, 3, 62.5),
(378, 4, 6.25),
(378, 8, 20),
(378, 9, 1),
(379, 3, 83.33),
(379, 4, 13.33),
(379, 8, 20),
(379, 9, 1),
(380, 8, 20),
(380, 9, 1),
(381, 3, 41.67),
(381, 4, 9.17),
(381, 8, 20),
(381, 9, 1),
(382, 8, 20),
(382, 9, 1),
(383, 8, 20),
(383, 9, 1),
(384, 3, 40.17),
(384, 4, 0.8),
(384, 8, 20),
(384, 9, 1),
(385, 8, 20),
(385, 9, 1),
(386, 3, 100),
(386, 4, 18),
(386, 8, 20),
(386, 9, 1),
(387, 3, 66.67),
(387, 4, 18.67),
(387, 8, 20),
(387, 9, 1),
(388, 8, 20),
(388, 9, 1),
(389, 8, 20),
(389, 9, 1),
(390, 3, 83.33),
(390, 4, 18.33),
(390, 8, 20),
(390, 9, 1),
(391, 8, 20),
(391, 9, 1),
(392, 3, 41.67),
(392, 4, 7.5),
(392, 8, 20),
(392, 9, 1),
(393, 3, 42.86),
(393, 4, 12),
(393, 8, 20),
(393, 9, 1),
(394, 8, 20),
(394, 9, 1),
(395, 8, 20),
(395, 9, 1),
(396, 8, 20),
(396, 9, 1),
(397, 8, 20),
(397, 9, 1),
(398, 3, 80),
(398, 4, 6.4),
(398, 8, 20),
(398, 9, 1),
(399, 6, 1),
(399, 8, 40),
(399, 9, 2),
(400, 8, 20),
(400, 9, 1),
(401, 3, 50),
(401, 4, 6),
(401, 8, 20),
(401, 9, 1),
(402, 3, 50),
(402, 4, 24),
(402, 8, 20),
(402, 9, 1),
(403, 3, 83.34),
(403, 4, 39.17),
(403, 5, 4.17),
(403, 6, 1),
(403, 8, 40),
(403, 9, 2),
(404, 8, 20),
(404, 9, 1),
(405, 6, 1),
(405, 8, 40),
(405, 9, 2),
(406, 3, 66.66),
(406, 4, 8),
(406, 5, 3.33),
(406, 8, 20),
(406, 9, 1),
(407, 8, 20),
(407, 9, 1),
(408, 3, 1200),
(408, 8, 20),
(408, 9, 1),
(409, 3, 933.33),
(409, 8, 20),
(409, 9, 1),
(410, 3, 80),
(410, 4, 4.8),
(410, 8, 20),
(410, 9, 1),
(411, 8, 20),
(411, 9, 1),
(412, 3, 66.67),
(412, 4, 17.33),
(412, 8, 20),
(412, 9, 1),
(413, 3, 50),
(413, 4, 19),
(413, 8, 20),
(413, 9, 1),
(414, 8, 20),
(414, 9, 1),
(415, 8, 20),
(415, 9, 1),
(416, 3, 250),
(416, 8, 20),
(416, 9, 1),
(417, 3, 583.31),
(417, 8, 20),
(417, 9, 1),
(418, 4, 13),
(418, 8, 20),
(418, 9, 1),
(419, 8, 20),
(419, 9, 1),
(420, 8, 20),
(420, 9, 1),
(421, 3, 33.33),
(421, 4, 4),
(421, 8, 20),
(421, 9, 1),
(422, 8, 20),
(422, 9, 1),
(423, 3, 83.33),
(423, 4, 16.67),
(423, 8, 20),
(423, 9, 1),
(424, 3, 55.56),
(424, 4, 11.11),
(424, 8, 20),
(424, 9, 1),
(425, 8, 20),
(425, 9, 1),
(426, 8, 20),
(426, 9, 1),
(427, 3, 50),
(427, 4, 6),
(427, 8, 20),
(427, 9, 1),
(428, 3, 83.33),
(428, 4, 20),
(428, 8, 20),
(428, 9, 1),
(429, 8, 20),
(429, 9, 1),
(430, 8, 20),
(430, 9, 1),
(431, 3, 41.67),
(431, 4, 6.67),
(431, 8, 20),
(431, 9, 1),
(432, 3, 42.86),
(432, 4, 11.14),
(432, 8, 20),
(432, 9, 1),
(433, 8, 20),
(433, 9, 1),
(434, 3, 100),
(434, 4, 16),
(434, 8, 20),
(434, 9, 1),
(435, 8, 20),
(435, 9, 1),
(436, 3, 41.67),
(436, 4, 8.33),
(436, 8, 20),
(436, 9, 1),
(437, 8, 20),
(437, 9, 1),
(438, 1, 1),
(438, 3, 100),
(439, 1, 1),
(440, 8, 20),
(440, 9, 1),
(441, 8, 20),
(441, 9, 1),
(442, 8, 20),
(442, 9, 1),
(443, 3, 50),
(443, 4, 24),
(444, 3, 41.67),
(444, 4, 18.33),
(444, 8, 20),
(444, 9, 1),
(445, 8, 20),
(445, 9, 1),
(446, 1, 1),
(447, 6, 1),
(447, 8, 20),
(447, 9, 1),
(448, 6, 1),
(448, 8, 20),
(448, 9, 1),
(449, 8, 20),
(449, 9, 1),
(450, 3, 80),
(450, 4, 3.2),
(450, 8, 20),
(450, 9, 1),
(451, 8, 20),
(451, 9, 1),
(452, 8, 20),
(452, 9, 1),
(453, 3, 50),
(453, 4, 18),
(453, 8, 20),
(453, 9, 1),
(454, 8, 20),
(454, 9, 1),
(455, 8, 20),
(455, 9, 1),
(456, 8, 20),
(456, 9, 1),
(457, 3, 166.67),
(457, 4, 40),
(457, 8, 20),
(457, 9, 1),
(458, 8, 20),
(458, 9, 1),
(459, 3, 41.67),
(459, 4, 7.5),
(459, 8, 20),
(459, 9, 1),
(460, 3, 75),
(460, 4, 30),
(460, 8, 20),
(460, 9, 1),
(461, 8, 20),
(461, 9, 1),
(462, 3, 42.86),
(462, 4, 10.29),
(462, 8, 20),
(462, 9, 1),
(463, 3, 41.67),
(463, 4, 5.83),
(463, 8, 20),
(463, 9, 1),
(464, 6, 1),
(464, 8, 40),
(464, 9, 2),
(465, 6, 1),
(465, 8, 40),
(465, 9, 2),
(466, 8, 20),
(466, 9, 1),
(467, 8, 20),
(467, 9, 1),
(468, 3, 55.56),
(468, 4, 10),
(468, 8, 20),
(468, 9, 1),
(469, 8, 20),
(469, 9, 1),
(470, 3, 100),
(470, 4, 14),
(470, 8, 20),
(470, 9, 1),
(471, 3, 50),
(471, 4, 16),
(471, 8, 20),
(471, 9, 1),
(472, 8, 20),
(472, 9, 1),
(473, 8, 20),
(473, 9, 1),
(474, 3, 41.67),
(474, 4, 17.5),
(474, 8, 20),
(474, 9, 1),
(475, 3, 50),
(475, 4, 24),
(476, 8, 20),
(476, 9, 1),
(477, 3, 216.67),
(477, 4, 26),
(478, 3, 61.11),
(478, 4, 22),
(479, 3, 83.33),
(479, 4, 15),
(479, 8, 20),
(479, 9, 1),
(480, 8, 20),
(480, 9, 1),
(481, 8, 20),
(481, 9, 1),
(482, 8, 20),
(482, 9, 1),
(483, 1, 1),
(484, 8, 20),
(484, 9, 1),
(485, 3, 66.67),
(485, 4, 16),
(485, 8, 20),
(485, 9, 1),
(486, 1, 1),
(486, 3, 250.02),
(487, 1, 1),
(488, 1, 1),
(489, 3, 83.33),
(489, 4, 18.33),
(489, 8, 20),
(489, 9, 1),
(490, 4, 7),
(491, 6, 1),
(491, 8, 20),
(491, 9, 1),
(492, 3, 80),
(492, 4, 1.6),
(492, 8, 20),
(492, 9, 1),
(493, 3, 216.67),
(493, 4, 21.67),
(494, 3, 50),
(494, 4, 17),
(494, 8, 20),
(494, 9, 1),
(495, 8, 20),
(495, 9, 1),
(496, 8, 20),
(496, 9, 1),
(497, 8, 20),
(497, 9, 1),
(498, 3, 42.86),
(498, 4, 9.43),
(498, 8, 20),
(498, 9, 1),
(499, 3, 113.33),
(499, 4, 34),
(499, 8, 20),
(499, 9, 1),
(500, 8, 20),
(500, 9, 1),
(501, 3, 100),
(501, 4, 12),
(501, 8, 20),
(501, 9, 1),
(502, 8, 20),
(502, 9, 1),
(503, 8, 20),
(503, 9, 1),
(504, 8, 20),
(504, 9, 1),
(505, 3, 55.56),
(505, 4, 8.89),
(505, 8, 20),
(505, 9, 1),
(506, 8, 20),
(506, 9, 1),
(507, 3, 83.33),
(507, 4, 13.33),
(507, 8, 20),
(507, 9, 1),
(508, 3, 333.36),
(508, 4, 6.67),
(508, 8, 20),
(508, 9, 1),
(509, 8, 20),
(509, 9, 1),
(510, 3, 166.67),
(510, 4, 36.67),
(510, 8, 20),
(510, 9, 1),
(511, 8, 20),
(511, 9, 1),
(512, 8, 20),
(512, 9, 1),
(513, 3, 66.67),
(513, 4, 14.66),
(513, 8, 20),
(513, 9, 1),
(514, 8, 20),
(514, 9, 1),
(515, 3, 41.67),
(515, 4, 16.67),
(515, 8, 20),
(515, 9, 1),
(516, 3, 50),
(516, 4, 24),
(517, 8, 20),
(517, 9, 1),
(518, 3, 50),
(518, 4, 15),
(518, 8, 20),
(518, 9, 1),
(519, 8, 20),
(519, 9, 1),
(520, 3, 75),
(520, 4, 28.5),
(520, 8, 20),
(520, 9, 1),
(521, 3, 54.17),
(521, 4, 26),
(521, 8, 20),
(521, 9, 1),
(522, 8, 20),
(522, 9, 1),
(523, 8, 20),
(523, 9, 1),
(524, 3, 83.33),
(524, 4, 16.67),
(524, 8, 20),
(524, 9, 1),
(525, 3, 66.67),
(525, 4, 20),
(525, 8, 20),
(525, 9, 1),
(526, 8, 20),
(526, 9, 1),
(527, 3, 61.11),
(527, 4, 20.78),
(528, 3, 500),
(529, 3, 216.67),
(529, 4, 17.33),
(530, 3, 50),
(530, 4, 16),
(530, 9, 1),
(530, 8, 20),
(531, 3, 58.33),
(531, 4, 14),
(532, 3, 113.33),
(532, 4, 31.73),
(532, 8, 20),
(533, 3, 42.86),
(533, 4, 8.57),
(534, 9, 1),
(534, 8, 20),
(535, 8, 20),
(535, 9, 1),
(536, 8, 20),
(536, 9, 1),
(537, 3, 83.33),
(537, 4, 11.67),
(537, 8, 20),
(537, 9, 1),
(538, 4, 7.78),
(538, 3, 55.56),
(538, 8, 20),
(538, 9, 1),
(539, 9, 1),
(539, 8, 20),
(540, 9, 1),
(540, 8, 20),
(541, 8, 20),
(541, 9, 1),
(542, 8, 20),
(542, 9, 1),
(543, 9, 1),
(543, 8, 20),
(544, 8, 20),
(544, 9, 1),
(545, 8, 20),
(545, 9, 1),
(546, 8, 20),
(546, 9, 1),
(547, 3, 166.67),
(547, 8, 20),
(547, 9, 1),
(547, 4, 33.33),
(548, 8, 20),
(548, 9, 1),
(549, 8, 20),
(549, 9, 1),
(550, 8, 20),
(550, 9, 1),
(551, 9, 1),
(552, 8, 20),
(552, 9, 1),
(553, 8, 20),
(553, 9, 1),
(554, 3, 54.17),
(554, 4, 24.92),
(554, 8, 20),
(554, 9, 1),
(555, 3, 50),
(555, 4, 14),
(555, 8, 20),
(555, 9, 1),
(556, 3, 1350),
(556, 4, 27),
(556, 9, 1),
(556, 8, 20),
(557, 9, 1),
(557, 8, 20),
(558, 3, 83.33),
(558, 4, 15),
(558, 8, 20),
(558, 9, 1),
(559, 4, 30),
(559, 8, 20),
(559, 3, 83.33),
(559, 9, 1),
(560, 8, 20),
(560, 9, 1),
(561, 9, 1),
(561, 8, 20),
(562, 8, 20),
(562, 9, 1),
(563, 4, 19.56),
(563, 3, 61.11),
(564, 8, 20),
(564, 9, 1),
(565, 4, 15.83),
(565, 3, 41.67),
(565, 8, 20),
(565, 9, 1),
(566, 3, 50),
(566, 4, 24),
(567, 3, 66.67),
(567, 4, 18.67),
(568, 3, 650),
(569, 8, 20),
(569, 9, 1),
(570, 6, 1),
(570, 8, 40),
(570, 9, 2),
(571, 4, 12.83),
(571, 3, 58.33),
(572, 4, 13),
(572, 3, 216.67),
(573, 4, 20),
(573, 3, 71.43),
(574, 3, 50),
(574, 9, 1),
(574, 8, 20),
(574, 4, 15),
(575, 4, 25.33),
(575, 3, 133.34),
(575, 8, 40),
(575, 5, 6.67),
(575, 9, 1),
(576, 8, 20),
(576, 9, 1),
(577, 9, 1),
(577, 8, 20),
(578, 8, 20),
(578, 9, 1),
(579, 3, 83.33),
(579, 8, 20),
(579, 9, 1),
(579, 4, 28.33),
(580, 8, 20),
(580, 9, 1),
(581, 3, 83.33),
(581, 4, 10),
(581, 8, 20),
(581, 9, 1),
(582, 9, 1),
(582, 8, 20),
(583, 8, 20),
(583, 9, 1),
(584, 9, 1),
(584, 8, 20),
(585, 4, 23),
(585, 8, 20),
(585, 9, 1),
(585, 3, 76.67),
(586, 3, 166.67),
(586, 8, 20),
(586, 9, 1),
(586, 4, 30),
(587, 8, 20),
(587, 9, 1),
(588, 8, 20),
(588, 9, 1),
(589, 8, 20),
(589, 9, 1),
(590, 9, 1),
(590, 8, 20),
(591, 8, 20),
(591, 9, 1),
(592, 8, 20),
(592, 9, 1),
(593, 9, 1),
(593, 8, 20),
(594, 8, 20),
(594, 9, 1),
(595, 8, 20),
(595, 9, 1),
(596, 3, 55.56),
(596, 8, 20),
(596, 9, 1),
(596, 4, 6.67),
(597, 3, 50),
(597, 4, 24),
(598, 3, 41.67),
(598, 8, 20),
(598, 4, 15),
(598, 9, 1),
(599, 3, 113.33),
(599, 8, 20),
(599, 9, 1),
(599, 4, 29.47),
(600, 3, 42.86),
(600, 9, 1),
(600, 4, 7.71),
(600, 8, 20),
(601, 9, 1),
(601, 8, 20),
(602, 9, 1),
(602, 8, 20),
(603, 4, 23.83),
(603, 8, 20),
(603, 9, 1),
(603, 3, 54.17),
(604, 3, 83.33),
(604, 4, 13.33),
(604, 8, 20),
(604, 9, 1),
(605, 4, 17.33),
(605, 3, 66.67),
(606, 1, 1),
(607, 8, 20),
(607, 9, 1),
(608, 8, 20),
(608, 9, 1),
(609, 1, 1),
(609, 3, 708.31),
(610, 8, 20),
(610, 9, 1),
(611, 4, 11.67),
(611, 3, 58.33),
(612, 8, 20),
(612, 9, 1),
(613, 3, 216.67),
(613, 4, 8.67),
(614, 9, 1),
(614, 4, 14),
(614, 8, 20),
(614, 3, 50),
(615, 8, 20),
(615, 3, 83.33),
(615, 4, 20),
(615, 9, 1),
(616, 4, 22.75),
(616, 3, 54.17),
(616, 9, 1),
(616, 8, 20),
(617, 8, 20),
(617, 9, 1),
(618, 9, 1),
(618, 8, 20),
(619, 9, 1),
(619, 8, 20),
(620, 8, 20),
(620, 3, 76.67),
(620, 4, 21.47),
(620, 9, 1),
(621, 9, 2),
(621, 6, 1),
(621, 8, 40),
(622, 4, 16),
(622, 9, 1),
(622, 3, 66.67),
(622, 8, 20),
(623, 9, 1),
(623, 8, 20),
(624, 8, 20),
(625, 9, 2),
(625, 8, 20),
(625, 6, 2),
(626, 8, 20),
(626, 5, 6.11),
(626, 3, 122.22),
(626, 9, 1),
(626, 4, 35.44),
(627, 9, 1),
(627, 8, 20),
(627, 4, 6.86),
(627, 3, 342.84),
(628, 4, 27.2),
(628, 9, 1),
(628, 8, 20),
(628, 3, 113.33),
(629, 8, 20),
(629, 9, 1),
(630, 9, 1),
(630, 8, 20),
(631, 3, 66.67),
(631, 8, 20),
(631, 4, 10.67),
(631, 9, 1),
(632, 9, 1),
(632, 8, 20),
(633, 8, 20),
(633, 9, 1),
(634, 4, 5.56),
(634, 8, 20),
(634, 3, 55.56),
(634, 9, 1),
(635, 4, 8.33),
(635, 8, 20),
(635, 3, 83.33),
(635, 9, 1),
(636, 9, 1),
(636, 8, 20),
(637, 3, 222.16),
(637, 1, 1),
(638, 9, 1),
(638, 8, 20),
(639, 8, 20),
(639, 9, 1),
(639, 3, 166.67),
(639, 4, 26.67),
(640, 8, 20),
(640, 9, 1),
(641, 8, 20),
(641, 9, 1),
(642, 8, 20),
(642, 9, 1),
(643, 3, 583.35),
(643, 8, 20),
(643, 4, 11.67),
(643, 9, 1),
(644, 8, 20),
(644, 9, 1),
(645, 3, 83.33),
(645, 4, 26.67),
(645, 8, 20),
(645, 9, 1),
(646, 6, 1),
(646, 8, 40),
(646, 9, 2),
(647, 9, 2),
(647, 8, 40),
(647, 6, 1),
(648, 6, 4),
(648, 1, 1),
(648, 9, 5),
(648, 3, 216.65),
(648, 8, 100),
(649, 9, 5),
(649, 8, 100),
(649, 6, 4),
(650, 8, 20),
(650, 9, 1),
(651, 1, 1),
(652, 8, 20),
(652, 3, 71.22),
(652, 4, 34.19),
(652, 9, 1),
(653, 3, 50),
(653, 4, 24),
(654, 8, 460),
(654, 1, 10),
(654, 9, 23),
(655, 9, 1),
(655, 4, 24.93),
(655, 8, 20),
(655, 3, 113.33),
(656, 4, 24),
(656, 3, 400),
(657, 4, 13),
(657, 9, 1),
(657, 3, 50),
(657, 8, 20),
(658, 5, 7.14),
(658, 3, 142.86),
(658, 4, 35.71),
(659, 3, 83.33),
(659, 8, 20),
(659, 9, 1),
(659, 4, 18.33),
(660, 3, 66.67),
(660, 9, 1),
(660, 4, 9.33),
(660, 8, 20),
(661, 3, 58.33),
(661, 4, 10.5),
(662, 9, 1),
(662, 8, 20),
(663, 8, 20),
(663, 9, 1),
(664, 8, 20),
(664, 9, 1),
(665, 8, 20),
(665, 4, 21.67),
(665, 3, 54.17),
(665, 9, 1),
(666, 8, 20),
(666, 9, 1),
(667, 9, 1),
(667, 8, 20),
(668, 8, 20),
(668, 9, 1),
(669, 9, 1),
(669, 8, 20),
(670, 8, 20),
(670, 9, 1),
(671, 8, 20),
(671, 9, 1),
(672, 3, 83.33),
(672, 4, 6.67),
(672, 8, 20),
(672, 9, 1),
(673, 8, 20),
(673, 9, 1),
(674, 3, 83.33),
(674, 4, 20),
(674, 8, 20),
(674, 9, 1),
(675, 9, 1),
(675, 8, 20),
(676, 8, 20),
(676, 9, 1),
(677, 8, 20),
(677, 9, 1),
(678, 3, 66.67),
(678, 4, 14.67),
(679, 1, 1),
(680, 8, 20),
(680, 4, 12),
(680, 9, 1),
(680, 3, 50),
(681, 4, 25),
(681, 3, 83.33),
(681, 9, 1),
(681, 8, 20),
(682, 9, 1),
(682, 8, 20),
(683, 8, 20),
(683, 9, 1),
(684, 4, 23.33),
(684, 9, 1),
(684, 3, 166.67),
(684, 8, 20),
(685, 9, 1),
(685, 8, 20),
(686, 9, 1),
(686, 8, 20),
(687, 4, 24),
(687, 3, 850),
(688, 8, 20),
(688, 9, 1),
(689, 9, 1),
(689, 8, 20),
(690, 9, 1),
(690, 8, 20),
(691, 9, 1),
(691, 4, 32.76),
(691, 8, 20),
(691, 3, 71.22),
(692, 4, 15.89),
(692, 3, 61.11),
(693, 8, 20),
(693, 9, 1),
(694, 8, 20),
(694, 9, 1),
(695, 4, 19.93),
(695, 3, 76.67),
(695, 9, 1),
(695, 8, 20),
(696, 9, 1),
(696, 8, 20),
(697, 9, 4),
(697, 8, 80),
(697, 6, 3),
(698, 8, 20),
(698, 9, 1),
(699, 9, 1),
(699, 8, 20),
(700, 3, 83.33),
(700, 8, 20),
(700, 4, 16.67),
(700, 9, 1),
(701, 9, 1),
(701, 8, 20),
(702, 8, 20),
(702, 9, 1),
(703, 9, 1),
(703, 8, 20),
(704, 4, 12),
(704, 3, 50),
(704, 8, 20),
(704, 9, 1),
(705, 3, 55.56),
(705, 4, 20),
(705, 9, 1),
(705, 8, 20),
(706, 8, 20),
(706, 9, 1),
(707, 4, 18.33),
(707, 9, 1),
(707, 8, 20),
(707, 3, 83.33),
(708, 9, 2),
(708, 8, 40),
(708, 6, 1),
(709, 3, 76.67),
(709, 8, 20),
(709, 4, 18.4),
(709, 9, 1),
(710, 8, 20),
(710, 3, 113.33),
(710, 4, 22.67),
(710, 9, 1),
(711, 9, 1),
(711, 8, 20),
(712, 8, 20),
(712, 9, 1),
(713, 8, 20),
(713, 9, 1),
(714, 8, 20),
(714, 9, 1),
(715, 9, 1),
(715, 8, 20),
(716, 9, 1),
(716, 8, 20),
(717, 8, 20),
(717, 9, 1),
(718, 3, 166.67),
(718, 8, 20),
(718, 9, 1),
(718, 4, 20),
(719, 9, 1),
(719, 8, 20),
(720, 9, 1),
(720, 8, 20),
(721, 8, 20),
(721, 9, 1),
(722, 9, 1),
(722, 8, 20),
(722, 4, 5),
(722, 3, 83.33),
(723, 9, 1),
(723, 8, 20),
(723, 4, 8),
(723, 3, 399.97),
(724, 9, 1),
(724, 8, 20),
(725, 8, 20),
(725, 9, 1),
(726, 4, 13.33),
(726, 3, 66.67),
(726, 8, 20),
(726, 9, 1),
(727, 3, 50),
(727, 9, 1),
(727, 8, 20),
(727, 4, 11),
(728, 3, 83.33),
(728, 4, 23.33),
(728, 9, 1),
(728, 8, 20),
(729, 9, 1),
(729, 8, 20),
(730, 8, 20),
(730, 9, 1),
(731, 1, 4),
(732, 9, 1),
(732, 3, 54.17),
(732, 4, 20.58),
(732, 8, 20),
(733, 3, 400),
(733, 4, 16),
(734, 8, 20),
(734, 9, 1),
(735, 8, 20),
(735, 9, 1),
(736, 4, 18.89),
(736, 9, 1),
(736, 8, 20),
(736, 3, 55.56),
(737, 8, 20),
(737, 9, 1),
(738, 4, 15),
(738, 3, 83.33),
(738, 9, 1),
(738, 8, 20),
(739, 4, 11),
(739, 3, 50),
(739, 9, 1),
(739, 8, 20),
(740, 8, 20),
(740, 9, 1),
(741, 8, 20),
(741, 9, 1),
(742, 4, 16.67),
(742, 9, 1),
(742, 8, 20),
(742, 3, 83.33),
(743, 8, 20),
(743, 9, 1),
(744, 3, 83.33),
(744, 4, 3.33),
(744, 8, 20),
(744, 9, 1),
(745, 3, 122.22),
(745, 4, 28.11),
(745, 5, 6.11),
(746, 6, 1),
(746, 8, 20),
(746, 9, 1),
(747, 8, 20),
(747, 9, 1),
(748, 8, 20),
(748, 3, 66.67),
(748, 4, 12),
(748, 9, 1),
(749, 9, 1),
(749, 8, 20),
(749, 4, 40),
(749, 3, 83.33),
(750, 6, 1),
(750, 9, 2),
(750, 8, 40),
(751, 3, 76.67),
(751, 4, 16.87),
(751, 8, 20),
(751, 9, 1),
(752, 9, 1),
(752, 8, 20),
(753, 8, 20),
(753, 9, 1),
(754, 8, 40),
(754, 6, 1),
(754, 9, 2),
(755, 9, 1),
(755, 8, 20),
(756, 9, 1),
(756, 8, 20),
(757, 8, 20),
(757, 9, 1),
(758, 8, 20),
(758, 9, 1),
(759, 3, 50),
(759, 4, 6),
(759, 8, 20),
(759, 9, 1),
(760, 3, 166.67),
(760, 8, 20),
(760, 4, 16.67),
(760, 9, 1),
(761, 8, 20),
(761, 9, 1),
(762, 8, 20),
(762, 9, 1),
(763, 8, 20),
(763, 9, 1),
(764, 9, 1),
(764, 8, 20),
(765, 3, 1000),
(765, 4, 20),
(766, 1, 1),
(767, 4, 40),
(767, 3, 83.33),
(768, 8, 20),
(768, 9, 1),
(769, 8, 20),
(769, 9, 1),
(770, 3, 113.33),
(770, 8, 20),
(770, 4, 20.4),
(770, 9, 1),
(771, 8, 40),
(771, 9, 2),
(771, 6, 1),
(772, 4, 10),
(772, 3, 50),
(772, 8, 20),
(772, 9, 1),
(773, 4, 21.67),
(773, 3, 83.33),
(773, 8, 20),
(773, 9, 1),
(774, 3, 83.33),
(774, 4, 40),
(775, 8, 60),
(775, 9, 3),
(776, 9, 2),
(776, 6, 1),
(776, 8, 40),
(777, 3, 400),
(777, 8, 20),
(777, 9, 1),
(777, 4, 8),
(778, 3, 466.68),
(778, 8, 20),
(778, 4, 17.5),
(778, 9, 1),
(778, 5, 5.83),
(779, 1, 1),
(780, 3, 142.44),
(780, 4, 61.25),
(780, 5, 7.12),
(781, 4, 78.33),
(781, 3, 166.66),
(781, 5, 8.33),
(782, 1, 1),
(783, 8, 20),
(783, 3, 906.69),
(783, 4, 18.13),
(783, 9, 1),
(784, 3, 83.37),
(784, 8, 20),
(784, 4, 1.67),
(784, 9, 1),
(785, 9, 1),
(785, 8, 20),
(786, 1, 1),
(787, 9, 1),
(787, 8, 20),
(788, 4, 10.67),
(788, 8, 20),
(788, 3, 66.67),
(788, 9, 1),
(789, 9, 1),
(789, 8, 20),
(790, 9, 1),
(790, 8, 20),
(791, 8, 20),
(791, 3, 55.56),
(791, 4, 17.78),
(791, 9, 1),
(792, 3, 55.56),
(792, 4, 16.67),
(793, 3, 83.33),
(793, 9, 1),
(793, 8, 20),
(793, 4, 13.33),
(794, 8, 20),
(794, 9, 1),
(795, 4, 13.33),
(795, 3, 166.67),
(795, 8, 20),
(795, 9, 1),
(796, 4, 6),
(796, 3, 50),
(796, 9, 1),
(796, 8, 20),
(797, 9, 1),
(797, 8, 20),
(798, 9, 1),
(798, 3, 83.33),
(798, 8, 20),
(798, 4, 38.33),
(799, 8, 20),
(799, 9, 1),
(800, 9, 1),
(800, 4, 15.33),
(800, 3, 76.67),
(800, 8, 20),
(801, 9, 1),
(801, 8, 20),
(802, 8, 20),
(802, 9, 1),
(803, 8, 20),
(803, 4, 10),
(803, 3, 50),
(803, 9, 1),
(804, 6, 1),
(804, 9, 2),
(804, 8, 40),
(805, 3, 83.33),
(805, 4, 38.33),
(806, 4, 38.33),
(806, 8, 20),
(806, 3, 83.33),
(806, 9, 1),
(807, 3, 83.33),
(807, 9, 1),
(807, 8, 20),
(807, 4, 15),
(808, 9, 1),
(808, 4, 24),
(808, 8, 20),
(808, 3, 50),
(809, 8, 20),
(809, 9, 1),
(810, 5, 5.42),
(810, 9, 1),
(810, 3, 108.34),
(810, 4, 37.92),
(810, 8, 20),
(810, 6, 1),
(811, 8, 20),
(811, 9, 1),
(812, 8, 20),
(812, 9, 1),
(813, 8, 20),
(813, 9, 1),
(814, 8, 20),
(814, 9, 1),
(815, 4, 28.49),
(815, 9, 1),
(815, 3, 71.22),
(815, 8, 20),
(816, 8, 20),
(816, 9, 1),
(817, 3, 83.33),
(817, 4, 36.67),
(818, 8, 20),
(818, 9, 1),
(819, 8, 20),
(819, 9, 1),
(820, 1, 1),
(821, 3, 50),
(821, 9, 1),
(821, 4, 9),
(821, 8, 20),
(822, 9, 1),
(822, 4, 20),
(822, 3, 83.33),
(822, 8, 20),
(823, 1, 1),
(824, 3, 400),
(825, 3, 61.11),
(825, 4, 12.22),
(826, 8, 20),
(826, 9, 1),
(827, 8, 20),
(827, 9, 1),
(828, 3, 62.5),
(828, 4, 30),
(829, 4, 15.56),
(829, 3, 55.56),
(829, 9, 1),
(829, 8, 20),
(830, 8, 20),
(830, 9, 1),
(831, 9, 1),
(831, 8, 20),
(832, 9, 1),
(832, 8, 20),
(833, 4, 20),
(833, 9, 1),
(833, 8, 20),
(833, 3, 83.33),
(834, 9, 1),
(834, 8, 20),
(835, 8, 20),
(835, 9, 1),
(836, 9, 1),
(836, 8, 20),
(837, 9, 1),
(837, 3, 76.67),
(837, 4, 13.8),
(837, 8, 20),
(838, 4, 13.33),
(838, 3, 83.33),
(838, 8, 20),
(838, 9, 1),
(839, 6, 1),
(839, 3, 54.17),
(839, 9, 2),
(839, 4, 17.33),
(839, 8, 40),
(840, 9, 1),
(840, 3, 83.33),
(840, 4, 30),
(840, 8, 20),
(841, 3, 83.33),
(841, 8, 20),
(841, 9, 1),
(841, 4, 18.33),
(842, 8, 20),
(842, 9, 1),
(843, 9, 1),
(843, 8, 20),
(844, 3, 83.33),
(844, 9, 1),
(844, 8, 20),
(844, 4, 36.67),
(845, 9, 1),
(845, 8, 20),
(846, 4, 10),
(846, 9, 1),
(846, 8, 20),
(846, 3, 166.67),
(847, 8, 20),
(847, 9, 1),
(848, 4, 6),
(848, 3, 50),
(848, 8, 20),
(848, 9, 1),
(849, 8, 20),
(849, 9, 1),
(850, 8, 20),
(850, 9, 1),
(851, 8, 20),
(851, 9, 1),
(851, 4, 11.67),
(851, 3, 83.33),
(852, 8, 20),
(852, 9, 1),
(853, 9, 1),
(853, 8, 20),
(854, 8, 20),
(854, 9, 1),
(855, 8, 20),
(855, 9, 1),
(856, 8, 20),
(856, 9, 1),
(857, 3, 83.34),
(857, 8, 40),
(857, 4, 19.17),
(857, 9, 2),
(858, 3, 50),
(858, 8, 20),
(858, 4, 9),
(858, 9, 1),
(859, 1, 1),
(859, 3, 812.47),
(860, 3, 466.64),
(860, 4, 9.33),
(860, 1, 1),
(861, 4, 35),
(861, 3, 83.33),
(862, 8, 20),
(862, 9, 1),
(862, 4, 36.67),
(862, 3, 83.33),
(863, 4, 36.67),
(863, 3, 83.33),
(864, 4, 24),
(864, 3, 200),
(865, 9, 1),
(865, 3, 50),
(865, 4, 23),
(865, 8, 20),
(866, 4, 54.29),
(866, 3, 285.72),
(866, 5, 28.57),
(867, 4, 10),
(867, 3, 83.33),
(867, 8, 20),
(867, 9, 1),
(868, 3, 50),
(868, 8, 20),
(868, 4, 22),
(868, 9, 1),
(869, 1, 1),
(869, 3, 1353.21),
(869, 4, 52.7),
(869, 5, 7.12),
(869, 9, 1),
(869, 8, 20),
(870, 4, 40),
(870, 8, 20),
(870, 3, 83.33),
(870, 9, 1),
(871, 8, 20),
(871, 9, 1),
(872, 3, 122.22),
(872, 4, 20.78),
(872, 6, 1),
(872, 5, 6.11),
(872, 8, 40),
(872, 9, 2),
(873, 9, 1),
(873, 8, 20),
(874, 4, 20),
(874, 3, 200),
(875, 8, 20),
(875, 9, 1),
(876, 8, 20),
(876, 9, 1),
(877, 3, 83.33),
(877, 4, 16.67),
(877, 8, 20),
(877, 9, 1),
(878, 4, 28.33),
(878, 3, 83.33),
(878, 8, 20),
(878, 9, 1),
(879, 9, 1),
(879, 8, 20),
(880, 9, 1),
(880, 8, 20),
(881, 3, 83.33),
(881, 4, 11.67),
(881, 9, 1),
(881, 8, 20),
(882, 9, 1),
(882, 8, 20),
(883, 3, 27.78),
(883, 4, 10),
(883, 9, 1),
(883, 8, 20),
(884, 3, 83.33),
(884, 4, 35),
(884, 9, 1),
(884, 8, 20),
(885, 8, 20),
(885, 9, 1),
(886, 9, 1),
(886, 8, 20),
(887, 4, 6.67),
(887, 8, 20),
(887, 3, 333.3),
(887, 9, 1),
(888, 4, 6),
(888, 8, 40),
(888, 3, 50),
(888, 9, 2),
(889, 8, 20),
(889, 9, 1),
(890, 8, 40),
(890, 6, 1),
(890, 9, 2),
(891, 3, 83.33),
(891, 4, 33.33),
(892, 3, 62.5),
(892, 4, 28.75),
(893, 3, 83.33),
(893, 4, 40),
(894, 9, 1),
(894, 8, 20),
(895, 9, 1),
(895, 8, 20),
(896, 8, 20),
(896, 9, 1),
(897, 6, 2),
(897, 8, 60),
(897, 9, 3),
(898, 3, 41.67),
(898, 4, 8.33),
(898, 8, 20),
(898, 9, 1),
(898, 6, 1),
(899, 8, 20),
(899, 9, 1),
(900, 4, 35),
(900, 9, 1),
(900, 8, 20),
(900, 3, 83.33),
(901, 3, 83.33),
(901, 4, 35),
(902, 9, 1),
(902, 8, 20),
(903, 3, 55.56),
(903, 8, 20),
(903, 4, 14.44),
(903, 9, 1),
(904, 6, 1),
(904, 8, 40),
(904, 9, 2),
(905, 8, 20),
(905, 9, 1),
(906, 4, 18.33),
(906, 8, 20),
(906, 3, 83.33),
(906, 9, 1),
(907, 8, 20),
(907, 9, 1),
(908, 3, 50),
(908, 4, 8),
(908, 8, 20),
(908, 9, 1),
(909, 8, 20),
(909, 9, 1),
(910, 1, 1),
(910, 3, 613.31),
(910, 4, 12.27),
(911, 1, 1),
(912, 1, 1),
(913, 1, 1),
(914, 3, 71.43),
(914, 5, 7.14),
(914, 4, 10),
(915, 9, 1),
(915, 8, 20),
(916, 4, 7),
(916, 8, 20),
(916, 3, 50),
(916, 9, 1),
(917, 3, 83.33),
(917, 8, 20),
(917, 9, 1),
(917, 4, 8.33),
(918, 8, 20),
(918, 9, 1),
(919, 3, 200),
(919, 4, 16),
(920, 9, 1),
(920, 8, 20),
(921, 3, 50),
(921, 8, 20),
(921, 4, 21),
(921, 9, 1),
(922, 8, 20),
(922, 9, 1),
(923, 3, 41.67),
(923, 8, 20),
(923, 9, 1),
(923, 4, 10),
(924, 8, 20),
(924, 9, 1),
(925, 1, 0.25),
(926, 9, 1),
(926, 8, 20),
(927, 4, 18.33),
(927, 3, 166.66),
(927, 8, 20),
(927, 9, 1),
(928, 9, 1),
(928, 8, 20),
(929, 9, 1),
(929, 8, 20),
(930, 3, 83.33),
(930, 4, 33.33),
(931, 8, 20),
(931, 4, 9.44),
(931, 9, 1),
(931, 3, 27.78),
(932, 9, 1),
(932, 8, 20),
(933, 8, 20),
(933, 9, 1),
(934, 4, 31.67),
(934, 3, 83.33),
(934, 9, 1),
(934, 8, 20),
(935, 9, 1),
(935, 8, 20),
(936, 3, 50),
(936, 4, 6),
(937, 9, 1),
(937, 8, 20),
(938, 1, 10),
(939, 1, 10),
(940, 1, 10),
(941, 3, 83.33),
(941, 4, 20),
(941, 8, 20),
(941, 9, 1),
(942, 3, 62.5),
(942, 4, 27.5),
(943, 3, 71.43),
(943, 9, 1),
(943, 4, 8.57),
(944, 9, 1),
(944, 8, 20),
(945, 8, 20),
(945, 9, 1),
(946, 4, 40),
(946, 3, 83.33),
(947, 3, 83.33),
(947, 4, 33.33),
(947, 8, 20),
(947, 9, 1),
(948, 3, 83.33),
(948, 4, 33.33),
(949, 3, 41.67),
(949, 4, 7.5),
(949, 8, 20),
(949, 9, 1),
(950, 3, 83.33),
(950, 4, 26.67),
(950, 9, 1),
(950, 8, 20),
(951, 3, 83.33),
(951, 8, 20),
(951, 9, 1),
(951, 4, 15),
(952, 8, 20),
(952, 9, 1),
(953, 4, 13.33),
(953, 3, 55.48),
(953, 9, 1),
(953, 8, 20),
(954, 8, 20),
(954, 9, 1),
(955, 3, 83.33),
(955, 4, 16.67),
(955, 9, 1),
(955, 8, 20),
(956, 8, 20),
(957, 4, 38.33),
(957, 3, 83.33),
(957, 8, 20),
(957, 9, 1),
(958, 3, 83.33),
(958, 4, 40),
(958, 6, 1),
(958, 8, 20),
(958, 9, 1),
(958, 5, 8.33),
(959, 1, 2),
(960, 8, 20),
(960, 9, 1),
(961, 8, 20),
(961, 9, 1),
(962, 8, 20),
(962, 9, 1),
(963, 8, 20),
(963, 9, 1),
(964, 9, 1),
(964, 8, 20),
(965, 8, 20),
(965, 3, 50),
(965, 4, 6),
(965, 9, 1),
(966, 4, 6.67),
(966, 3, 83.33),
(966, 8, 20),
(966, 9, 1),
(967, 8, 20),
(967, 9, 1),
(968, 4, 15.89),
(968, 3, 122.22),
(968, 9, 1),
(968, 8, 20),
(968, 5, 6.11),
(969, 4, 20),
(969, 8, 20),
(969, 3, 50),
(969, 9, 1),
(970, 3, 200),
(970, 4, 12),
(971, 3, 83.33),
(971, 4, 31.67),
(972, 4, 12.22),
(972, 3, 55.56),
(972, 9, 1),
(972, 8, 20),
(973, 9, 1),
(973, 8, 20),
(974, 4, 6.67),
(974, 3, 41.67),
(974, 9, 1),
(974, 8, 20),
(975, 3, 83.33),
(975, 4, 31.67),
(975, 8, 20),
(975, 9, 1),
(976, 9, 1),
(976, 8, 20),
(977, 3, 41.67),
(977, 4, 9.17),
(977, 9, 1),
(977, 8, 20),
(978, 4, 10.8),
(978, 3, 120),
(978, 6, 1),
(978, 8, 20),
(978, 9, 2),
(978, 5, 6),
(979, 9, 1),
(979, 8, 20),
(980, 3, 83.33),
(980, 4, 36.67),
(980, 8, 20),
(980, 9, 1),
(981, 3, 50),
(981, 4, 6),
(981, 9, 1),
(981, 8, 20),
(982, 4, 30),
(982, 3, 1500),
(982, 8, 20),
(982, 9, 1),
(983, 9, 1),
(983, 8, 20),
(984, 8, 20),
(984, 9, 1),
(985, 3, 83.33),
(985, 4, 31.67),
(985, 9, 1),
(985, 8, 20),
(986, 4, 40),
(986, 8, 20),
(986, 9, 1),
(986, 3, 83.33),
(987, 3, 166.66),
(987, 5, 16.67),
(987, 4, 75),
(988, 8, 20),
(988, 9, 1),
(989, 3, 83.33),
(989, 8, 20),
(989, 4, 15),
(989, 9, 1),
(990, 3, 83.33),
(990, 4, 40),
(990, 5, 8.33),
(991, 8, 20),
(991, 9, 1),
(992, 3, 27.78),
(992, 4, 8.89),
(992, 8, 20),
(992, 9, 1),
(993, 4, 13.33),
(993, 3, 83.33),
(993, 8, 20),
(993, 9, 1),
(994, 3, 83.33),
(994, 8, 20),
(994, 9, 1),
(994, 4, 25),
(995, 3, 291.65),
(996, 1, 1.4),
(997, 3, 83.33),
(997, 4, 38.33),
(998, 3, 83.33),
(998, 6, 1),
(998, 8, 40),
(998, 9, 2),
(998, 4, 38.33),
(998, 5, 8.33),
(999, 3, 583.37),
(1000, 4, 36.67),
(1000, 9, 1),
(1000, 3, 1833.34),
(1000, 8, 20),
(1001, 5, 8.33),
(1001, 4, 71.67),
(1001, 9, 1),
(1001, 3, 1833.34),
(1001, 8, 20),
(1002, 3, 83.33),
(1002, 9, 1),
(1002, 4, 30),
(1002, 8, 20),
(1003, 3, 83.33),
(1003, 4, 30),
(1004, 3, 83.33),
(1004, 9, 1),
(1004, 4, 5),
(1004, 8, 20),
(1005, 4, 19),
(1005, 9, 1),
(1005, 3, 50),
(1005, 8, 20),
(1006, 3, 66.67),
(1006, 4, 32),
(1006, 9, 1),
(1006, 8, 20),
(1007, 4, 3.6),
(1007, 6, 1),
(1007, 9, 2),
(1007, 3, 60),
(1007, 8, 40),
(1008, 3, 61.11),
(1008, 4, 6.11),
(1008, 9, 1),
(1008, 8, 20),
(1009, 9, 1),
(1009, 8, 20),
(1010, 9, 1),
(1010, 8, 20),
(1011, 9, 1),
(1011, 8, 20),
(1012, 9, 1),
(1012, 8, 20),
(1013, 9, 1),
(1013, 8, 20),
(1014, 9, 1),
(1014, 8, 20),
(1015, 9, 1),
(1015, 8, 20),
(1016, 9, 1),
(1016, 8, 20),
(1017, 9, 1),
(1017, 8, 20),
(1018, 9, 1),
(1018, 8, 20),
(1019, 4, 38.33),
(1019, 3, 83.33),
(1019, 9, 1),
(1019, 8, 20),
(1020, 3, 55.56),
(1020, 4, 11.11),
(1020, 9, 1),
(1020, 8, 20),
(1021, 6, 1),
(1021, 9, 2),
(1021, 8, 40),
(1022, 6, 1),
(1022, 9, 2),
(1022, 8, 40),
(1023, 1, 1),
(1023, 4, 50),
(1023, 9, 1),
(1023, 3, 104.17),
(1023, 8, 20),
(1024, 4, 23.33),
(1024, 9, 1),
(1024, 3, 83.33),
(1024, 8, 20),
(1025, 6, 1),
(1025, 9, 2),
(1025, 8, 40),
(1026, 3, 41.67),
(1026, 4, 8.33),
(1026, 9, 1),
(1026, 8, 20),
(1027, 9, 1),
(1027, 8, 20),
(1028, 9, 1),
(1028, 8, 20),
(1029, 9, 1),
(1029, 8, 20),
(1030, 3, 83.33),
(1030, 4, 13.33),
(1030, 9, 1),
(1030, 8, 20),
(1031, 3, 166.66),
(1031, 4, 58.33),
(1031, 5, 8.33),
(1032, 4, 30),
(1032, 3, 83.33),
(1033, 3, 27.78),
(1033, 4, 8.33),
(1033, 9, 1),
(1033, 8, 20),
(1034, 9, 1),
(1034, 8, 20),
(1035, 4, 51.25),
(1035, 3, 1312.5),
(1035, 5, 6.25),
(1036, 3, 166.66),
(1036, 6, 1),
(1036, 5, 8.33),
(1036, 9, 2),
(1036, 4, 75),
(1036, 8, 40),
(1037, 3, 83.33),
(1037, 4, 6.67),
(1037, 9, 1),
(1037, 8, 20),
(1038, 3, 1750.01),
(1038, 4, 35),
(1038, 9, 1),
(1038, 8, 20),
(1039, 1, 1),
(1040, 6, 2),
(1040, 9, 3),
(1040, 8, 60),
(1041, 3, 166.66),
(1041, 4, 68.33),
(1041, 5, 8.33),
(1042, 5, 8.33),
(1042, 9, 2),
(1042, 6, 1),
(1042, 4, 35),
(1042, 8, 40),
(1042, 3, 166.66),
(1043, 3, 62.5),
(1043, 9, 1),
(1043, 4, 30),
(1043, 8, 20),
(1044, 1, 1),
(1044, 4, 8),
(1044, 6, 5),
(1044, 3, 400),
(1044, 9, 6),
(1044, 8, 120),
(1045, 4, 5),
(1045, 3, 250),
(1046, 1, 1.4),
(1047, 1, 10),
(1047, 9, 10),
(1047, 8, 640),
(1048, 9, 1),
(1048, 8, 20),
(1049, 3, 66.67),
(1049, 4, 30.67),
(1049, 9, 1),
(1049, 8, 20),
(1050, 3, 166.67),
(1050, 4, 40),
(1050, 9, 1),
(1050, 8, 20),
(1051, 9, 1),
(1051, 4, 3.33),
(1051, 3, 83.33),
(1051, 8, 20),
(1052, 3, 83.33),
(1052, 9, 1),
(1052, 4, 5),
(1052, 8, 20),
(1053, 9, 1),
(1053, 8, 20),
(1054, 4, 18),
(1054, 9, 1),
(1054, 3, 50),
(1054, 8, 20),
(1055, 5, 7.14),
(1055, 4, 7.14),
(1055, 3, 71.43),
(1056, 9, 1),
(1056, 8, 20),
(1057, 4, 7.5),
(1057, 9, 1),
(1057, 3, 41.67),
(1057, 8, 20),
(1058, 9, 1),
(1058, 8, 20),
(1059, 4, 28.33),
(1059, 3, 83.33),
(1059, 9, 1),
(1059, 8, 20),
(1060, 3, 83.33),
(1060, 4, 28.33),
(1061, 3, 55.56),
(1061, 4, 10),
(1062, 4, 28.33),
(1062, 3, 83.33),
(1063, 3, 83.33),
(1063, 9, 1),
(1063, 4, 36.67),
(1063, 8, 20),
(1064, 9, 1),
(1064, 8, 20),
(1065, 9, 1),
(1065, 8, 20),
(1066, 9, 1),
(1066, 8, 20),
(1067, 9, 1),
(1067, 8, 20),
(1068, 9, 1),
(1068, 8, 20),
(1069, 4, 15),
(1069, 3, 83.33),
(1070, 9, 1),
(1070, 8, 20),
(1071, 3, 60),
(1071, 4, 2.4),
(1072, 3, 83.33),
(1072, 9, 1),
(1072, 4, 21.67),
(1072, 8, 20),
(1073, 3, 104.17),
(1073, 9, 1),
(1073, 4, 47.92),
(1073, 8, 20),
(1074, 9, 1),
(1074, 8, 20),
(1075, 9, 1),
(1075, 8, 20),
(1076, 1, 1),
(1077, 9, 1),
(1077, 8, 20),
(1078, 9, 1),
(1078, 8, 20),
(1079, 9, 1),
(1079, 8, 20),
(1080, 9, 1),
(1080, 8, 20),
(1081, 9, 1),
(1081, 8, 20),
(1082, 9, 1),
(1082, 8, 20),
(1083, 3, 83.33),
(1083, 4, 26.67),
(1084, 9, 1),
(1084, 8, 20),
(1085, 4, 7.78),
(1085, 3, 27.78),
(1085, 9, 1),
(1085, 8, 20),
(1086, 4, 35),
(1086, 3, 83.33),
(1086, 9, 1),
(1086, 8, 20),
(1087, 3, 83.33),
(1087, 4, 11.67),
(1087, 9, 1),
(1087, 8, 20),
(1088, 3, 166.67),
(1088, 9, 1),
(1088, 4, 40),
(1088, 8, 20),
(1089, 1, 1),
(1090, 3, 166.67),
(1090, 9, 1),
(1090, 4, 36.67),
(1090, 8, 20),
(1093, 9, 2),
(1093, 8, 40),
(1093, 3, 60),
(1093, 4, 1.2),
(1094, 9, 1),
(1094, 8, 20),
(1095, 4, 8.56),
(1095, 3, 122.22),
(1095, 5, 6.11),
(1095, 9, 1),
(1095, 8, 20),
(1096, 9, 1),
(1096, 8, 20),
(1097, 9, 1),
(1097, 8, 20),
(1098, 3, 55.56),
(1098, 4, 8.89),
(1098, 9, 2),
(1098, 8, 40),
(1099, 4, 17),
(1099, 9, 1),
(1099, 3, 50),
(1099, 8, 20),
(1100, 9, 1),
(1100, 8, 20),
(1101, 9, 1),
(1101, 8, 20),
(1102, 3, 166.7),
(1102, 4, 3.33),
(1102, 9, 2),
(1102, 8, 40),
(1103, 3, 83.37),
(1103, 4, 1.67),
(1103, 9, 1),
(1103, 8, 20),
(1104, 3, 66.67),
(1104, 9, 1),
(1104, 4, 29.33),
(1104, 8, 20),
(1105, 9, 1),
(1105, 8, 20),
(1106, 3, 125),
(1106, 4, 56.25),
(1106, 6, 1),
(1106, 9, 2),
(1106, 5, 6.25),
(1106, 8, 40),
(1107, 3, 83.33),
(1107, 4, 40),
(1107, 9, 1),
(1107, 8, 20),
(1108, 9, 1),
(1108, 8, 20),
(1109, 9, 1),
(1109, 8, 20),
(1110, 9, 1),
(1110, 8, 20),
(1111, 3, 27.78),
(1111, 4, 7.22),
(1111, 9, 1),
(1111, 8, 20),
(1112, 9, 1),
(1112, 8, 20),
(1113, 9, 1),
(1113, 8, 20),
(1114, 3, 83.33),
(1114, 4, 26.67),
(1114, 9, 1),
(1114, 8, 20),
(1115, 3, 83.33),
(1115, 4, 26.67),
(1116, 4, 35),
(1116, 6, 1),
(1116, 9, 1),
(1116, 3, 83.33),
(1116, 8, 20),
(1117, 9, 1),
(1117, 8, 20),
(1118, 3, 83.33),
(1118, 9, 1),
(1118, 4, 26.67),
(1118, 8, 20),
(1119, 9, 1),
(1119, 8, 20),
(1120, 9, 1),
(1120, 8, 20),
(1121, 9, 1),
(1121, 8, 20),
(1122, 3, 83.33),
(1122, 4, 31.67),
(1122, 5, 8.33),
(1123, 3, 83.33),
(1123, 4, 13.33),
(1123, 9, 2),
(1123, 8, 40),
(1124, 3, 71.43),
(1124, 4, 5.71),
(1124, 5, 7.14),
(1125, 3, 104.17),
(1125, 4, 45.83),
(1125, 9, 1),
(1125, 8, 20),
(1126, 3, 83.33),
(1126, 4, 20),
(1126, 9, 1),
(1126, 8, 20),
(1127, 1, 1),
(1127, 3, 583.35),
(1128, 3, 41.67),
(1128, 4, 6.67),
(1128, 9, 1),
(1128, 8, 20),
(1129, 9, 2),
(1129, 8, 40),
(1130, 3, 83.33),
(1130, 4, 10),
(1130, 9, 1),
(1130, 8, 20),
(1131, 3, 166.67),
(1131, 4, 36.67),
(1131, 9, 1),
(1131, 8, 20);

-- --------------------------------------------------------

--
-- Estructura de tabla para la tabla `Entry_type`
--

CREATE TABLE `Entry_type` (
  `id` int(11) NOT NULL,
  `description` varchar(100) NOT NULL
) ENGINE=InnoDB DEFAULT CHARSET=utf8mb4 COLLATE=utf8mb4_general_ci;

--
-- Volcado de datos para la tabla `Entry_type`
--

INSERT INTO `Entry_type` (`id`, `description`) VALUES
(1, 'Aporte para gastos de Administración'),
(2, 'Fondo desgravamen'),
(3, 'Cuota capital préstamo'),
(4, 'Intereses préstamo'),
(5, 'Intereses mora'),
(6, 'Multas atrasos de aportes'),
(7, 'Multa inasistencias'),
(8, 'Aportes de capital'),
(9, 'Aportes fondo estratégico'),
(10, 'Depósitos a plazo fijo'),
(11, 'Otros ingresos');

-- --------------------------------------------------------

--
-- Estructura de tabla para la tabla `Loan`
--

CREATE TABLE `Loan` (
  `number` int(11) NOT NULL,
  `account` int(11) NOT NULL,
  `date` date NOT NULL,
  `value` float DEFAULT NULL,
  `term` int(11) DEFAULT NULL,
  `rate` float DEFAULT NULL,
  `is_end` tinyint(1) DEFAULT 0,
  `guarantor1_account` int(11) DEFAULT NULL,
  `guarantor2_account` int(11) DEFAULT NULL,
  `debt` float NOT NULL DEFAULT 0
) ENGINE=InnoDB DEFAULT CHARSET=utf8mb4 COLLATE=utf8mb4_general_ci;

--
-- Volcado de datos para la tabla `Loan`
--

INSERT INTO `Loan` (`number`, `account`, `date`, `value`, `term`, `rate`, `is_end`, `guarantor1_account`, `guarantor2_account`, `debt`) VALUES
(1, 20, '2022-07-02', 115, 1, 2, 1, NULL, NULL, 0),
(2, 12, '2022-07-02', 115, 6, 2, 1, NULL, NULL, 0),
(3, 4, '2022-07-02', 115, 2, 2, 1, NULL, NULL, 0),
(4, 23, '2022-07-02', 0, 0, 0, 1, NULL, NULL, 0),
(5, 24, '2022-07-02', 150, 6, 2, 1, NULL, NULL, 0),
(6, 26, '2022-07-02', 100, 2, 2, 1, NULL, NULL, 0),
(7, 28, '2022-08-06', 136, 2, 2, 1, NULL, NULL, 0),
(8, 47, '2022-08-06', 136, 2, 2, 1, NULL, NULL, 0),
(9, 23, '2022-08-06', 0, 0, 0, 1, NULL, NULL, 0),
(10, 1, '2022-08-06', 300, 6, 2, 1, 20, NULL, 0),
(11, 20, '2022-08-06', 300, 6, 2, 1, 13, NULL, 0),
(12, 23, '2022-08-06', 0, 0, 0, 1, NULL, NULL, 0),
(13, 45, '2022-08-06', 92, 5, 2, 1, NULL, NULL, 0),
(14, 46, '2022-08-06', 76, 5, 2, 1, NULL, NULL, 0),
(15, 48, '2022-09-03', 200, 6, 2, 1, 16, NULL, 0),
(16, 21, '2022-10-01', 178, 6, 2, 1, NULL, NULL, 0),
(17, 14, '2022-10-01', 200, 6, 2, 1, 12, NULL, 0),
(18, 28, '2022-10-01', 200, 6, 2, 1, 47, NULL, 0),
(19, 4, '2022-10-01', 300, 3, 2, 1, 16, NULL, 0),
(20, 20, '2022-10-01', 1500, 24, 2, 1, 17, 19, 0),
(21, 13, '2022-10-01', 600, 7, 2, 1, 23, NULL, 0),
(22, 48, '2022-11-12', 340, 8, 2, 1, 16, NULL, 0),
(23, 26, '2022-11-12', 1000, 18, 2, 1, 41, NULL, 0),
(24, 47, '2022-11-12', 500, 5, 2, 1, 26, NULL, 0),
(25, 3, '2022-11-12', 199, 3, 2, 1, NULL, NULL, 0),
(26, 35, '2022-11-12', 200, 1, 2, 1, NULL, NULL, 0),
(27, 31, '2022-11-12', 200, 4, 2, 1, NULL, NULL, 0),
(28, 33, '2022-12-03', 100, 4, 2, 1, NULL, NULL, 0),
(29, 4, '2022-12-03', 1200, 24, 2, 1, 5, NULL, 0),
(30, 2, '2022-12-03', 1000, 24, 2, 1, 20, NULL, 0),
(31, 38, '2023-01-07', 241, 6, 2, 1, NULL, NULL, 0),
(32, 50, '2023-01-07', 241, 6, 2, 1, NULL, NULL, 0),
(33, 1, '2023-01-07', 1000, 12, 2, 1, NULL, NULL, 0),
(34, 48, '2023-02-04', 1000, 12, 2, 1, 46, NULL, 0),
(35, 19, '2023-02-04', 1200, 24, 2, 1, 43, NULL, 0),
(36, 5, '2023-02-04', 300, 6, 2, 1, 4, NULL, 0),
(37, 28, '2023-03-04', 500, 12, 2, 1, 47, NULL, 0),
(38, 14, '2023-03-04', 1200, 12, 2, 1, 12, NULL, 0),
(39, 23, '2023-03-04', 0, 0, 0, 1, NULL, NULL, 0),
(40, 45, '2023-03-04', 500, 8, 2, 1, NULL, NULL, 0),
(41, 46, '2023-05-06', 500, 12, 2, 1, 1, NULL, 0),
(42, 21, '2023-05-06', 200, 6, 2, 1, NULL, NULL, 0),
(43, 50, '2023-05-06', 1000, 15, 2, 1, NULL, NULL, 0),
(44, 9, '2023-05-06', 1000, 12, 2, 1, 41, NULL, 0),
(45, 22, '2023-05-06', 1000, 15, 2, 1, 4, NULL, 0),
(46, 13, '2023-05-06', 400, 5, 2, 1, NULL, NULL, 0),
(47, 20, '2023-05-06', 1000, 24, 2, 1, 2, NULL, 0),
(48, 47, '2023-06-03', 600, 14, 2, 1, 28, NULL, 0),
(49, 1, '2023-06-03', 1200, 24, 2, 1, NULL, NULL, 0),
(50, 3, '2023-06-03', 1200, 24, 2, 1, NULL, NULL, 0),
(51, 35, '2023-07-01', 1000, 12, 2, 1, NULL, NULL, 0),
(52, 22, '2023-08-05', 1300, 6, 2, 1, NULL, NULL, 0),
(53, 53, '2023-08-05', 1500, 20, 2, 1, 51, NULL, 0),
(54, 21, '2023-08-05', 1100, 18, 2, 0, 4, NULL, 122.24),
(55, 48, '2023-08-05', 2000, 12, 2, 1, NULL, NULL, 0),
(56, 17, '2023-09-02', 1000, 15, 2, 1, 13, NULL, 0),
(57, 2, '2023-09-02', 1300, 24, 2, 1, 40, NULL, 0),
(58, 28, '2023-09-02', 1700, 15, 2, 1, 23, NULL, 0),
(59, 14, '2023-10-07', 1500, 18, 2, 1, 12, NULL, 0),
(60, 1, '2023-10-07', 700, 12, 2, 1, 12, NULL, 0),
(61, 30, '2023-11-11', 1000, 14, 2, 0, NULL, NULL, 214.27),
(62, 4, '2023-11-11', 1150, 15, 2, 1, 5, NULL, 0),
(63, 38, '2023-12-09', 1000, 12, 2, 1, NULL, NULL, 0),
(64, 20, '2023-12-09', 1709.31, 24, 2, 1, NULL, NULL, 0),
(65, 26, '2024-01-06', 1000, 12, 2, 1, 41, NULL, 0),
(66, 22, '2024-01-06', 1200, 3, 2, 1, 13, NULL, 0),
(67, 12, '2024-01-06', 600, 12, 2, 1, NULL, NULL, 0),
(68, 40, '2024-02-03', 1000, 18, 2, 0, NULL, NULL, 388.84),
(69, 37, '2024-02-03', 2000, 24, 2, 0, 18, NULL, 1250.03),
(70, 50, '2024-03-02', 2000, 24, 2, 0, 46, NULL, 1250.03),
(71, 16, '2024-03-02', 2000, 24, 2, 0, 50, NULL, 1250.03),
(72, 18, '2024-03-02', 1000, 24, 2, 1, NULL, NULL, 0),
(73, 31, '2024-03-02', 300, 6, 2, 1, NULL, NULL, 0),
(74, 46, '2024-03-02', 2000, 24, 2, 0, NULL, NULL, 1250.03),
(75, 5, '2024-04-06', 500, 12, 2, 1, NULL, NULL, 0),
(76, 22, '2024-04-08', 1200, 24, 2, 0, NULL, NULL, 800),
(77, 24, '2024-05-02', 2000, 24, 2, 0, NULL, NULL, 1500.02),
(78, 1, '2024-05-06', 1200, 6, 2, 1, NULL, NULL, 0),
(79, 9, '2024-05-11', 1000, 12, 2, 0, NULL, NULL, 416.69),
(80, 18, '2024-05-11', 1500, 24, 2, 1, NULL, NULL, 0),
(81, 12, '2024-05-11', 1500, 18, 2, 0, NULL, NULL, 916.69),
(82, 2, '2024-06-01', 2000, 24, 2, 1, 13, NULL, 0),
(83, 17, '2024-06-01', 2000, 24, 2, 1, 20, NULL, 0),
(84, 49, '2024-06-01', 500, 18, 2, 0, NULL, NULL, 333.32),
(85, 20, '2024-07-05', 2000, 24, 2, 0, NULL, NULL, 1666.68),
(86, 47, '2024-07-06', 300, 5, 2, 1, NULL, NULL, 0),
(87, 51, '2024-07-06', 500, 12, 2, 0, NULL, NULL, 291.65),
(88, 4, '2024-07-06', 1000, 12, 2, 1, NULL, NULL, 0),
(89, 13, '2024-07-06', 2000, 24, 2, 1, 17, NULL, 0),
(90, 48, '2024-08-03', 1500, 24, 2, 1, NULL, NULL, 0),
(91, 45, '2024-08-03', 2000, 24, 2, 0, NULL, NULL, 1666.68),
(92, 5, '2024-09-07', 1500, 24, 2, 0, NULL, NULL, 1312.5),
(93, 28, '2024-09-07', 1600, 24, 2, 0, NULL, NULL, 1399.99),
(94, 14, '2024-09-09', 2500, 24, 2, 0, NULL, NULL, 2187.49),
(95, 41, '2024-10-05', 2000, 12, 2, 0, NULL, NULL, 1666.66),
(96, 1, '2024-10-05', 1200, 18, 2, 0, NULL, NULL, 1200),
(97, 56, '2024-10-09', 2000, 12, 2, 0, 13, NULL, 1666.66),
(98, 43, '2024-11-09', 2000, 24, 2, 0, 46, NULL, 1916.67),
(99, 17, '2024-12-07', 600, 12, 2, 0, NULL, NULL, 600),
(100, 13, '2024-12-07', 300, 1, 2, 0, NULL, NULL, 300),
(101, 4, '2024-12-07', 1785, 11, 2, 0, 13, NULL, 1785);

-- --------------------------------------------------------

--
-- Estructura de tabla para la tabla `Loan_detail`
--

CREATE TABLE `Loan_detail` (
  `id` int(11) NOT NULL,
  `loan_number` int(11) DEFAULT NULL,
  `fee_number` int(11) NOT NULL,
  `payment_date` date NOT NULL,
  `fee_value` float NOT NULL,
  `interest` float NOT NULL,
  `fee_total` float NOT NULL,
  `balance_after_pay` float DEFAULT NULL,
  `is_paid` tinyint(1) DEFAULT 0,
  `entry_number` int(11) DEFAULT NULL
) ENGINE=InnoDB DEFAULT CHARSET=utf8mb4 COLLATE=utf8mb4_general_ci;

--
-- Volcado de datos para la tabla `Loan_detail`
--

INSERT INTO `Loan_detail` (`id`, `loan_number`, `fee_number`, `payment_date`, `fee_value`, `interest`, `fee_total`, `balance_after_pay`, `is_paid`, `entry_number`) VALUES
(1, 1, 1, '2022-08-06', 115, 2.3, 117.3, 0, 1, 24),
(3, 2, 1, '2022-08-06', 19.17, 2.3, 21.47, 95.83, 1, 25),
(4, 2, 2, '2022-09-03', 19.17, 2.3, 21.47, 76.66, 1, 54),
(5, 2, 3, '2022-10-01', 19.17, 2.3, 21.47, 57.49, 1, 77),
(6, 2, 4, '2022-11-05', 19.17, 2.3, 21.47, 38.32, 1, 109),
(7, 2, 5, '2022-12-03', 19.17, 2.3, 21.47, 19.17, 1, 147),
(8, 2, 6, '2023-01-07', 19.17, 2.3, 21.47, 0, 1, 170),
(9, 3, 1, '2022-08-06', 57.5, 2.3, 59.8, 57.5, 1, 27),
(10, 3, 2, '2022-09-03', 57.5, 2.3, 59.8, 0, 1, 53),
(11, 5, 1, '2022-08-06', 25, 3, 28, 125, 1, 34),
(12, 5, 2, '2022-09-03', 25, 3, 28, 100, 1, 116),
(13, 5, 3, '2022-10-01', 25, 3, 28, 75, 1, 116),
(14, 5, 4, '2022-11-05', 25, 3, 28, 50, 1, 116),
(15, 5, 5, '2022-12-03', 25, 3, 28, 25, 1, 186),
(16, 5, 6, '2023-01-07', 25, 3, 28, 0, 1, 215),
(17, 6, 1, '2022-08-06', 50, 2, 52, 50, 1, 31),
(18, 6, 2, '2022-09-03', 50, 2, 52, 0, 1, 58),
(19, 7, 1, '2022-09-03', 68, 2.72, 70.72, 68, 1, 44),
(20, 7, 2, '2022-10-01', 68, 2.72, 70.72, 0, 1, 78),
(21, 8, 1, '2022-09-03', 68, 2.72, 70.72, 68, 1, 80),
(22, 8, 2, '2022-10-01', 68, 2.72, 70.72, 0, 1, 80),
(23, 10, 1, '2022-09-03', 50, 6, 56, 250, 1, 60),
(24, 10, 2, '2022-10-01', 50, 6, 56, 200, 1, 92),
(25, 10, 3, '2022-11-05', 50, 6, 56, 150, 1, 112),
(26, 10, 4, '2022-12-03', 50, 6, 56, 100, 1, 149),
(27, 10, 5, '2023-01-07', 50, 6, 56, 50, 1, 188),
(28, 10, 6, '2023-02-04', 50, 6, 56, 0, 1, 188),
(29, 11, 1, '2022-09-03', 50, 6, 56, 250, 1, 49),
(30, 11, 2, '2022-10-01', 50, 6, 56, 200, 1, 82),
(31, 11, 3, '2022-11-05', 50, 6, 56, 150, 1, -2),
(32, 11, 4, '2022-12-03', 50, 6, 56, 100, 1, -2),
(33, 11, 5, '2023-01-07', 50, 6, 56, 50, 1, -2),
(34, 11, 6, '2023-02-04', 50, 6, 56, 0, 1, -2),
(35, 13, 1, '2022-09-03', 18.4, 1.84, 20.24, 73.6, 1, 52),
(36, 13, 2, '2022-10-01', 18.4, 1.84, 20.24, 55.2, 1, 72),
(37, 13, 3, '2022-11-05', 18.4, 1.84, 20.24, 36.8, 1, 114),
(38, 13, 4, '2022-12-03', 18.4, 1.84, 20.24, 18.4, 1, 134),
(39, 13, 5, '2023-01-07', 18.4, 1.84, 20.24, 0, 1, 166),
(40, 14, 1, '2022-09-03', 15.2, 1.52, 16.72, 60.8, 1, 51),
(41, 14, 2, '2022-10-01', 15.2, 1.52, 16.72, 45.6, 1, 70),
(42, 14, 3, '2022-11-05', 15.2, 1.52, 16.72, 30.4, 1, 105),
(43, 14, 4, '2022-12-03', 15.2, 1.52, 16.72, 15.2, 1, 106),
(44, 14, 5, '2023-01-07', 15.2, 1.52, 16.72, 0, 1, 106),
(45, 15, 1, '2022-10-01', 33.33, 4, 37.33, 166.67, 1, 70),
(46, 15, 2, '2022-11-05', 33.33, 4, 37.33, 133.34, 1, 110),
(47, 15, 3, '2022-12-03', 33.33, 4, 37.33, 100.01, 1, 110),
(48, 15, 4, '2023-01-07', 33.33, 4, 37.33, 66.68, 1, 110),
(49, 15, 5, '2023-02-04', 33.33, 4, 37.33, 33.33, 1, 110),
(50, 15, 6, '2023-03-04', 33.33, 4, 37.33, 0, 1, 124),
(51, 16, 1, '2022-11-05', 29.67, 3.56, 33.23, 148.33, 1, 102),
(52, 16, 2, '2022-12-03', 29.67, 3.56, 33.23, 118.66, 1, 128),
(53, 16, 3, '2023-01-07', 29.67, 3.56, 33.23, 88.99, 1, 161),
(54, 16, 4, '2023-02-04', 29.67, 3.56, 33.23, 59.32, 1, 198),
(55, 16, 5, '2023-03-04', 29.67, 3.56, 33.23, 29.67, 1, 233),
(56, 16, 6, '2023-04-01', 29.67, 3.56, 33.23, -0.02, 1, 272),
(57, 17, 1, '2022-11-05', 33.33, 4, 37.33, 166.67, 1, 113),
(58, 17, 2, '2022-12-03', 33.33, 4, 37.33, 133.34, 1, 148),
(59, 17, 3, '2023-01-07', 33.33, 4, 37.33, 100.01, 1, 169),
(60, 17, 4, '2023-02-04', 33.33, 4, 37.33, 66.68, 1, 208),
(61, 17, 5, '2023-03-04', 33.33, 4, 37.33, 33.33, 1, 254),
(62, 17, 6, '2023-04-01', 33.33, 4, 37.33, 0, 1, 254),
(63, 18, 1, '2022-11-05', 33.33, 4, 37.33, 166.67, 1, 118),
(64, 18, 2, '2022-12-03', 33.33, 4, 37.33, 133.34, 1, 137),
(65, 18, 3, '2023-01-07', 33.33, 4, 37.33, 100.01, 1, 190),
(66, 18, 4, '2023-02-04', 33.33, 4, 37.33, 66.68, 1, 190),
(67, 18, 5, '2023-03-04', 33.33, 4, 37.33, 33.33, 1, 234),
(68, 18, 6, '2023-04-01', 33.33, 4, 37.33, 0, 1, 234),
(69, 19, 1, '2022-11-05', 100, 6, 106, 200, 1, 117),
(70, 19, 2, '2022-12-03', 100, 6, 106, 100, 1, 145),
(71, 19, 3, '2023-01-07', 100, 6, 106, 0, 1, 151),
(72, 20, 1, '2022-11-05', 62.5, 30, 92.5, 1437.5, 1, 120),
(73, 20, 2, '2022-12-03', 62.5, 30, 92.5, 1375, 1, 150),
(74, 20, 3, '2023-01-07', 62.5, 30, 92.5, 0, 1, 152),
(75, 21, 1, '2022-11-05', 85.71, 12, 97.71, 514.29, 1, 122),
(76, 21, 2, '2022-12-03', 85.71, 12, 97.71, 428.58, 1, 143),
(77, 21, 3, '2023-01-07', 85.71, 12, 97.71, 342.87, 1, 157),
(78, 21, 4, '2023-02-04', 85.71, 12, 97.71, 257.16, 1, 226),
(79, 21, 5, '2023-03-04', 85.71, 12, 97.71, 171.45, 1, 257),
(80, 21, 6, '2023-04-01', 85.71, 12, 97.71, 85.71, 1, 291),
(81, 21, 7, '2023-05-06', 85.71, 12, 97.71, 0.03, 1, 335),
(82, 22, 1, '2022-12-03', 42.5, 6.8, 49.3, 297.5, 1, 132),
(83, 22, 2, '2023-01-07', 42.5, 5.95, 48.45, 255, 1, 167),
(84, 22, 3, '2023-02-04', 42.5, 5.1, 47.6, 127.5, 1, 205),
(85, 22, 4, '2023-03-04', 42.5, 4.25, 46.75, 0, 1, 210),
(86, 23, 1, '2022-12-03', 55.56, 20, 75.56, 944.44, 1, 135),
(87, 23, 2, '2023-01-07', 55.56, 18.89, 74.44, 888.88, 1, 158),
(88, 23, 3, '2023-02-04', 55.56, 17.78, 73.33, 833.32, 1, 216),
(89, 23, 4, '2023-03-04', 55.56, 16.67, 72.22, 777.76, 1, 247),
(90, 23, 5, '2023-04-01', 55.56, 15.56, 71.11, 722.2, 1, 285),
(91, 23, 6, '2023-05-06', 55.56, 14.44, 70, 666.64, 1, 321),
(92, 23, 7, '2023-06-03', 55.56, 13.33, 68.89, 611.08, 1, 367),
(93, 23, 8, '2023-07-01', 55.56, 12.22, 67.78, 555.52, 1, 374),
(94, 23, 9, '2023-08-05', 55.56, 11.11, 66.67, 499.96, 1, 424),
(95, 23, 10, '2023-09-02', 55.56, 10, 65.56, 444.4, 1, 468),
(96, 23, 11, '2023-10-07', 55.56, 8.89, 64.44, 388.84, 1, 505),
(97, 23, 12, '2023-11-04', 55.56, 7.78, 63.33, 333.28, 1, 538),
(98, 23, 13, '2023-12-02', 55.56, 6.67, 62.22, 277.72, 1, 596),
(99, 23, 14, '2024-01-06', 55.56, 5.56, 61.11, 222.16, 1, 634),
(100, 23, 15, '2024-02-03', 55.56, 4.44, 60, 166.6, 1, 637),
(101, 23, 16, '2024-03-02', 55.56, 3.33, 58.89, 111.04, 1, 637),
(102, 23, 17, '2024-04-06', 55.56, 2.22, 57.78, 55.48, 1, 637),
(103, 23, 18, '2024-05-04', 55.48, 1.11, 56.59, 0, 1, 637),
(104, 24, 1, '2022-12-03', 100, 10, 110, 400, 1, 168),
(105, 24, 2, '2023-01-07', 100, 8, 108, 300, 1, 168),
(106, 24, 3, '2023-02-04', 100, 6, 106, 200, 1, 217),
(107, 24, 4, '2023-03-04', 100, 4, 104, 100, 1, 235),
(108, 24, 5, '2023-04-01', 100, 2, 102, 0, 1, 304),
(109, 25, 1, '2022-12-03', 66.33, 3.98, 70.31, 132.67, 1, 140),
(110, 25, 2, '2023-01-07', 66.33, 3.98, 70.31, 66.34, 1, 184),
(111, 25, 3, '2023-02-04', 66.33, 3.98, 70.31, 0, 1, 184),
(112, 26, 1, '2022-12-03', 200, 4, 204, 0, 1, 174),
(113, 27, 1, '2022-12-03', 50, 4, 54, 150, 1, 133),
(114, 27, 2, '2023-01-07', 50, 4, 54, 100, 1, 165),
(115, 27, 3, '2023-02-04', 50, 4, 54, 50, 1, 165),
(116, 27, 4, '2023-03-04', 50, 4, 54, 0, 1, 165),
(117, 28, 1, '2023-01-07', 25, 2, 27, 75, 1, 73),
(118, 28, 2, '2023-02-04', 25, 2, 27, 50, 1, 219),
(119, 28, 3, '2023-03-04', 25, 2, 27, 25, 1, 250),
(120, 28, 4, '2023-04-01', 25, 2, 27, 0, 1, 271),
(121, 29, 1, '2023-01-07', 50, 24, 74, 1150, 1, 183),
(122, 29, 2, '2023-02-04', 50, 23, 73, 1100, 1, 197),
(123, 29, 3, '2023-03-04', 50, 22, 72, 1050, 1, 197),
(124, 29, 4, '2023-04-01', 50, 21, 71, 1000, 1, 242),
(125, 29, 5, '2023-05-06', 50, 20, 70, 950, 1, 284),
(126, 29, 6, '2023-06-03', 50, 19, 69, 900, 1, 324),
(127, 29, 7, '2023-07-01', 50, 18, 68, 850, 1, 324),
(128, 29, 8, '2023-08-05', 50, 17, 67, 800, 1, 362),
(129, 29, 9, '2023-09-02', 50, 16, 66, 750, 1, 471),
(130, 29, 10, '2023-10-07', 50, 15, 65, 700, 1, 518),
(131, 29, 11, '2023-11-04', 50, 14, 64, 650, 1, 555),
(132, 29, 12, '2023-12-02', 50, 13, 63, 600, 1, 568),
(133, 29, 13, '2024-01-06', 50, 12, 62, 550, 1, 568),
(134, 29, 14, '2024-02-03', 50, 11, 61, 500, 1, 568),
(135, 29, 15, '2024-03-02', 50, 10, 60, 450, 1, 568),
(136, 29, 16, '2024-04-06', 50, 9, 59, 400, 1, 568),
(137, 29, 17, '2024-05-04', 50, 8, 58, 350, 1, 568),
(138, 29, 18, '2024-06-01', 50, 7, 57, 300, 1, 568),
(139, 29, 19, '2024-07-06', 50, 6, 56, 250, 1, 568),
(140, 29, 20, '2024-08-03', 50, 5, 55, 200, 1, 568),
(141, 29, 21, '2024-09-07', 50, 4, 54, 150, 1, 568),
(142, 29, 22, '2024-10-05', 50, 3, 53, 100, 1, 568),
(143, 29, 23, '2024-11-02', 50, 2, 52, 50, 1, 568),
(144, 29, 24, '2024-12-07', 50, 1, 51, 0, 1, 568),
(145, 30, 1, '2023-01-07', 41.67, 20, 60.57, 958.33, 1, 182),
(146, 30, 2, '2023-02-04', 41.67, 19.17, 60.83, 916.66, 1, 224),
(147, 30, 3, '2023-03-04', 41.67, 18.33, 60, 874.99, 1, 227),
(148, 30, 4, '2023-04-01', 41.67, 17.5, 58.17, 833.32, 1, 293),
(149, 30, 5, '2023-05-06', 41.67, 16.67, 58.33, 791.65, 1, 331),
(150, 30, 6, '2023-06-03', 41.67, 15.83, 57.5, 749.98, 1, 331),
(151, 30, 7, '2023-07-01', 41.67, 15, 56.67, 708.31, 1, 331),
(152, 30, 8, '2023-08-05', 41.67, 14.17, 55.83, 666.64, 1, 331),
(153, 30, 9, '2023-09-02', 41.67, 13.33, 55, 624.97, 1, 331),
(154, 30, 10, '2023-10-07', 41.67, 12.5, 54.17, 583.3, 1, 331),
(155, 30, 11, '2023-11-04', 41.67, 11.67, 53.33, 541.63, 1, 331),
(156, 30, 12, '2023-12-02', 41.67, 10.83, 52.5, 499.96, 1, 331),
(157, 30, 13, '2024-01-06', 41.67, 10, 51.67, 458.29, 1, 331),
(158, 30, 14, '2024-02-03', 41.67, 9.17, 50.83, 416.62, 1, 331),
(159, 30, 15, '2024-03-02', 41.67, 8.33, 50, 374.95, 1, 331),
(160, 30, 16, '2024-04-06', 41.67, 7.5, 49.17, 333.28, 1, 331),
(161, 30, 17, '2024-05-04', 41.67, 6.67, 48.33, 291.61, 1, 331),
(162, 30, 18, '2024-06-01', 41.67, 5.83, 47.5, 249.94, 1, 331),
(163, 30, 19, '2024-07-06', 41.67, 5, 46.67, 208.27, 1, 331),
(164, 30, 20, '2024-08-03', 41.67, 4.17, 45.83, 166.6, 1, 331),
(165, 30, 21, '2024-09-07', 41.67, 3.33, 45, 124.93, 1, 331),
(166, 30, 22, '2024-10-05', 41.67, 2.5, 44.17, 83.26, 1, 331),
(167, 30, 23, '2024-11-02', 41.67, 1.67, 43.33, 41.59, 1, 331),
(168, 30, 24, '2024-12-07', 41.67, 0.83, 42.5, -0.08, 1, 331),
(169, 31, 1, '2023-02-04', 40.17, 4.82, 44.99, 200.83, 1, 194),
(170, 31, 2, '2023-03-04', 40.17, 4.02, 44.18, 160.66, 1, 245),
(171, 31, 3, '2023-04-01', 40.17, 3.21, 43.38, 120.49, 1, 263),
(172, 31, 4, '2023-05-06', 40.17, 2.41, 42.58, 80.32, 1, 306),
(173, 31, 5, '2023-06-03', 40.17, 1.61, 41.77, 40.15, 1, 352),
(174, 31, 6, '2023-07-01', 40.17, 0.8, 40.97, -0.02, 1, 384),
(175, 32, 1, '2023-02-04', 40.17, 4.82, 44.99, 200.83, 1, 209),
(176, 32, 2, '2023-03-04', 40.17, 4.02, 44.18, 160.66, 1, 252),
(177, 32, 3, '2023-04-01', 40.17, 3.21, 43.38, 120.49, 1, 286),
(178, 32, 4, '2023-05-06', 40.17, 2.41, 42.58, 80.32, 1, 297),
(179, 32, 5, '2023-06-03', 40.17, 1.61, 41.77, 40.15, 1, 322),
(180, 32, 6, '2023-07-01', 40.17, 0.8, 40.97, -0.02, 1, 322),
(181, 33, 1, '2023-02-04', 83.33, 20, 103.33, 916.67, 1, 214),
(182, 33, 2, '2023-03-04', 83.33, 18.33, 101.67, 833.34, 1, 243),
(183, 33, 3, '2023-04-01', 83.33, 16.67, 100, 750.01, 1, 268),
(184, 33, 4, '2023-05-06', 83.33, 15, 98.33, 666.68, 1, 333),
(185, 33, 5, '2023-06-03', 83.33, 13.33, 96.67, 583.35, 1, 364),
(186, 33, 6, '2023-07-01', 83.33, 11.67, 95, 500.02, 1, 364),
(187, 33, 7, '2023-08-05', 83.33, 10, 93.33, 416.69, 1, 364),
(188, 33, 8, '2023-09-02', 83.33, 8.33, 91.67, 333.36, 1, 364),
(189, 33, 9, '2023-10-07', 83.33, 6.67, 90, 250.03, 1, 364),
(190, 33, 10, '2023-11-04', 83.33, 5, 88.33, 166.7, 1, 364),
(191, 33, 11, '2023-12-02', 83.33, 3.33, 86.67, 83.37, 1, 364),
(192, 33, 12, '2024-01-06', 83.33, 1.67, 85, 0.04, 1, 364),
(193, 34, 1, '2023-03-04', 83.33, 20, 103.33, 916.67, 1, 238),
(194, 34, 2, '2023-04-01', 83.33, 18.33, 101.67, 833.34, 1, 261),
(195, 34, 3, '2023-05-06', 83.33, 16.67, 100, 750.01, 1, 311),
(196, 34, 4, '2023-06-03', 83.33, 15, 98.33, 666.68, 1, 348),
(197, 34, 5, '2023-07-01', 83.33, 13.33, 96.67, 583.35, 1, 379),
(198, 34, 6, '2023-08-05', 83.33, 11.67, 95, 500.02, 1, 417),
(199, 34, 7, '2023-09-02', 83.33, 10, 93.33, 416.69, 1, 417),
(200, 34, 8, '2023-10-07', 83.33, 8.33, 91.67, 333.36, 1, 417),
(201, 34, 9, '2023-11-04', 83.33, 6.67, 90, 250.03, 1, 417),
(202, 34, 10, '2023-12-02', 83.33, 5, 88.33, 166.7, 1, 417),
(203, 34, 11, '2024-01-06', 83.33, 3.33, 86.67, 83.37, 1, 417),
(204, 34, 12, '2024-02-03', 83.33, 1.67, 85, 0.04, 1, 417),
(205, 35, 1, '2023-03-04', 50, 24, 74, 1150, 1, 260),
(206, 35, 2, '2023-04-01', 50, 23, 73, 1100, 1, 292),
(207, 35, 3, '2023-05-06', 50, 22, 72, 1050, 1, 301),
(208, 35, 4, '2023-06-03', 50, 21, 71, 1000, 1, 338),
(209, 35, 5, '2023-07-01', 50, 20, 70, 950, 1, 372),
(210, 35, 6, '2023-08-05', 50, 19, 69, 900, 1, 413),
(211, 35, 7, '2023-09-02', 50, 18, 68, 850, 1, 453),
(212, 35, 8, '2023-10-07', 50, 17, 67, 800, 1, 494),
(213, 35, 9, '2023-11-04', 50, 16, 66, 750, 1, 530),
(214, 35, 10, '2023-12-02', 50, 15, 65, 700, 1, 574),
(215, 35, 11, '2024-01-06', 50, 14, 64, 650, 1, 614),
(216, 35, 12, '2024-02-03', 50, 13, 63, 600, 1, 657),
(217, 35, 13, '2024-03-02', 50, 12, 62, 550, 1, 704),
(218, 35, 14, '2024-04-06', 50, 11, 61, 500, 1, 739),
(219, 35, 15, '2024-05-04', 50, 10, 60, 450, 1, 803),
(220, 35, 16, '2024-06-01', 50, 9, 59, 400, 1, 858),
(221, 35, 17, '2024-07-06', 50, 8, 58, 350, 1, 908),
(222, 35, 18, '2024-08-03', 50, 7, 57, 300, 1, 916),
(223, 35, 19, '2024-09-07', 50, 6, 56, 250, 1, 965),
(224, 35, 20, '2024-10-05', 50, 5, 55, 200, 1, 1045),
(225, 35, 21, '2024-11-02', 50, 4, 54, 150, 1, 1045),
(226, 35, 22, '2024-12-07', 50, 3, 53, 100, 1, 1045),
(227, 35, 23, '2025-01-04', 50, 2, 52, 50, 1, 1045),
(228, 35, 24, '2025-02-01', 50, 1, 51, 0, 1, 1045),
(229, 36, 1, '2023-03-04', 50, 6, 56, 250, 1, 283),
(230, 36, 2, '2023-04-01', 50, 6, 56, 200, 1, 283),
(231, 36, 3, '2023-05-06', 50, 6, 56, 150, 1, 325),
(232, 36, 4, '2023-06-03', 50, 6, 56, 100, 1, 363),
(233, 36, 5, '2023-07-01', 50, 6, 56, 50, 1, 401),
(234, 36, 6, '2023-08-05', 50, 6, 56, 0, 1, 427),
(235, 37, 1, '2023-04-01', 41.67, 10, 51.67, 458.33, 1, 305),
(236, 37, 2, '2023-05-06', 41.67, 9.17, 50.84, 416.66, 1, 305),
(237, 37, 3, '2023-06-03', 41.67, 8.33, 50, 374.99, 1, 360),
(238, 37, 4, '2023-07-01', 41.67, 7.5, 49.17, 333.32, 1, 392),
(239, 37, 5, '2023-08-05', 41.67, 6.67, 48.34, 291.65, 1, 431),
(240, 37, 6, '2023-09-02', 41.67, 5.83, 47.5, 249.98, 1, 463),
(241, 37, 7, '2023-10-07', 41.67, 5, 46.67, 208.31, 1, 486),
(242, 37, 8, '2023-11-04', 41.67, 4.17, 45.84, 166.64, 1, 486),
(243, 37, 9, '2023-12-02', 41.67, 3.33, 45, 124.97, 1, 486),
(244, 37, 10, '2024-01-06', 41.67, 2.5, 44.17, 83.3, 1, 486),
(245, 37, 11, '2024-02-03', 41.67, 1.67, 43.34, 41.63, 1, 486),
(246, 37, 12, '2024-03-02', 41.67, 0.83, 42.5, -0.04, 1, 486),
(247, 38, 1, '2023-04-01', 100, 24, 124, 1100, 1, 280),
(248, 38, 2, '2023-05-06', 100, 22, 122, 1000, 1, 318),
(249, 38, 3, '2023-06-03', 100, 20, 120, 900, 1, 340),
(250, 38, 4, '2023-07-01', 100, 18, 118, 800, 1, 386),
(251, 38, 5, '2023-08-05', 100, 16, 116, 700, 1, 434),
(252, 38, 6, '2023-09-02', 100, 14, 114, 600, 1, 470),
(253, 38, 7, '2023-10-07', 100, 12, 112, 500, 1, 501),
(254, 38, 8, '2023-11-04', 100, 10, 110, 400, 1, 528),
(255, 38, 9, '2023-12-02', 100, 8, 108, 300, 1, 528),
(256, 38, 10, '2024-01-06', 100, 6, 106, 200, 1, 528),
(257, 38, 11, '2024-02-03', 100, 4, 104, 100, 1, 528),
(258, 38, 12, '2024-03-02', 100, 2, 102, 0, 1, 528),
(259, 40, 1, '2023-04-01', 62.5, 10, 72.5, 437.5, 1, 264),
(260, 40, 2, '2023-05-06', 62.5, 8.75, 71.25, 375, 1, 310),
(261, 40, 3, '2023-06-03', 62.5, 7.5, 70, 312.5, 1, 347),
(262, 40, 4, '2023-07-01', 62.5, 6.25, 68.75, 250, 1, 378),
(263, 40, 5, '2023-08-05', 62.5, 5, 67.5, 187.5, 1, 416),
(264, 40, 6, '2023-09-02', 62.5, 3.75, 66.25, 125, 1, 416),
(265, 40, 7, '2023-10-07', 62.5, 2.5, 65, 62.5, 1, 416),
(266, 40, 8, '2023-11-04', 62.5, 1.25, 63.75, 0, 1, 416),
(279, 41, 1, '2023-06-03', 41.67, 10, 51.67, 458.33, 1, 351),
(280, 41, 2, '2023-07-01', 41.67, 9.17, 50.84, 416.66, 1, 381),
(281, 41, 3, '2023-08-05', 41.67, 8.33, 50, 374.99, 1, 436),
(282, 41, 4, '2023-09-02', 41.67, 7.5, 49.17, 333.32, 1, 459),
(283, 41, 5, '2023-10-07', 41.67, 6.67, 48.34, 291.65, 1, 508),
(284, 41, 6, '2023-11-04', 41.67, 5.83, 47.5, 249.98, 1, 508),
(285, 41, 7, '2023-12-02', 41.67, 5, 46.67, 208.31, 1, 508),
(286, 41, 8, '2024-01-06', 41.67, 4.17, 45.84, 166.64, 1, 508),
(287, 41, 9, '2024-02-03', 41.67, 3.33, 45, 124.97, 1, 508),
(288, 41, 10, '2024-03-02', 41.67, 2.5, 44.17, 83.3, 1, 508),
(289, 41, 11, '2024-04-06', 41.67, 1.67, 43.34, 41.63, 1, 508),
(290, 41, 12, '2024-05-04', 41.67, 0.83, 42.5, -0.04, 1, 508),
(291, 42, 1, '2023-06-03', 33.33, 4, 37.33, 166.67, 1, 406),
(292, 42, 2, '2023-07-01', 33.33, 4, 37.33, 133.34, 1, 406),
(293, 42, 3, '2023-08-05', 33.33, 4, 37.33, 100.01, 1, 421),
(294, 42, 4, '2023-09-02', 33.33, 4, 37.33, 66.68, 1, 438),
(295, 42, 5, '2023-10-07', 33.33, 4, 37.33, 33.35, 1, 438),
(296, 42, 6, '2023-11-04', 33.33, 4, 37.33, 0.02, 1, 438),
(297, 43, 1, '2023-06-03', 66.67, 20, 86.67, 933.33, 1, 370),
(298, 43, 2, '2023-07-01', 66.67, 18.67, 85.34, 866.66, 1, 387),
(299, 43, 3, '2023-08-05', 66.67, 17.33, 84, 799.99, 1, 412),
(300, 43, 4, '2023-09-02', 66.67, 16, 82.67, 733.32, 1, 485),
(301, 43, 5, '2023-10-07', 66.67, 14.67, 81.34, 666.65, 1, 513),
(302, 43, 6, '2023-11-04', 66.67, 13.33, 80, 599.98, 1, 575),
(303, 43, 7, '2023-12-02', 66.67, 12, 78.67, 533.31, 1, 575),
(304, 43, 8, '2024-01-06', 66.67, 10.67, 77.34, 466.64, 1, 631),
(305, 43, 9, '2024-02-03', 66.67, 9.33, 76, 399.97, 1, 660),
(306, 43, 10, '2024-03-02', 66.67, 8, 74.67, 333.3, 1, 723),
(307, 43, 11, '2024-04-06', 66.67, 6.67, 73.34, 266.63, 1, 723),
(308, 43, 12, '2024-05-04', 66.67, 5.33, 72, 199.96, 1, 723),
(309, 43, 13, '2024-06-01', 66.67, 4, 70.67, 133.29, 1, 723),
(310, 43, 14, '2024-07-06', 66.67, 2.67, 69.34, 66.62, 1, 723),
(311, 43, 15, '2024-08-03', 66.62, 1.33, 67.95, 0, 1, 723),
(312, 44, 1, '2023-06-03', 83.33, 20, 103.33, 916.67, 1, 359),
(313, 44, 2, '2023-07-01', 83.33, 18.33, 101.66, 833.34, 1, 390),
(314, 44, 3, '2023-08-05', 83.33, 16.67, 100, 750.01, 1, 423),
(315, 44, 4, '2023-09-02', 83.33, 15, 98.33, 666.68, 1, 479),
(316, 44, 5, '2023-10-07', 83.33, 13.33, 96.66, 583.35, 1, 507),
(317, 44, 6, '2023-11-04', 83.33, 11.67, 95, 500.02, 1, 537),
(318, 44, 7, '2023-12-02', 83.33, 10, 93.33, 416.69, 1, 581),
(319, 44, 8, '2024-01-06', 83.33, 8.33, 91.66, 333.36, 1, 635),
(320, 44, 9, '2024-02-03', 83.33, 6.67, 90, 250.03, 1, 672),
(321, 44, 10, '2024-03-02', 83.33, 5, 88.33, 166.7, 1, 722),
(322, 44, 11, '2024-04-06', 83.33, 3.33, 86.66, 83.37, 1, 744),
(323, 44, 12, '2024-05-04', 83.37, 1.67, 85.04, 0, 1, 784),
(324, 45, 1, '2023-06-03', 66.67, 20, 86.67, 933.33, 1, 355),
(325, 45, 2, '2023-07-01', 66.67, 18.67, 85.34, 866.66, 1, 409),
(326, 45, 3, '2023-08-05', 66.67, 17.33, 84, 799.99, 1, 409),
(327, 45, 4, '2023-09-02', 66.67, 16, 82.67, 733.32, 1, 409),
(328, 45, 5, '2023-10-07', 66.67, 14.67, 81.34, 666.65, 1, 409),
(329, 45, 6, '2023-11-04', 66.67, 13.33, 80, 599.98, 1, 409),
(330, 45, 7, '2023-12-02', 66.67, 12, 78.67, 533.31, 1, 409),
(331, 45, 8, '2024-01-06', 66.67, 10.67, 77.34, 466.64, 1, 409),
(332, 45, 9, '2024-02-03', 66.67, 9.33, 76, 399.97, 1, 409),
(333, 45, 10, '2024-03-02', 66.67, 8, 74.67, 333.3, 1, 409),
(334, 45, 11, '2024-04-06', 66.67, 6.67, 73.34, 266.63, 1, 409),
(335, 45, 12, '2024-05-04', 66.67, 5.33, 72, 199.96, 1, 409),
(336, 45, 13, '2024-06-01', 66.67, 4, 70.67, 133.29, 1, 409),
(337, 45, 14, '2024-07-06', 66.67, 2.67, 69.34, 66.62, 1, 409),
(338, 45, 15, '2024-08-03', 66.62, 1.33, 67.95, 0, 1, 409),
(339, 46, 1, '2023-06-03', 80, 8, 88, 320, 1, 337),
(340, 46, 2, '2023-07-01', 80, 6.4, 86.4, 240, 1, 398),
(341, 46, 3, '2023-08-05', 80, 4.8, 84.8, 160, 1, 410),
(342, 46, 4, '2023-09-02', 80, 3.2, 83.2, 80, 1, 450),
(343, 46, 5, '2023-10-07', 80, 1.6, 81.6, 0, 1, 492),
(344, 47, 1, '2023-06-03', 41.67, 20, 61.67, 958.33, 1, 403),
(345, 47, 2, '2023-07-01', 41.67, 19.17, 60.84, 916.66, 1, 403),
(346, 47, 3, '2023-08-05', 41.67, 18.33, 60, 874.99, 1, 444),
(347, 47, 4, '2023-09-02', 41.67, 17.5, 59.17, 833.32, 1, 474),
(348, 47, 5, '2023-10-07', 41.67, 16.67, 58.34, 791.65, 1, 515),
(349, 47, 6, '2023-11-04', 41.67, 15.83, 57.5, 749.98, 1, 565),
(350, 47, 7, '2023-12-02', 41.67, 15, 56.67, 708.31, 1, 598),
(351, 47, 8, '2024-01-06', 41.67, 14.17, 55.84, 666.64, 1, 609),
(352, 47, 9, '2024-02-03', 41.67, 13.33, 55, 624.97, 1, 609),
(353, 47, 10, '2024-03-02', 41.67, 12.5, 54.17, 583.3, 1, 609),
(354, 47, 11, '2024-04-06', 41.67, 11.67, 53.34, 541.63, 1, 609),
(355, 47, 12, '2024-05-04', 41.67, 10.83, 52.5, 499.96, 1, 609),
(356, 47, 13, '2024-06-01', 41.67, 10, 51.67, 458.29, 1, 609),
(357, 47, 14, '2024-07-06', 41.67, 9.17, 50.84, 416.62, 1, 609),
(358, 47, 15, '2024-08-03', 41.67, 8.33, 50, 374.95, 1, 609),
(359, 47, 16, '2024-09-07', 41.67, 7.5, 49.17, 333.28, 1, 609),
(360, 47, 17, '2024-10-05', 41.67, 6.67, 48.34, 291.61, 1, 609),
(361, 47, 18, '2024-11-02', 41.67, 5.83, 47.5, 249.94, 1, 609),
(362, 47, 19, '2024-12-07', 41.67, 5, 46.67, 208.27, 1, 609),
(363, 47, 20, '2025-01-04', 41.67, 4.17, 45.84, 166.6, 1, 609),
(364, 47, 21, '2025-02-01', 41.67, 3.33, 45, 124.93, 1, 609),
(365, 47, 22, '2025-03-01', 41.67, 2.5, 44.17, 83.26, 1, 609),
(366, 47, 23, '2025-04-05', 41.67, 1.67, 43.34, 41.59, 1, 609),
(367, 47, 24, '2025-05-03', 41.59, 0.83, 42.42, 0, 1, 609),
(368, 48, 1, '2023-07-01', 42.86, 12, 54.86, 557.14, 1, 393),
(369, 48, 2, '2023-08-05', 42.86, 11.14, 54, 514.28, 1, 432),
(370, 48, 3, '2023-09-02', 42.86, 10.29, 53.15, 471.42, 1, 462),
(371, 48, 4, '2023-10-07', 42.86, 9.43, 52.29, 428.56, 1, 498),
(372, 48, 5, '2023-11-04', 42.86, 8.57, 51.43, 385.7, 1, 533),
(373, 48, 6, '2023-12-02', 42.86, 7.71, 50.57, 342.84, 1, 600),
(374, 48, 7, '2024-01-06', 42.86, 6.86, 49.72, 299.98, 1, 627),
(375, 48, 8, '2024-02-03', 42.86, 6, 48.86, 257.12, 1, 627),
(376, 48, 9, '2024-03-02', 42.86, 5.14, 48, 214.26, 1, 627),
(377, 48, 10, '2024-04-06', 42.86, 4.29, 47.15, 171.4, 1, 627),
(378, 48, 11, '2024-05-04', 42.86, 3.43, 46.29, 128.54, 1, 627),
(379, 48, 12, '2024-06-01', 42.86, 2.57, 45.43, 85.68, 1, 627),
(380, 48, 13, '2024-07-06', 42.86, 1.71, 44.57, 42.82, 1, 627),
(381, 48, 14, '2024-08-03', 42.82, 0.86, 43.68, 0, 1, 627),
(382, 49, 1, '2023-07-01', 50, 24, 74, 1150, 1, 408),
(383, 49, 2, '2023-08-05', 50, 23, 73, 1100, 1, 408),
(384, 49, 3, '2023-09-02', 50, 22, 72, 1050, 1, 408),
(385, 49, 4, '2023-10-07', 50, 21, 71, 1000, 1, 408),
(386, 49, 5, '2023-11-04', 50, 20, 70, 950, 1, 408),
(387, 49, 6, '2023-12-02', 50, 19, 69, 900, 1, 408),
(388, 49, 7, '2024-01-06', 50, 18, 68, 850, 1, 408),
(389, 49, 8, '2024-02-03', 50, 17, 67, 800, 1, 408),
(390, 49, 9, '2024-03-02', 50, 16, 66, 750, 1, 408),
(391, 49, 10, '2024-04-06', 50, 15, 65, 700, 1, 408),
(392, 49, 11, '2024-05-04', 50, 14, 64, 650, 1, 408),
(393, 49, 12, '2024-06-01', 50, 13, 63, 600, 1, 408),
(394, 49, 13, '2024-07-06', 50, 12, 62, 550, 1, 408),
(395, 49, 14, '2024-08-03', 50, 11, 61, 500, 1, 408),
(396, 49, 15, '2024-09-07', 50, 10, 60, 450, 1, 408),
(397, 49, 16, '2024-10-05', 50, 9, 59, 400, 1, 408),
(398, 49, 17, '2024-11-02', 50, 8, 58, 350, 1, 408),
(399, 49, 18, '2024-12-07', 50, 7, 57, 300, 1, 408),
(400, 49, 19, '2025-01-04', 50, 6, 56, 250, 1, 408),
(401, 49, 20, '2025-02-01', 50, 5, 55, 200, 1, 408),
(402, 49, 21, '2025-03-01', 50, 4, 54, 150, 1, 408),
(403, 49, 22, '2025-04-05', 50, 3, 53, 100, 1, 408),
(404, 49, 23, '2025-05-03', 50, 2, 52, 50, 1, 408),
(405, 49, 24, '2025-06-07', 50, 1, 51, 0, 1, 408),
(406, 50, 1, '2023-07-01', 50, 24, 74, 1150, 1, 402),
(407, 50, 2, '2023-08-05', 50, 24, 74, 1100, 1, 443),
(408, 50, 3, '2023-09-02', 50, 24, 74, 1050, 1, 475),
(409, 50, 4, '2023-10-07', 50, 24, 74, 1000, 1, 516),
(410, 50, 5, '2023-11-04', 50, 24, 74, 950, 1, 566),
(411, 50, 6, '2023-12-02', 50, 24, 74, 900, 1, 597),
(412, 50, 7, '2024-01-06', 50, 24, 74, 850, 1, 653),
(413, 50, 8, '2024-02-03', 50, 24, 74, 800, 1, 687),
(414, 50, 9, '2024-03-02', 50, 24, 74, 750, 1, 687),
(415, 50, 10, '2024-04-06', 50, 24, 74, 700, 1, 687),
(416, 50, 11, '2024-05-04', 50, 24, 74, 650, 1, 687),
(417, 50, 12, '2024-06-01', 50, 24, 74, 600, 1, 687),
(418, 50, 13, '2024-07-06', 50, 24, 74, 550, 1, 687),
(419, 50, 14, '2024-08-03', 50, 24, 74, 500, 1, 687),
(420, 50, 15, '2024-09-07', 50, 24, 74, 450, 1, 687),
(421, 50, 16, '2024-10-05', 50, 24, 74, 400, 1, 687),
(422, 50, 17, '2024-11-02', 50, 24, 74, 350, 1, 687),
(423, 50, 18, '2024-12-07', 50, 24, 74, 300, 1, 687),
(424, 50, 19, '2025-01-04', 50, 24, 74, 250, 1, 687),
(425, 50, 20, '2025-02-01', 50, 24, 74, 200, 1, 687),
(426, 50, 21, '2025-03-01', 50, 24, 74, 150, 1, 687),
(427, 50, 22, '2025-04-05', 50, 24, 74, 100, 1, 687),
(428, 50, 23, '2025-05-03', 50, 24, 74, 50, 1, 687),
(429, 50, 24, '2025-06-07', 50, 24, 74, 0, 1, 687),
(430, 51, 1, '2023-08-05', 83.33, 20, 103.33, 916.67, 1, 428),
(431, 51, 2, '2023-09-02', 83.33, 18.33, 101.66, 833.34, 1, 489),
(432, 51, 3, '2023-10-07', 83.33, 16.67, 100, 750.01, 1, 524),
(433, 51, 4, '2023-11-04', 83.33, 15, 98.33, 666.68, 1, 558),
(434, 51, 5, '2023-12-02', 83.33, 13.33, 96.66, 583.35, 1, 604),
(435, 51, 6, '2024-01-06', 83.33, 11.67, 95, 500.02, 1, 643),
(436, 51, 7, '2024-02-03', 83.33, 10, 93.33, 416.69, 1, 643),
(437, 51, 8, '2024-03-02', 83.33, 8.33, 91.66, 333.36, 1, 643),
(438, 51, 9, '2024-04-06', 83.33, 6.67, 90, 250.03, 1, 643),
(439, 51, 10, '2024-05-04', 83.33, 5, 88.33, 166.7, 1, 643),
(440, 51, 11, '2024-06-01', 83.33, 3.33, 86.66, 83.37, 1, 643),
(441, 51, 12, '2024-07-06', 83.37, 1.67, 85.04, 0, 1, 643),
(562, 52, 1, '2023-09-02', 216.67, 26, 242.67, 1083.33, 1, 477),
(563, 52, 2, '2023-10-07', 216.67, 21.67, 238.34, 866.66, 1, 493),
(564, 52, 3, '2023-11-04', 216.67, 17.33, 234, 649.99, 1, 529),
(565, 52, 4, '2023-12-02', 216.67, 13, 229.67, 433.32, 1, 572),
(566, 52, 5, '2024-01-06', 216.67, 8.67, 225.34, 216.65, 1, 613),
(567, 52, 6, '2024-02-03', 216.65, 4.33, 220.98, 0, 1, 648),
(568, 53, 1, '2023-09-02', 75, 30, 105, 1425, 1, NULL),
(569, 53, 2, '2023-10-07', 75, 28.5, 103.5, 1350, 1, NULL),
(570, 53, 3, '2023-11-04', 75, 27, 102, 1275, 1, 556),
(571, 53, 4, '2023-12-02', 75, 25.5, 100.5, 1200, 1, 556),
(572, 53, 5, '2024-01-06', 75, 24, 99, 1125, 1, 556),
(573, 53, 6, '2024-02-03', 75, 22.5, 97.5, 1050, 1, 556),
(574, 53, 7, '2024-03-02', 75, 21, 96, 975, 1, 556),
(575, 53, 8, '2024-04-06', 75, 19.5, 94.5, 900, 1, 556),
(576, 53, 9, '2024-05-04', 75, 18, 93, 825, 1, 556),
(577, 53, 10, '2024-06-01', 75, 16.5, 91.5, 750, 1, 556),
(578, 53, 11, '2024-07-06', 75, 15, 90, 675, 1, 556),
(579, 53, 12, '2024-08-03', 75, 13.5, 88.5, 600, 1, 556),
(580, 53, 13, '2024-09-07', 75, 12, 87, 525, 1, 556),
(581, 53, 14, '2024-10-05', 75, 10.5, 85.5, 450, 1, 556),
(582, 53, 15, '2024-11-02', 75, 9, 84, 375, 1, 556),
(583, 53, 16, '2024-12-07', 75, 7.5, 82.5, 300, 1, 556),
(584, 53, 17, '2025-01-04', 75, 6, 81, 225, 1, 556),
(585, 53, 18, '2025-02-01', 75, 4.5, 79.5, 150, 1, 556),
(586, 53, 19, '2025-03-01', 75, 3, 78, 75, 1, 556),
(587, 53, 20, '2025-04-05', 75, 1.5, 76.5, 0, 1, 556),
(588, 54, 1, '2023-09-02', 61.11, 22, 83.11, 1038.89, 1, 478),
(589, 54, 2, '2023-10-07', 61.11, 20.78, 81.89, 977.78, 1, 527),
(590, 54, 3, '2023-11-04', 61.11, 19.56, 80.67, 916.67, 1, 563),
(591, 54, 4, '2023-12-02', 61.11, 18.33, 79.44, 855.56, 1, 626),
(592, 54, 5, '2024-01-06', 61.11, 17.11, 78.22, 794.45, 1, 626),
(593, 54, 6, '2024-02-03', 61.11, 15.89, 77, 733.34, 1, 692),
(594, 54, 7, '2024-03-02', 61.11, 14.67, 75.78, 672.23, 1, 745),
(595, 54, 8, '2024-04-06', 61.11, 13.44, 74.55, 611.12, 1, 745),
(596, 54, 9, '2024-05-04', 61.11, 12.22, 73.33, 550.01, 1, 825),
(597, 54, 10, '2024-06-01', 61.11, 11, 72.11, 488.9, 1, 872),
(598, 54, 11, '2024-07-06', 61.11, 9.78, 70.89, 427.79, 1, 872),
(599, 54, 12, '2024-08-03', 61.11, 8.56, 69.67, 366.68, 1, 968),
(600, 54, 13, '2024-09-07', 61.11, 7.33, 68.44, 305.57, 1, 968),
(601, 54, 14, '2024-10-05', 61.11, 6.11, 67.22, 244.46, 1, 1008),
(602, 54, 15, '2024-11-02', 61.11, 4.89, 66, 183.35, 1, 1095),
(603, 54, 16, '2024-12-07', 61.11, 3.67, 64.78, 122.24, 1, 1095),
(604, 54, 17, '2025-01-04', 61.11, 2.44, 63.55, 61.13, 0, NULL),
(605, 54, 18, '2025-02-01', 61.13, 1.22, 62.35, 0, 0, NULL),
(606, 55, 1, '2023-09-02', 166.67, 40, 206.67, 1833.33, 1, 457),
(607, 55, 2, '2023-10-07', 166.67, 36.67, 203.34, 1666.66, 1, 510),
(608, 55, 3, '2023-11-04', 166.67, 33.33, 200, 1499.99, 1, 547),
(609, 55, 4, '2023-12-02', 166.67, 30, 196.67, 1333.32, 1, 586),
(610, 55, 5, '2024-01-06', 166.67, 26.67, 193.34, 1166.65, 1, 639),
(611, 55, 6, '2024-02-03', 166.67, 23.33, 190, 999.98, 1, 684),
(612, 55, 7, '2024-03-02', 166.67, 20, 186.67, 833.31, 1, 718),
(613, 55, 8, '2024-04-06', 166.67, 16.67, 183.34, 666.64, 1, 760),
(614, 55, 9, '2024-05-04', 166.67, 13.33, 180, 499.97, 1, 795),
(615, 55, 10, '2024-06-01', 166.67, 10, 176.67, 333.3, 1, 846),
(616, 55, 11, '2024-07-06', 166.67, 6.67, 173.34, 166.63, 1, 887),
(617, 55, 12, '2024-08-03', 166.63, 3.33, 169.94, 0, 1, 887),
(618, 56, 1, '2023-10-07', 66.67, 20, 86.67, 933.33, 1, 525),
(619, 56, 2, '2023-11-04', 66.67, 18.67, 85.34, 866.66, 1, 567),
(620, 56, 3, '2023-12-02', 66.67, 17.33, 84, 799.99, 1, 605),
(621, 56, 4, '2024-01-06', 66.67, 16, 82.67, 733.32, 1, 622),
(622, 56, 5, '2024-02-03', 66.67, 14.67, 81.34, 666.65, 1, 678),
(623, 56, 6, '2024-03-02', 66.67, 13.33, 80, 599.98, 1, 726),
(624, 56, 7, '2024-04-06', 66.67, 12, 78.67, 533.31, 1, 748),
(625, 56, 8, '2024-05-04', 66.67, 10.67, 77.34, 466.64, 1, 788),
(626, 56, 9, '2024-06-01', 66.67, 9.33, 76, 399.97, 1, 860),
(627, 56, 10, '2024-07-06', 66.67, 8, 74.67, 333.3, 1, 860),
(628, 56, 11, '2024-08-03', 66.67, 6.67, 73.34, 266.63, 1, 860),
(629, 56, 12, '2024-09-07', 66.67, 5.33, 72, 199.96, 1, 860),
(630, 56, 13, '2024-10-05', 66.67, 4, 70.67, 133.29, 1, 860),
(631, 56, 14, '2024-11-02', 66.67, 2.67, 69.34, 66.62, 1, 860),
(632, 56, 15, '2024-12-07', 66.62, 1.33, 67.95, 0, 1, 860),
(633, 57, 1, '2023-10-07', 54.17, 26, 80.17, 1245.83, 1, 521),
(634, 57, 2, '2023-11-04', 54.17, 24.92, 79.09, 1191.66, 1, 554),
(635, 57, 3, '2023-12-02', 54.17, 23.83, 78, 1137.49, 1, 603),
(636, 57, 4, '2024-01-06', 54.17, 22.75, 76.92, 1083.32, 1, 616),
(637, 57, 5, '2024-02-03', 54.17, 21.67, 75.84, 1029.15, 1, 665),
(638, 57, 6, '2024-03-02', 54.17, 20.58, 74.75, 974.98, 1, 732),
(639, 57, 7, '2024-04-06', 54.17, 19.5, 73.67, 920.81, 1, 810),
(640, 57, 8, '2024-05-04', 54.17, 18.42, 72.59, 866.64, 1, 810),
(641, 57, 9, '2024-06-01', 54.17, 17.33, 71.5, 812.47, 1, 839),
(642, 57, 10, '2024-07-06', 54.17, 16.25, 70.42, 758.3, 1, 859),
(643, 57, 11, '2024-08-03', 54.17, 15.17, 69.34, 704.13, 1, 859),
(644, 57, 12, '2024-09-07', 54.17, 14.08, 68.25, 649.96, 1, 859),
(645, 57, 13, '2024-10-05', 54.17, 13, 67.17, 595.79, 1, 859),
(646, 57, 14, '2024-11-02', 54.17, 11.92, 66.09, 541.62, 1, 859),
(647, 57, 15, '2024-12-07', 54.17, 10.83, 65, 487.45, 1, 859),
(648, 57, 16, '2025-01-04', 54.17, 9.75, 63.92, 433.28, 1, 859),
(649, 57, 17, '2025-02-01', 54.17, 8.67, 62.84, 379.11, 1, 859),
(650, 57, 18, '2025-03-01', 54.17, 7.58, 61.75, 324.94, 1, 859),
(651, 57, 19, '2025-04-05', 54.17, 6.5, 60.67, 270.77, 1, 859),
(652, 57, 20, '2025-05-03', 54.17, 5.42, 59.59, 216.6, 1, 859),
(653, 57, 21, '2025-06-07', 54.17, 4.33, 58.5, 162.43, 1, 859),
(654, 57, 22, '2025-07-05', 54.17, 3.25, 57.42, 108.26, 1, 859),
(655, 57, 23, '2025-08-02', 54.17, 2.17, 56.34, 54.09, 1, 859),
(656, 57, 24, '2025-09-06', 54.09, 1.08, 55.17, 0, 1, 859),
(657, 58, 1, '2023-10-07', 113.33, 34, 147.33, 1586.67, 1, 499),
(658, 58, 2, '2023-11-04', 113.33, 31.73, 145.06, 1473.34, 1, 532),
(659, 58, 3, '2023-12-02', 113.33, 29.47, 142.8, 1360.01, 1, 599),
(660, 58, 4, '2024-01-06', 113.33, 27.2, 140.53, 1246.68, 1, 628),
(661, 58, 5, '2024-02-03', 113.33, 24.93, 138.26, 1133.35, 1, 655),
(662, 58, 6, '2024-03-02', 113.33, 22.67, 136, 1020.02, 1, 710),
(663, 58, 7, '2024-04-06', 113.33, 20.4, 133.73, 906.69, 1, 770),
(664, 58, 8, '2024-05-04', 113.33, 18.13, 131.46, 793.36, 1, 783),
(665, 58, 9, '2024-06-01', 113.33, 15.87, 129.2, 680.03, 1, 783),
(666, 58, 10, '2024-07-06', 113.33, 13.6, 126.93, 566.7, 1, 783),
(667, 58, 11, '2024-08-03', 113.33, 11.33, 124.66, 453.37, 1, 783),
(668, 58, 12, '2024-09-07', 113.33, 9.07, 122.4, 340.04, 1, 783),
(669, 58, 13, '2024-10-05', 113.33, 6.8, 120.13, 226.71, 1, 783),
(670, 58, 14, '2024-11-02', 113.33, 4.53, 117.86, 113.38, 1, 783),
(671, 58, 15, '2024-12-07', 113.38, 2.27, 115.65, 0, 1, 783),
(672, 59, 1, '2023-11-04', 83.33, 30, 113.33, 1416.67, 1, 559),
(673, 59, 2, '2023-12-02', 83.33, 28.33, 111.66, 1333.34, 1, 579),
(674, 59, 3, '2024-01-06', 83.33, 26.67, 110, 1250.01, 1, 645),
(675, 59, 4, '2024-02-03', 83.33, 25, 108.33, 1166.68, 1, 681),
(676, 59, 5, '2024-03-02', 83.33, 23.33, 106.66, 1083.35, 1, 728),
(677, 59, 6, '2024-04-06', 83.33, 21.67, 105, 1000.02, 1, 773),
(678, 59, 7, '2024-05-04', 83.33, 20, 103.33, 916.69, 1, 822),
(679, 59, 8, '2024-06-01', 83.33, 18.33, 101.66, 833.36, 1, 841),
(680, 59, 9, '2024-07-06', 83.33, 16.67, 100, 750.03, 1, 877),
(681, 59, 10, '2024-08-03', 83.33, 15, 98.33, 666.7, 1, 951),
(682, 59, 11, '2024-09-07', 83.33, 13.33, 96.66, 583.37, 1, 993),
(683, 59, 12, '2024-10-05', 83.33, 11.67, 95, 500.04, 1, 999),
(684, 59, 13, '2024-11-02', 83.33, 10, 93.33, 416.71, 1, 999),
(685, 59, 14, '2024-12-07', 83.33, 8.33, 91.66, 333.38, 1, 999),
(686, 59, 15, '2025-01-04', 83.33, 6.67, 90, 250.05, 1, 999),
(687, 59, 16, '2025-02-01', 83.33, 5, 88.33, 166.72, 1, 999),
(688, 59, 17, '2025-03-01', 83.33, 3.33, 86.66, 83.39, 1, 999),
(689, 59, 18, '2025-04-05', 83.39, 1.67, 85.06, 0, 1, 999),
(690, 60, 1, '2023-11-04', 58.33, 14, 72.33, 641.67, 1, 531),
(691, 60, 2, '2023-12-02', 58.33, 12.83, 71.16, 583.34, 1, 571),
(692, 60, 3, '2024-01-06', 58.33, 11.67, 70, 525.01, 1, 611),
(693, 60, 4, '2024-02-03', 58.33, 10.5, 68.83, 466.68, 1, 661),
(694, 60, 5, '2024-03-02', 58.33, 9.33, 67.66, 408.35, 1, 778),
(695, 60, 6, '2024-04-06', 58.33, 8.17, 66.5, 350.02, 1, 778),
(696, 60, 7, '2024-05-04', 58.33, 7, 65.33, 291.69, 1, 778),
(697, 60, 8, '2024-06-01', 58.33, 5.83, 64.16, 233.36, 1, 778),
(698, 60, 9, '2024-07-06', 58.33, 4.67, 63, 175.03, 1, 778),
(699, 60, 10, '2024-08-03', 58.33, 3.5, 61.83, 116.7, 1, 778),
(700, 60, 11, '2024-09-07', 58.33, 2.33, 60.66, 58.37, 1, 778),
(701, 60, 12, '2024-10-05', 58.37, 1.17, 59.54, 0, 1, 778),
(727, 61, 1, '2023-12-02', 71.43, 20, 91.43, 928.57, 1, 573),
(728, 61, 3, '2024-02-03', 71.43, 17.14, 88.57, 785.71, 1, 658),
(729, 61, 6, '2024-05-04', 71.43, 12.86, 84.29, 571.42, 1, 866),
(730, 61, 7, '2024-06-01', 71.43, 11.43, 82.86, 499.99, 1, 866),
(731, 61, 8, '2024-07-06', 71.43, 10, 81.43, 428.56, 1, 914),
(732, 61, 2, '2024-01-06', 71.43, 18.57, 90, 857.14, 1, 658),
(733, 61, 4, '2024-03-02', 71.43, 15.71, 87.14, 714.28, 1, 866),
(734, 61, 5, '2024-04-06', 71.43, 14.29, 85.72, 642.85, 1, 866),
(735, 61, 9, '2024-08-03', 71.43, 8.57, 80, 357.13, 1, 943),
(736, 61, 10, '2024-09-07', 71.43, 7.14, 78.57, 285.7, 1, 1055),
(737, 61, 11, '2024-10-05', 71.43, 5.71, 77.14, 214.27, 1, 1124),
(738, 61, 12, '2024-11-02', 71.43, 4.29, 75.72, 142.84, 0, NULL),
(739, 61, 14, '2025-01-04', 71.41, 1.43, 72.84, 0, 0, NULL),
(740, 61, 13, '2024-12-07', 71.43, 2.86, 74.29, 71.41, 0, NULL),
(741, 62, 1, '2023-12-02', 76.67, 23, 99.67, 1073.33, 1, 585),
(742, 62, 2, '2024-01-06', 76.67, 21.47, 98.14, 996.66, 1, 620),
(743, 62, 3, '2024-02-03', 76.67, 19.93, 96.6, 919.99, 1, 695),
(744, 62, 4, '2024-03-02', 76.67, 18.4, 95.07, 843.32, 1, 709),
(745, 62, 5, '2024-04-06', 76.67, 16.87, 93.54, 766.65, 1, 751),
(746, 62, 6, '2024-05-04', 76.67, 15.33, 92, 689.98, 1, 800),
(747, 62, 8, '2024-07-06', 76.67, 12.27, 88.94, 536.64, 1, 910),
(748, 62, 7, '2024-06-01', 76.67, 13.8, 90.47, 613.31, 1, 837),
(749, 62, 9, '2024-08-03', 76.67, 10.73, 87.4, 459.97, 1, 910),
(750, 62, 11, '2024-10-05', 76.67, 7.67, 84.34, 306.63, 1, 910),
(751, 62, 10, '2024-09-07', 76.67, 9.2, 85.87, 383.3, 1, 910),
(752, 62, 12, '2024-11-02', 76.67, 6.13, 82.8, 229.96, 1, 910),
(753, 62, 13, '2024-12-07', 76.67, 4.6, 81.27, 153.29, 1, 910),
(754, 62, 14, '2025-01-04', 76.67, 3.07, 79.74, 76.62, 1, 910),
(755, 62, 15, '2025-02-01', 76.62, 1.53, 78.15, 0, 1, 910),
(764, 63, 2, '2024-02-03', 83.33, 18.33, 101.66, 833.34, 1, 659),
(765, 63, 1, '2024-01-06', 83.33, 20, 103.33, 916.67, 1, 615),
(766, 63, 4, '2024-04-06', 83.33, 15, 98.33, 666.68, 1, 738),
(767, 63, 5, '2024-05-04', 83.33, 13.33, 96.66, 583.35, 1, 793),
(768, 63, 7, '2024-07-06', 83.33, 10, 93.33, 416.69, 1, 867),
(769, 63, 6, '2024-06-01', 83.33, 11.67, 95, 500.02, 1, 851),
(770, 63, 3, '2024-03-02', 83.33, 16.67, 100, 750.01, 1, 700),
(771, 63, 9, '2024-09-07', 83.33, 6.67, 90, 250.03, 1, 966),
(772, 63, 10, '2024-10-05', 83.33, 5, 88.33, 166.7, 1, 1004),
(773, 63, 8, '2024-08-03', 83.33, 8.33, 91.66, 333.36, 1, 917),
(774, 63, 11, '2024-11-02', 83.33, 3.33, 86.66, 83.37, 1, 1051),
(775, 63, 12, '2024-12-07', 83.37, 1.67, 85.04, 0, 1, 1103),
(776, 64, 7, '2024-07-06', 71.22, 25.64, 96.86, 1210.77, 1, 869),
(777, 64, 6, '2024-06-01', 71.22, 27.06, 98.28, 1281.99, 1, 869),
(778, 64, 11, '2024-11-02', 71.22, 19.94, 91.16, 925.89, 1, 869),
(779, 64, 12, '2024-12-07', 71.22, 18.52, 89.74, 854.67, 1, 869),
(780, 64, 5, '2024-05-04', 71.22, 28.49, 99.71, 1353.21, 1, 815),
(781, 64, 14, '2025-02-01', 71.22, 15.67, 86.89, 712.23, 1, 869),
(782, 64, 1, '2024-01-06', 71.22, 34.19, 105.41, 1638.09, 1, 652),
(783, 64, 2, '2024-02-03', 71.22, 32.76, 103.98, 1566.87, 1, 691),
(784, 64, 13, '2025-01-04', 71.22, 17.09, 88.31, 783.45, 1, 869),
(785, 64, 21, '2025-09-06', 71.22, 5.7, 76.92, 213.69, 1, 869),
(786, 64, 4, '2024-04-06', 71.22, 29.91, 101.13, 1424.43, 1, 780),
(787, 64, 3, '2024-03-02', 71.22, 31.34, 102.56, 1495.65, 1, 780),
(788, 64, 10, '2024-10-05', 71.22, 21.37, 92.59, 997.11, 1, 869),
(789, 64, 15, '2025-03-01', 71.22, 14.24, 85.46, 641.01, 1, 869),
(790, 64, 8, '2024-08-03', 71.22, 24.22, 95.44, 1139.55, 1, 869),
(791, 64, 23, '2025-11-01', 71.22, 2.85, 74.07, 71.25, 1, 869),
(792, 64, 20, '2025-08-02', 71.22, 7.12, 78.34, 284.91, 1, 869),
(793, 64, 17, '2025-05-03', 71.22, 11.4, 82.62, 498.57, 1, 869),
(794, 64, 18, '2025-06-07', 71.22, 9.97, 81.19, 427.35, 1, 869),
(795, 64, 9, '2024-09-07', 71.22, 22.79, 94.01, 1068.33, 1, 869),
(796, 64, 24, '2025-12-06', 71.25, 1.42, 72.67, 0, 1, 869),
(797, 64, 16, '2025-04-05', 71.22, 12.82, 84.04, 569.79, 1, 869),
(798, 64, 19, '2025-07-05', 71.22, 8.55, 79.77, 356.13, 1, 869),
(799, 64, 22, '2025-10-04', 71.22, 4.27, 75.49, 142.47, 1, 869),
(808, 65, 1, '2024-02-03', 83.33, 20, 103.33, 916.67, 1, 674),
(809, 65, 9, '2024-10-05', 83.33, 6.67, 90, 250.03, 1, 1037),
(810, 65, 7, '2024-08-03', 83.33, 10, 93.33, 416.69, 1, 927),
(811, 65, 3, '2024-04-06', 83.33, 16.67, 100, 750.01, 1, 742),
(812, 65, 5, '2024-06-01', 83.33, 13.33, 96.66, 583.35, 1, 838),
(813, 65, 12, '2025-01-04', 83.37, 1.67, 85.04, 0, 1, 1102),
(814, 65, 4, '2024-05-04', 83.33, 15, 98.33, 666.68, 1, 807),
(815, 65, 11, '2024-12-07', 83.33, 3.33, 86.66, 83.37, 1, 1102),
(816, 65, 8, '2024-09-07', 83.33, 8.33, 91.66, 333.36, 1, 927),
(817, 65, 6, '2024-07-06', 83.33, 11.67, 95, 500.02, 1, 881),
(818, 65, 2, '2024-03-02', 83.33, 18.33, 101.66, 833.34, 1, 707),
(819, 65, 10, '2024-11-02', 83.33, 5, 88.33, 166.7, 1, 1052),
(823, 66, 3, '2024-04-06', 400, 8, 408, 0, 1, 777),
(824, 66, 2, '2024-03-02', 400, 16, 416, 400, 1, 733),
(825, 66, 1, '2024-02-03', 400, 24, 424, 800, 1, 656),
(826, 67, 1, '2024-02-03', 50, 12, 62, 550, 1, 680),
(827, 67, 6, '2024-07-06', 50, 7, 57, 300, 1, 824),
(828, 67, 2, '2024-03-02', 50, 11, 61, 500, 1, 727),
(829, 67, 5, '2024-06-01', 50, 8, 58, 350, 1, 824),
(830, 67, 4, '2024-05-04', 50, 9, 59, 400, 1, 821),
(831, 67, 9, '2024-10-05', 50, 4, 54, 150, 1, 824),
(832, 67, 8, '2024-09-07', 50, 5, 55, 200, 1, 824),
(833, 67, 11, '2024-12-07', 50, 2, 52, 50, 1, 824),
(834, 67, 12, '2025-01-04', 50, 1, 51, 0, 1, 824),
(835, 67, 10, '2024-11-02', 50, 3, 53, 100, 1, 824),
(836, 67, 7, '2024-08-03', 50, 6, 56, 250, 1, 824),
(837, 67, 3, '2024-04-06', 50, 10, 60, 450, 1, 772),
(838, 68, 2, '2024-04-06', 55.56, 18.89, 74.45, 888.88, 1, 736),
(839, 68, 8, '2024-10-05', 55.56, 12.22, 67.78, 555.52, 1, 972),
(840, 68, 10, '2024-12-07', 55.56, 10, 65.56, 444.4, 1, 1061),
(841, 68, 11, '2025-01-04', 55.56, 8.89, 64.45, 388.84, 1, 1098),
(842, 68, 3, '2024-05-04', 55.56, 17.78, 73.34, 833.32, 1, 791),
(843, 68, 6, '2024-08-03', 55.56, 14.44, 70, 666.64, 1, 903),
(844, 68, 4, '2024-06-01', 55.56, 16.67, 72.23, 777.76, 1, 792),
(845, 68, 12, '2025-02-01', 55.56, 7.78, 63.34, 333.28, 0, NULL),
(846, 68, 15, '2025-05-03', 55.56, 4.44, 60, 166.6, 0, NULL),
(847, 68, 18, '2025-08-02', 55.48, 1.11, 56.59, 0, 0, NULL),
(848, 68, 17, '2025-07-05', 55.56, 2.22, 57.78, 55.48, 0, NULL),
(849, 68, 5, '2024-07-06', 55.56, 15.56, 71.12, 722.2, 1, 829),
(850, 68, 13, '2025-03-01', 55.56, 6.67, 62.23, 277.72, 0, NULL),
(851, 68, 9, '2024-11-02', 55.56, 11.11, 66.67, 499.96, 1, 1020),
(852, 68, 1, '2024-03-02', 55.56, 20, 75.56, 944.44, 1, 705),
(863, 69, 1, '2024-03-02', 83.33, 40, 123.33, 1916.67, 1, 781),
(864, 69, 2, '2024-04-06', 83.33, 38.33, 121.66, 1833.34, 1, 781),
(865, 69, 3, '2024-05-04', 83.33, 36.67, 120, 1750.01, 1, 817),
(866, 69, 4, '2024-06-01', 83.33, 35, 118.33, 1666.68, 1, 861),
(867, 69, 5, '2024-07-06', 83.33, 33.33, 116.66, 1583.35, 1, 891),
(868, 69, 7, '2024-09-07', 83.33, 30, 113.33, 1416.69, 1, 1031),
(869, 69, 8, '2024-10-05', 83.33, 28.33, 111.66, 1333.36, 1, 1031),
(870, 69, 6, '2024-08-03', 83.33, 31.67, 115, 1500.02, 1, 934),
(871, 69, 9, '2024-11-02', 83.33, 26.67, 110, 1250.03, 1, 1083),
(872, 69, 10, '2024-12-07', 83.33, 25, 108.33, 1166.7, 0, NULL),
(873, 69, 11, '2025-01-04', 83.33, 23.33, 106.66, 1083.37, 0, NULL),
(874, 69, 12, '2025-02-01', 83.33, 21.67, 105, 1000.04, 0, NULL),
(875, 69, 13, '2025-03-01', 83.33, 20, 103.33, 916.71, 0, NULL),
(876, 69, 14, '2025-04-05', 83.33, 18.33, 101.66, 833.38, 0, NULL),
(877, 69, 15, '2025-05-03', 83.33, 16.67, 100, 750.05, 0, NULL),
(878, 69, 16, '2025-06-07', 83.33, 15, 98.33, 666.72, 0, NULL),
(879, 69, 18, '2025-08-02', 83.33, 11.67, 95, 500.06, 0, NULL),
(880, 69, 17, '2025-07-05', 83.33, 13.33, 96.66, 583.39, 0, NULL),
(881, 69, 19, '2025-09-06', 83.33, 10, 93.33, 416.73, 0, NULL),
(882, 69, 22, '2025-12-06', 83.33, 5, 88.33, 166.74, 0, NULL),
(883, 69, 20, '2025-10-04', 83.33, 8.33, 91.66, 333.4, 0, NULL),
(884, 69, 21, '2025-11-01', 83.33, 6.67, 90, 250.07, 0, NULL),
(885, 69, 23, '2026-01-03', 83.33, 3.33, 86.66, 83.41, 0, NULL),
(886, 68, 7, '2024-09-07', 55.48, 13.33, 68.89, 611.08, 1, 953),
(887, 68, 14, '2025-04-05', 55.56, 5.55, 61.11, 222.16, 0, NULL),
(888, 68, 16, '2025-06-07', 55.56, 3.33, 58.89, 111.04, 0, NULL),
(913, 69, 24, '2026-02-07', 83.41, 1.67, 85.08, 0, 0, NULL),
(1003, 70, 1, '2024-04-06', 83.33, 40, 123.33, 1916.67, 1, 749),
(1004, 70, 2, '2024-05-04', 83.33, 38.33, 121.66, 1833.34, 1, 806),
(1005, 70, 3, '2024-06-01', 83.33, 36.67, 120, 1750.01, 1, 862),
(1006, 70, 4, '2024-07-06', 83.33, 35, 118.33, 1666.68, 1, 900),
(1007, 70, 6, '2024-09-07', 83.33, 31.67, 115, 1500.02, 1, 975),
(1008, 70, 5, '2024-08-03', 83.33, 33.33, 116.66, 1583.35, 1, 947),
(1009, 70, 7, '2024-10-05', 83.33, 30, 113.33, 1416.69, 1, 1002),
(1010, 70, 8, '2024-11-02', 83.33, 28.33, 111.66, 1333.36, 1, 1059),
(1011, 70, 9, '2024-12-07', 83.33, 26.67, 110, 1250.03, 1, 1114),
(1012, 70, 10, '2025-01-04', 83.33, 25, 108.33, 1166.7, 0, NULL),
(1013, 70, 11, '2025-02-01', 83.33, 23.33, 106.66, 1083.37, 0, NULL),
(1014, 70, 12, '2025-03-01', 83.33, 21.67, 105, 1000.04, 0, NULL),
(1015, 70, 13, '2025-04-05', 83.33, 20, 103.33, 916.71, 0, NULL),
(1016, 70, 14, '2025-05-03', 83.33, 18.33, 101.66, 833.38, 0, NULL),
(1017, 70, 16, '2025-07-05', 83.33, 15, 98.33, 666.72, 0, NULL),
(1018, 70, 15, '2025-06-07', 83.33, 16.67, 100, 750.05, 0, NULL),
(1019, 70, 17, '2025-08-02', 83.33, 13.33, 96.66, 583.39, 0, NULL),
(1020, 70, 22, '2026-01-03', 83.33, 5, 88.33, 166.74, 0, NULL),
(1021, 70, 18, '2025-09-06', 83.33, 11.67, 95, 500.06, 0, NULL),
(1022, 70, 19, '2025-10-04', 83.33, 10, 93.33, 416.73, 0, NULL),
(1023, 70, 21, '2025-12-06', 83.33, 6.67, 90, 250.07, 0, NULL),
(1024, 70, 20, '2025-11-01', 83.33, 8.33, 91.66, 333.4, 0, NULL),
(1025, 70, 23, '2026-02-07', 83.33, 3.33, 86.66, 83.41, 0, NULL),
(1026, 70, 24, '2026-03-07', 83.41, 1.67, 85.08, 0, 0, NULL),
(1027, 71, 1, '2024-04-06', 83.33, 40, 123.33, 1916.67, 1, 767),
(1028, 71, 16, '2025-07-05', 83.33, 15, 98.33, 666.72, 0, NULL),
(1029, 71, 5, '2024-08-03', 83.33, 33.33, 116.66, 1583.35, 1, 948),
(1030, 71, 9, '2024-12-07', 83.33, 26.67, 110, 1250.03, 1, 1115),
(1031, 71, 2, '2024-05-04', 83.33, 38.33, 121.66, 1833.34, 1, 805),
(1032, 71, 3, '2024-06-01', 83.33, 36.67, 120, 1750.01, 1, 863),
(1033, 71, 13, '2025-04-05', 83.33, 20, 103.33, 916.71, 0, NULL),
(1034, 71, 4, '2024-07-06', 83.33, 35, 118.33, 1666.68, 1, 901),
(1035, 71, 23, '2026-02-07', 83.33, 3.33, 86.66, 83.41, 0, NULL),
(1036, 71, 24, '2026-03-07', 83.41, 1.67, 85.08, 0, 0, NULL),
(1037, 71, 10, '2025-01-04', 83.33, 25, 108.33, 1166.7, 0, NULL),
(1038, 71, 8, '2024-11-02', 83.33, 28.33, 111.66, 1333.36, 1, 1060),
(1039, 71, 7, '2024-10-05', 83.33, 30, 113.33, 1416.69, 1, 1003),
(1040, 71, 15, '2025-06-07', 83.33, 16.67, 100, 750.05, 0, NULL),
(1041, 71, 6, '2024-09-07', 83.33, 31.67, 115, 1500.02, 1, 971),
(1042, 71, 19, '2025-10-04', 83.33, 10, 93.33, 416.73, 0, NULL),
(1043, 71, 11, '2025-02-01', 83.33, 23.33, 106.66, 1083.37, 0, NULL),
(1044, 71, 21, '2025-12-06', 83.33, 6.67, 90, 250.07, 0, NULL),
(1045, 71, 22, '2026-01-03', 83.33, 5, 88.33, 166.74, 0, NULL),
(1046, 71, 18, '2025-09-06', 83.33, 11.67, 95, 500.06, 0, NULL),
(1047, 71, 20, '2025-11-01', 83.33, 8.33, 91.66, 333.4, 0, NULL),
(1048, 71, 17, '2025-08-02', 83.33, 13.33, 96.66, 583.39, 0, NULL),
(1049, 71, 12, '2025-03-01', 83.33, 21.67, 105, 1000.04, 0, NULL),
(1050, 71, 14, '2025-05-03', 83.33, 18.33, 101.66, 833.38, 0, NULL),
(1051, 72, 4, '2024-07-06', 41.67, 17.5, 59.17, 833.32, 1, 765),
(1052, 72, 1, '2024-04-06', 41.67, 20, 61.67, 958.33, 1, 765),
(1053, 72, 13, '2025-04-05', 41.67, 10, 51.67, 458.29, 1, 765),
(1054, 72, 6, '2024-09-07', 41.67, 15.83, 57.5, 749.98, 1, 765),
(1055, 72, 9, '2024-12-07', 41.67, 13.33, 55, 624.97, 1, 765),
(1056, 72, 5, '2024-08-03', 41.67, 16.67, 58.34, 791.65, 1, 765),
(1057, 72, 2, '2024-05-04', 41.67, 19.17, 60.84, 916.66, 1, 765),
(1058, 72, 3, '2024-06-01', 41.67, 18.33, 60, 874.99, 1, 765),
(1059, 72, 8, '2024-11-02', 41.67, 14.17, 55.84, 666.64, 1, 765),
(1060, 72, 12, '2025-03-01', 41.67, 10.83, 52.5, 499.96, 1, 765),
(1061, 72, 11, '2025-02-01', 41.67, 11.67, 53.34, 541.63, 1, 765),
(1062, 72, 10, '2025-01-04', 41.67, 12.5, 54.17, 583.3, 1, 765),
(1063, 72, 7, '2024-10-05', 41.67, 15, 56.67, 708.31, 1, 765),
(1064, 72, 17, '2025-08-02', 41.67, 6.67, 48.34, 291.61, 1, 765),
(1065, 72, 18, '2025-09-06', 41.67, 5.83, 47.5, 249.94, 1, 765),
(1066, 72, 24, '2026-03-07', 41.59, 0.83, 42.42, 0, 1, 765),
(1067, 72, 15, '2025-06-07', 41.67, 8.33, 50, 374.95, 1, 765),
(1068, 72, 16, '2025-07-05', 41.67, 7.5, 49.17, 333.28, 1, 765),
(1069, 72, 23, '2026-02-07', 41.67, 1.67, 43.34, 41.59, 1, 765),
(1070, 72, 22, '2026-01-03', 41.67, 2.5, 44.17, 83.26, 1, 765),
(1071, 72, 19, '2025-10-04', 41.67, 5, 46.67, 208.27, 1, 765),
(1072, 72, 21, '2025-12-06', 41.67, 3.33, 45, 124.93, 1, 765),
(1073, 72, 14, '2025-05-03', 41.67, 9.17, 50.84, 416.62, 1, 765),
(1074, 72, 20, '2025-11-01', 41.67, 4.17, 45.84, 166.6, 1, 765),
(1075, 73, 1, '2024-04-06', 50, 6, 56, 250, 1, 759),
(1076, 73, 4, '2024-07-06', 50, 6, 56, 100, 1, 888),
(1077, 73, 3, '2024-06-01', 50, 6, 56, 150, 1, 848),
(1078, 73, 5, '2024-08-03', 50, 6, 56, 50, 1, 936),
(1079, 73, 2, '2024-05-04', 50, 6, 56, 200, 1, 796),
(1080, 73, 6, '2024-09-07', 50, 6, 56, 0, 1, 981),
(1081, 74, 5, '2024-08-03', 83.33, 33.33, 116.66, 1583.35, 1, 930),
(1082, 74, 1, '2024-04-06', 83.33, 40, 123.33, 1916.67, 1, 774),
(1083, 74, 9, '2024-12-07', 83.33, 26.67, 110, 1250.03, 1, 1118),
(1084, 74, 4, '2024-07-06', 83.33, 35, 118.33, 1666.68, 1, 884),
(1085, 74, 7, '2024-10-05', 83.33, 30, 113.33, 1416.69, 1, 1032),
(1086, 74, 2, '2024-05-04', 83.33, 38.33, 121.66, 1833.34, 1, 798),
(1087, 74, 10, '2025-01-04', 83.33, 25, 108.33, 1166.7, 0, NULL),
(1088, 74, 13, '2025-04-05', 83.33, 20, 103.33, 916.71, 0, NULL),
(1089, 74, 14, '2025-05-03', 83.33, 18.33, 101.66, 833.38, 0, NULL),
(1090, 74, 16, '2025-07-05', 83.33, 15, 98.33, 666.72, 0, NULL),
(1091, 74, 22, '2026-01-03', 83.33, 5, 88.33, 166.74, 0, NULL),
(1092, 74, 15, '2025-06-07', 83.33, 16.67, 100, 750.05, 0, NULL),
(1093, 74, 6, '2024-09-07', 83.33, 31.67, 115, 1500.02, 1, 985),
(1094, 74, 3, '2024-06-01', 83.33, 36.67, 120, 1750.01, 1, 844),
(1095, 74, 12, '2025-03-01', 83.33, 21.67, 105, 1000.04, 0, NULL),
(1096, 74, 11, '2025-02-01', 83.33, 23.33, 106.66, 1083.37, 0, NULL),
(1097, 74, 23, '2026-02-07', 83.33, 3.33, 86.66, 83.41, 0, NULL),
(1098, 74, 21, '2025-12-06', 83.33, 6.67, 90, 250.07, 0, NULL),
(1099, 74, 24, '2026-03-07', 83.41, 1.67, 85.08, 0, 0, NULL),
(1100, 74, 8, '2024-11-02', 83.33, 28.33, 111.66, 1333.36, 1, 1062),
(1101, 74, 20, '2025-11-01', 83.33, 8.33, 91.66, 333.4, 0, NULL),
(1102, 74, 18, '2025-09-06', 83.33, 11.67, 95, 500.06, 0, NULL),
(1103, 74, 17, '2025-08-02', 83.33, 13.33, 96.66, 583.39, 0, NULL),
(1104, 74, 19, '2025-10-04', 83.33, 10, 93.33, 416.73, 0, NULL),
(1105, 75, 3, '2024-07-06', 41.67, 8.33, 50, 374.99, 1, 898),
(1106, 75, 8, '2024-12-07', 41.67, 4.17, 45.84, 166.64, 1, 995),
(1107, 75, 7, '2024-11-02', 41.67, 5, 46.67, 208.31, 1, 995),
(1108, 75, 9, '2025-01-04', 41.67, 3.33, 45, 124.97, 1, 995),
(1109, 75, 1, '2024-05-04', 41.67, 10, 51.67, 458.33, 1, 857),
(1110, 75, 2, '2024-06-01', 41.67, 9.17, 50.84, 416.66, 1, 857),
(1111, 75, 10, '2025-02-01', 41.67, 2.5, 44.17, 83.3, 1, 995),
(1112, 75, 11, '2025-03-01', 41.67, 1.67, 43.34, 41.63, 1, 995),
(1113, 75, 12, '2025-04-05', 41.63, 0.83, 42.46, 0, 1, 995),
(1114, 75, 4, '2024-08-03', 41.67, 7.5, 49.17, 333.32, 1, 949),
(1115, 75, 6, '2024-10-05', 41.67, 5.83, 47.5, 249.98, 1, 995),
(1116, 75, 5, '2024-09-07', 41.67, 6.67, 48.34, 291.65, 1, 974),
(1117, 76, 1, '2024-05-04', 50, 24, 74, 1150, 1, 808),
(1118, 76, 3, '2024-07-06', 50, 22, 72, 1050, 1, 868),
(1119, 76, 2, '2024-06-01', 50, 23, 73, 1100, 1, 865),
(1120, 76, 4, '2024-08-03', 50, 21, 71, 1000, 1, 921),
(1121, 76, 10, '2025-02-01', 50, 15, 65, 700, 0, NULL),
(1122, 76, 6, '2024-10-05', 50, 19, 69, 900, 1, 1005),
(1123, 76, 5, '2024-09-07', 50, 20, 70, 950, 1, 969),
(1124, 76, 7, '2024-11-02', 50, 18, 68, 850, 1, 1054),
(1125, 76, 8, '2024-12-07', 50, 17, 67, 800, 1, 1099),
(1126, 76, 12, '2025-04-05', 50, 13, 63, 600, 0, NULL),
(1127, 76, 15, '2025-07-05', 50, 10, 60, 450, 0, NULL),
(1128, 76, 13, '2025-05-03', 50, 12, 62, 550, 0, NULL),
(1129, 76, 14, '2025-06-07', 50, 11, 61, 500, 0, NULL),
(1130, 76, 16, '2025-08-02', 50, 9, 59, 400, 0, NULL),
(1131, 76, 11, '2025-03-01', 50, 14, 64, 650, 0, NULL),
(1132, 76, 20, '2025-12-06', 50, 5, 55, 200, 0, NULL),
(1133, 76, 18, '2025-10-04', 50, 7, 57, 300, 0, NULL),
(1134, 76, 17, '2025-09-06', 50, 8, 58, 350, 0, NULL),
(1135, 76, 21, '2026-01-03', 50, 4, 54, 150, 0, NULL),
(1136, 76, 9, '2025-01-04', 50, 16, 66, 750, 0, NULL),
(1137, 76, 23, '2026-03-07', 50, 2, 52, 50, 0, NULL),
(1138, 76, 19, '2025-11-01', 50, 6, 56, 250, 0, NULL),
(1139, 76, 24, '2026-04-04', 50, 1, 51, 0, 0, NULL),
(1140, 76, 22, '2026-02-07', 50, 3, 53, 100, 0, NULL),
(1141, 77, 2, '2024-07-06', 83.33, 38.33, 121.66, 1833.34, 1, 987),
(1142, 77, 1, '2024-06-01', 83.33, 40, 123.33, 1916.67, 1, 893),
(1143, 77, 3, '2024-08-03', 83.33, 36.67, 120, 1750.01, 1, 987),
(1144, 77, 5, '2024-10-05', 83.33, 33.33, 116.66, 1583.35, 1, 1041),
(1145, 77, 4, '2024-09-07', 83.33, 35, 118.33, 1666.68, 1, 1041),
(1146, 77, 8, '2025-01-04', 83.33, 28.33, 111.66, 1333.36, 0, NULL),
(1147, 77, 9, '2025-02-01', 83.33, 26.67, 110, 1250.03, 0, NULL);
INSERT INTO `Loan_detail` (`id`, `loan_number`, `fee_number`, `payment_date`, `fee_value`, `interest`, `fee_total`, `balance_after_pay`, `is_paid`, `entry_number`) VALUES
(1148, 77, 10, '2025-03-01', 83.33, 25, 108.33, 1166.7, 0, NULL),
(1149, 77, 11, '2025-04-05', 83.33, 23.33, 106.66, 1083.37, 0, NULL),
(1150, 77, 12, '2025-05-03', 83.33, 21.67, 105, 1000.04, 0, NULL),
(1151, 77, 13, '2025-06-07', 83.33, 20, 103.33, 916.71, 0, NULL),
(1152, 77, 14, '2025-07-05', 83.33, 18.33, 101.66, 833.38, 0, NULL),
(1153, 77, 17, '2025-10-04', 83.33, 13.33, 96.66, 583.39, 0, NULL),
(1154, 77, 15, '2025-08-02', 83.33, 16.67, 100, 750.05, 0, NULL),
(1155, 77, 6, '2024-11-02', 83.33, 31.67, 115, 1500.02, 1, 1122),
(1156, 77, 7, '2024-12-07', 83.33, 30, 113.33, 1416.69, 0, NULL),
(1157, 77, 16, '2025-09-06', 83.33, 15, 98.33, 666.72, 0, NULL),
(1158, 77, 18, '2025-11-01', 83.33, 11.67, 95, 500.06, 0, NULL),
(1159, 77, 20, '2026-01-03', 83.33, 8.33, 91.66, 333.4, 0, NULL),
(1160, 77, 19, '2025-12-06', 83.33, 10, 93.33, 416.73, 0, NULL),
(1161, 77, 21, '2026-02-07', 83.33, 6.67, 90, 250.07, 0, NULL),
(1162, 77, 22, '2026-03-07', 83.33, 5, 88.33, 166.74, 0, NULL),
(1163, 77, 23, '2026-04-04', 83.33, 3.33, 86.66, 83.41, 0, NULL),
(1164, 77, 24, '2026-05-02', 83.41, 1.67, 85.08, 0, 0, NULL),
(1171, 78, 1, '2024-06-01', 200, 24, 224, 1000, 1, 864),
(1172, 78, 3, '2024-08-03', 200, 16, 216, 600, 1, 919),
(1173, 78, 2, '2024-07-06', 200, 20, 220, 800, 1, 874),
(1174, 78, 4, '2024-09-07', 200, 12, 212, 400, 1, 970),
(1175, 78, 5, '2024-10-05', 200, 8, 208, 200, 1, 1044),
(1176, 78, 6, '2024-11-02', 200, 4, 204, 0, 1, 1044),
(1177, 79, 5, '2024-10-05', 83.33, 13.33, 96.66, 583.35, 1, 1030),
(1178, 79, 7, '2024-12-07', 83.33, 10, 93.33, 416.69, 1, 1130),
(1179, 79, 6, '2024-11-02', 83.33, 11.67, 95, 500.02, 1, 1087),
(1180, 79, 2, '2024-07-06', 83.33, 18.33, 101.66, 833.34, 1, 906),
(1181, 79, 8, '2025-01-04', 83.33, 8.33, 91.66, 333.36, 0, NULL),
(1182, 79, 9, '2025-02-01', 83.33, 6.67, 90, 250.03, 0, NULL),
(1183, 79, 11, '2025-04-05', 83.33, 3.33, 86.66, 83.37, 0, NULL),
(1184, 79, 1, '2024-06-01', 83.33, 20, 103.33, 916.67, 1, 833),
(1185, 79, 10, '2025-03-01', 83.33, 5, 88.33, 166.7, 0, NULL),
(1186, 79, 12, '2025-05-03', 83.37, 1.67, 85.04, 0, 0, NULL),
(1187, 79, 4, '2024-09-07', 83.33, 15, 98.33, 666.68, 1, 989),
(1188, 79, 3, '2024-08-03', 83.33, 16.67, 100, 750.01, 1, 955),
(1189, 80, 1, '2024-06-01', 62.5, 30, 92.5, 1437.5, 1, 828),
(1190, 80, 2, '2024-07-06', 62.5, 28.75, 91.25, 1375, 1, 892),
(1191, 80, 3, '2024-08-03', 62.5, 27.5, 90, 1312.5, 1, 942),
(1192, 80, 4, '2024-09-07', 62.5, 26.25, 88.75, 1250, 1, 1035),
(1193, 80, 5, '2024-10-05', 62.5, 25, 87.5, 1187.5, 1, 1035),
(1194, 80, 6, '2024-11-02', 62.5, 23.75, 86.25, 1125, 1, 1035),
(1195, 80, 7, '2024-12-07', 62.5, 22.5, 85, 1062.5, 1, 1035),
(1196, 80, 8, '2025-01-04', 62.5, 21.25, 83.75, 1000, 1, 1035),
(1197, 80, 9, '2025-02-01', 62.5, 20, 82.5, 937.5, 1, 1035),
(1198, 80, 10, '2025-03-01', 62.5, 18.75, 81.25, 875, 1, 1035),
(1199, 80, 11, '2025-04-05', 62.5, 17.5, 80, 812.5, 1, 1035),
(1200, 80, 14, '2025-07-05', 62.5, 13.75, 76.25, 625, 1, 1035),
(1201, 80, 12, '2025-05-03', 62.5, 16.25, 78.75, 750, 1, 1035),
(1202, 80, 15, '2025-08-02', 62.5, 12.5, 75, 562.5, 1, 1035),
(1203, 80, 16, '2025-09-06', 62.5, 11.25, 73.75, 500, 1, 1035),
(1204, 80, 18, '2025-11-01', 62.5, 8.75, 71.25, 375, 1, 1035),
(1205, 80, 17, '2025-10-04', 62.5, 10, 72.5, 437.5, 1, 1035),
(1206, 80, 19, '2025-12-06', 62.5, 7.5, 70, 312.5, 1, 1035),
(1207, 80, 20, '2026-01-03', 62.5, 6.25, 68.75, 250, 1, 1035),
(1208, 80, 13, '2025-06-07', 62.5, 15, 77.5, 687.5, 1, 1035),
(1209, 80, 21, '2026-02-07', 62.5, 5, 67.5, 187.5, 1, 1035),
(1210, 80, 23, '2026-04-04', 62.5, 2.5, 65, 62.5, 1, 1035),
(1211, 80, 22, '2026-03-07', 62.5, 3.75, 66.25, 125, 1, 1035),
(1212, 80, 24, '2026-05-02', 62.5, 1.25, 63.75, 0, 1, 1035),
(1213, 81, 7, '2024-12-07', 83.33, 20, 103.33, 916.69, 1, 1126),
(1214, 81, 5, '2024-10-05', 83.33, 23.33, 106.66, 1083.35, 1, 1024),
(1215, 81, 10, '2025-03-01', 83.33, 15, 98.33, 666.7, 0, NULL),
(1216, 81, 1, '2024-06-01', 83.33, 30, 113.33, 1416.67, 1, 840),
(1217, 81, 14, '2025-07-05', 83.33, 8.33, 91.66, 333.38, 0, NULL),
(1218, 81, 8, '2025-01-04', 83.33, 18.33, 101.66, 833.36, 0, NULL),
(1219, 81, 3, '2024-08-03', 83.33, 26.67, 110, 1250.01, 1, 950),
(1220, 81, 9, '2025-02-01', 83.33, 16.67, 100, 750.03, 0, NULL),
(1221, 81, 2, '2024-07-06', 83.33, 28.33, 111.66, 1333.34, 1, 878),
(1222, 81, 6, '2024-11-02', 83.33, 21.67, 105, 1000.02, 1, 1072),
(1223, 81, 16, '2025-09-06', 83.33, 5, 88.33, 166.72, 0, NULL),
(1224, 81, 13, '2025-06-07', 83.33, 10, 93.33, 416.71, 0, NULL),
(1225, 81, 12, '2025-05-03', 83.33, 11.67, 95, 500.04, 0, NULL),
(1226, 81, 11, '2025-04-05', 83.33, 13.33, 96.66, 583.37, 0, NULL),
(1227, 81, 18, '2025-11-01', 83.39, 1.67, 85.06, 0, 0, NULL),
(1228, 81, 4, '2024-09-07', 83.33, 25, 108.33, 1166.68, 1, 994),
(1229, 81, 15, '2025-08-02', 83.33, 6.67, 90, 250.05, 0, NULL),
(1230, 81, 17, '2025-10-04', 83.33, 3.33, 86.66, 83.39, 0, NULL),
(1241, 82, 1, '2024-07-06', 83.33, 40, 123.33, 1916.67, 1, 958),
(1242, 82, 7, '2025-01-04', 83.33, 30, 113.33, 1416.69, 1, 1001),
(1243, 82, 8, '2025-02-01', 83.33, 28.33, 111.66, 1333.36, 1, 1001),
(1244, 82, 6, '2024-12-07', 83.33, 31.67, 115, 1500.02, 1, 1001),
(1245, 82, 12, '2025-06-07', 83.33, 21.67, 105, 1000.04, 1, 1001),
(1246, 82, 5, '2024-11-02', 83.33, 33.33, 116.66, 1583.35, 1, 1001),
(1247, 82, 9, '2025-03-01', 83.33, 26.67, 110, 1250.03, 1, 1001),
(1248, 82, 3, '2024-09-07', 83.33, 36.67, 120, 1750.01, 1, 1001),
(1249, 82, 16, '2025-10-04', 83.33, 15, 98.33, 666.72, 1, 1001),
(1250, 82, 14, '2025-08-02', 83.33, 18.33, 101.66, 833.38, 1, 1001),
(1251, 82, 17, '2025-11-01', 83.33, 13.33, 96.66, 583.39, 1, 1001),
(1252, 82, 2, '2024-08-03', 83.33, 38.33, 121.66, 1833.34, 1, 998),
(1253, 82, 13, '2025-07-05', 83.33, 20, 103.33, 916.71, 1, 1001),
(1254, 82, 11, '2025-05-03', 83.33, 23.33, 106.66, 1083.37, 1, 1001),
(1255, 82, 22, '2026-04-04', 83.33, 5, 88.33, 166.74, 1, 1001),
(1256, 82, 19, '2026-01-03', 83.33, 10, 93.33, 416.73, 1, 1001),
(1257, 82, 21, '2026-03-07', 83.33, 6.67, 90, 250.07, 1, 1001),
(1258, 82, 23, '2026-05-02', 83.33, 3.33, 86.66, 83.41, 1, 1001),
(1259, 82, 24, '2026-06-06', 83.41, 1.67, 85.08, 0, 1, 1001),
(1260, 82, 10, '2025-04-05', 83.33, 25, 108.33, 1166.7, 1, 1001),
(1261, 82, 20, '2026-02-07', 83.33, 8.33, 91.66, 333.4, 1, 1001),
(1262, 82, 18, '2025-12-06', 83.33, 11.67, 95, 500.06, 1, 1001),
(1263, 82, 4, '2024-10-05', 83.33, 35, 118.33, 1666.68, 1, 1001),
(1264, 82, 15, '2025-09-06', 83.33, 16.67, 100, 750.05, 1, 1001),
(1265, 83, 3, '2024-09-07', 83.33, 36.67, 120, 1750.01, 1, 980),
(1266, 83, 5, '2024-11-02', 83.33, 33.33, 116.66, 1583.35, 1, 1038),
(1267, 83, 2, '2024-08-03', 83.33, 38.33, 121.66, 1833.34, 1, 957),
(1268, 83, 14, '2025-08-02', 83.33, 18.33, 101.66, 833.38, 1, 1038),
(1269, 83, 7, '2025-01-04', 83.33, 30, 113.33, 1416.69, 1, 1038),
(1270, 83, 11, '2025-05-03', 83.33, 23.33, 106.66, 1083.37, 1, 1038),
(1271, 83, 9, '2025-03-01', 83.33, 26.67, 110, 1250.03, 1, 1038),
(1272, 83, 6, '2024-12-07', 83.33, 31.67, 115, 1500.02, 1, 1038),
(1273, 83, 10, '2025-04-05', 83.33, 25, 108.33, 1166.7, 1, 1038),
(1274, 83, 8, '2025-02-01', 83.33, 28.33, 111.66, 1333.36, 1, 1038),
(1275, 83, 15, '2025-09-06', 83.33, 16.67, 100, 750.05, 1, 1038),
(1276, 83, 12, '2025-06-07', 83.33, 21.67, 105, 1000.04, 1, 1038),
(1277, 83, 19, '2026-01-03', 83.33, 10, 93.33, 416.73, 1, 1038),
(1278, 83, 13, '2025-07-05', 83.33, 20, 103.33, 916.71, 1, 1038),
(1279, 83, 18, '2025-12-06', 83.33, 11.67, 95, 500.06, 1, 1038),
(1280, 83, 17, '2025-11-01', 83.33, 13.33, 96.66, 583.39, 1, 1038),
(1281, 83, 22, '2026-04-04', 83.33, 5, 88.33, 166.74, 1, 1038),
(1282, 83, 21, '2026-03-07', 83.33, 6.67, 90, 250.07, 1, 1038),
(1283, 83, 20, '2026-02-07', 83.33, 8.33, 91.66, 333.4, 1, 1038),
(1284, 83, 1, '2024-07-06', 83.33, 40, 123.33, 1916.67, 1, 870),
(1285, 83, 16, '2025-10-04', 83.33, 15, 98.33, 666.72, 1, 1038),
(1286, 83, 24, '2026-06-06', 83.41, 1.67, 85.08, 0, 1, 1038),
(1287, 83, 4, '2024-10-05', 83.33, 35, 118.33, 1666.68, 1, 1038),
(1288, 83, 23, '2026-05-02', 83.33, 3.33, 86.66, 83.41, 1, 1038),
(1289, 84, 4, '2024-10-05', 27.78, 8.33, 36.11, 388.88, 1, 1033),
(1290, 84, 7, '2025-01-04', 27.78, 6.67, 34.45, 305.54, 0, NULL),
(1291, 84, 1, '2024-07-06', 27.78, 10, 37.78, 472.22, 1, 883),
(1292, 84, 8, '2025-02-01', 27.78, 6.11, 33.89, 277.76, 0, NULL),
(1293, 84, 9, '2025-03-01', 27.78, 5.56, 33.34, 249.98, 0, NULL),
(1294, 84, 2, '2024-08-03', 27.78, 9.44, 37.22, 444.44, 1, 931),
(1295, 84, 6, '2024-12-07', 27.78, 7.22, 35, 333.32, 1, 1111),
(1296, 84, 3, '2024-09-07', 27.78, 8.89, 36.67, 416.66, 1, 992),
(1297, 84, 13, '2025-07-05', 27.78, 3.33, 31.11, 138.86, 0, NULL),
(1298, 84, 5, '2024-11-02', 27.78, 7.78, 35.56, 361.1, 1, 1085),
(1299, 84, 17, '2025-11-01', 27.78, 1.11, 28.89, 27.74, 0, NULL),
(1300, 84, 10, '2025-04-05', 27.78, 5, 32.78, 222.2, 0, NULL),
(1301, 84, 12, '2025-06-07', 27.78, 3.89, 31.67, 166.64, 0, NULL),
(1302, 84, 11, '2025-05-03', 27.78, 4.44, 32.22, 194.42, 0, NULL),
(1303, 84, 15, '2025-09-06', 27.78, 2.22, 30, 83.3, 0, NULL),
(1304, 84, 14, '2025-08-02', 27.78, 2.78, 30.56, 111.08, 0, NULL),
(1305, 84, 18, '2025-12-06', 27.74, 0.55, 28.29, 0, 0, NULL),
(1306, 84, 16, '2025-10-04', 27.78, 1.67, 29.45, 55.52, 0, NULL),
(1307, 85, 10, '2025-05-03', 83.33, 25, 108.33, 1166.7, 0, NULL),
(1308, 85, 4, '2024-11-02', 83.33, 35, 118.33, 1666.68, 1, 1086),
(1309, 85, 1, '2024-08-03', 83.33, 40, 123.33, 1916.67, 1, 990),
(1310, 85, 9, '2025-04-05', 83.33, 26.67, 110, 1250.03, 0, NULL),
(1311, 85, 5, '2024-12-07', 83.33, 33.33, 116.66, 1583.35, 0, NULL),
(1312, 85, 8, '2025-03-01', 83.33, 28.33, 111.66, 1333.36, 0, NULL),
(1313, 85, 6, '2025-01-04', 83.33, 31.67, 115, 1500.02, 0, NULL),
(1314, 85, 13, '2025-08-02', 83.33, 20, 103.33, 916.71, 0, NULL),
(1315, 85, 16, '2025-11-01', 83.33, 15, 98.33, 666.72, 0, NULL),
(1316, 85, 14, '2025-09-06', 83.33, 18.33, 101.66, 833.38, 0, NULL),
(1317, 85, 15, '2025-10-04', 83.33, 16.67, 100, 750.05, 0, NULL),
(1318, 85, 19, '2026-02-07', 83.33, 10, 93.33, 416.73, 0, NULL),
(1319, 85, 18, '2026-01-03', 83.33, 11.67, 95, 500.06, 0, NULL),
(1320, 85, 3, '2024-10-05', 83.33, 36.67, 120, 1750.01, 1, 1036),
(1321, 85, 20, '2026-03-07', 83.33, 8.33, 91.66, 333.4, 0, NULL),
(1322, 85, 17, '2025-12-06', 83.33, 13.33, 96.66, 583.39, 0, NULL),
(1323, 85, 21, '2026-04-04', 83.33, 6.67, 90, 250.07, 0, NULL),
(1324, 85, 22, '2026-05-02', 83.33, 5, 88.33, 166.74, 0, NULL),
(1325, 85, 11, '2025-06-07', 83.33, 23.33, 106.66, 1083.37, 0, NULL),
(1326, 85, 7, '2025-02-01', 83.33, 30, 113.33, 1416.69, 0, NULL),
(1327, 85, 24, '2026-07-04', 83.41, 1.67, 85.08, 0, 0, NULL),
(1328, 85, 2, '2024-09-07', 83.33, 38.33, 121.66, 1833.34, 1, 1036),
(1329, 85, 12, '2025-07-05', 83.33, 21.67, 105, 1000.04, 0, NULL),
(1330, 85, 23, '2026-06-06', 83.33, 3.33, 86.66, 83.41, 0, NULL),
(1331, 86, 4, '2024-11-02', 60, 2.4, 62.4, 60, 1, 1071),
(1332, 86, 1, '2024-08-03', 60, 6, 66, 240, 1, 978),
(1333, 86, 3, '2024-10-05', 60, 3.6, 63.6, 120, 1, 1007),
(1334, 86, 5, '2024-12-07', 60, 1.2, 61.2, 0, 1, 1093),
(1335, 86, 2, '2024-09-07', 60, 4.8, 64.8, 180, 1, 978),
(1336, 87, 2, '2024-09-07', 41.67, 9.17, 50.84, 416.66, 1, 977),
(1337, 87, 3, '2024-10-05', 41.67, 8.33, 50, 374.99, 1, 1026),
(1338, 87, 5, '2024-12-07', 41.67, 6.67, 48.34, 291.65, 1, 1128),
(1339, 87, 4, '2024-11-02', 41.67, 7.5, 49.17, 333.32, 1, 1057),
(1340, 87, 6, '2025-01-04', 41.67, 5.83, 47.5, 249.98, 0, NULL),
(1341, 87, 1, '2024-08-03', 41.67, 10, 51.67, 458.33, 1, 923),
(1342, 87, 9, '2025-04-05', 41.67, 3.33, 45, 124.97, 0, NULL),
(1343, 87, 8, '2025-03-01', 41.67, 4.17, 45.84, 166.64, 0, NULL),
(1344, 87, 11, '2025-06-07', 41.67, 1.67, 43.34, 41.63, 0, NULL),
(1345, 87, 10, '2025-05-03', 41.67, 2.5, 44.17, 83.3, 0, NULL),
(1346, 87, 12, '2025-07-05', 41.63, 0.83, 42.46, 0, 0, NULL),
(1347, 87, 7, '2025-02-01', 41.67, 5, 46.67, 208.31, 0, NULL),
(1348, 88, 2, '2024-09-07', 83.33, 18.33, 101.66, 833.34, 1, 1042),
(1349, 88, 1, '2024-08-03', 83.33, 20, 103.33, 916.67, 1, 941),
(1350, 88, 4, '2024-11-02', 83.33, 15, 98.33, 666.68, 1, 1069),
(1351, 88, 6, '2025-01-04', 83.33, 11.67, 95, 500.02, 1, 1127),
(1352, 88, 7, '2025-02-01', 83.33, 10, 93.33, 416.69, 1, 1127),
(1353, 88, 5, '2024-12-07', 83.33, 13.33, 96.66, 583.35, 1, 1123),
(1354, 88, 8, '2025-03-01', 83.33, 8.33, 91.66, 333.36, 1, 1127),
(1355, 88, 10, '2025-05-03', 83.33, 5, 88.33, 166.7, 1, 1127),
(1356, 88, 9, '2025-04-05', 83.33, 6.67, 90, 250.03, 1, 1127),
(1357, 88, 3, '2024-10-05', 83.33, 16.67, 100, 750.01, 1, 1042),
(1358, 88, 11, '2025-06-07', 83.33, 3.33, 86.66, 83.37, 1, 1127),
(1359, 88, 12, '2025-07-05', 83.37, 1.67, 85.04, 0, 1, 1127),
(1360, 89, 1, '2024-08-03', 83.33, 40, 123.33, 1916.67, 1, 946),
(1361, 89, 2, '2024-09-07', 83.33, 38.33, 121.66, 1833.34, 1, 997),
(1362, 89, 4, '2024-11-02', 83.33, 35, 118.33, 1666.68, 1, 1000),
(1363, 89, 5, '2024-12-07', 83.33, 33.33, 116.66, 1583.35, 1, 1000),
(1364, 89, 3, '2024-10-05', 83.33, 36.67, 120, 1750.01, 1, 1000),
(1365, 89, 6, '2025-01-04', 83.33, 31.67, 115, 1500.02, 1, 1000),
(1366, 89, 8, '2025-03-01', 83.33, 28.33, 111.66, 1333.36, 1, 1000),
(1367, 89, 7, '2025-02-01', 83.33, 30, 113.33, 1416.69, 1, 1000),
(1368, 89, 10, '2025-05-03', 83.33, 25, 108.33, 1166.7, 1, 1000),
(1369, 89, 11, '2025-06-07', 83.33, 23.33, 106.66, 1083.37, 1, 1000),
(1370, 89, 12, '2025-07-05', 83.33, 21.67, 105, 1000.04, 1, 1000),
(1371, 89, 13, '2025-08-02', 83.33, 20, 103.33, 916.71, 1, 1000),
(1372, 89, 14, '2025-09-06', 83.33, 18.33, 101.66, 833.38, 1, 1000),
(1373, 89, 15, '2025-10-04', 83.33, 16.67, 100, 750.05, 1, 1000),
(1374, 89, 16, '2025-11-01', 83.33, 15, 98.33, 666.72, 1, 1000),
(1375, 89, 18, '2026-01-03', 83.33, 11.67, 95, 500.06, 1, 1000),
(1376, 89, 9, '2025-04-05', 83.33, 26.67, 110, 1250.03, 1, 1000),
(1377, 89, 21, '2026-04-04', 83.33, 6.67, 90, 250.07, 1, 1000),
(1378, 89, 20, '2026-03-07', 83.33, 8.33, 91.66, 333.4, 1, 1000),
(1379, 89, 22, '2026-05-02', 83.33, 5, 88.33, 166.74, 1, 1000),
(1380, 89, 23, '2026-06-06', 83.33, 3.33, 86.66, 83.41, 1, 1000),
(1381, 89, 17, '2025-12-06', 83.33, 13.33, 96.66, 583.39, 1, 1000),
(1382, 89, 19, '2026-02-07', 83.33, 10, 93.33, 416.73, 1, 1000),
(1383, 89, 24, '2026-07-04', 83.41, 1.67, 85.08, 0, 1, 1000),
(1384, 90, 1, '2024-09-07', 62.5, 30, 92.5, 1437.5, 1, 982),
(1385, 90, 7, '2025-03-01', 62.5, 22.5, 85, 1062.5, 1, 982),
(1386, 90, 8, '2025-04-05', 62.5, 21.25, 83.75, 1000, 1, 982),
(1387, 90, 10, '2025-06-07', 62.5, 18.75, 81.25, 875, 1, 982),
(1388, 90, 9, '2025-05-03', 62.5, 20, 82.5, 937.5, 1, 982),
(1389, 90, 11, '2025-07-05', 62.5, 17.5, 80, 812.5, 1, 982),
(1390, 90, 12, '2025-08-02', 62.5, 16.25, 78.75, 750, 1, 982),
(1391, 90, 2, '2024-10-05', 62.5, 28.75, 91.25, 1375, 1, 982),
(1392, 90, 13, '2025-09-06', 62.5, 15, 77.5, 687.5, 1, 982),
(1393, 90, 5, '2025-01-04', 62.5, 25, 87.5, 1187.5, 1, 982),
(1394, 90, 4, '2024-12-07', 62.5, 26.25, 88.75, 1250, 1, 982),
(1395, 90, 3, '2024-11-02', 62.5, 27.5, 90, 1312.5, 1, 982),
(1396, 90, 6, '2025-02-01', 62.5, 23.75, 86.25, 1125, 1, 982),
(1397, 90, 14, '2025-10-04', 62.5, 13.75, 76.25, 625, 1, 982),
(1398, 90, 16, '2025-12-06', 62.5, 11.25, 73.75, 500, 1, 982),
(1399, 90, 15, '2025-11-01', 62.5, 12.5, 75, 562.5, 1, 982),
(1400, 90, 17, '2026-01-03', 62.5, 10, 72.5, 437.5, 1, 982),
(1401, 90, 20, '2026-04-04', 62.5, 6.25, 68.75, 250, 1, 982),
(1402, 90, 21, '2026-05-02', 62.5, 5, 67.5, 187.5, 1, 982),
(1403, 90, 24, '2026-08-01', 62.5, 1.25, 63.75, 0, 1, 982),
(1404, 90, 22, '2026-06-06', 62.5, 3.75, 66.25, 125, 1, 982),
(1405, 90, 23, '2026-07-04', 62.5, 2.5, 65, 62.5, 1, 982),
(1406, 90, 18, '2026-02-07', 62.5, 8.75, 71.25, 375, 1, 982),
(1407, 90, 19, '2026-03-07', 62.5, 7.5, 70, 312.5, 1, 982),
(1408, 91, 2, '2024-10-05', 83.33, 38.33, 121.66, 1833.34, 1, 1019),
(1409, 91, 1, '2024-09-07', 83.33, 40, 123.33, 1916.67, 1, 986),
(1410, 91, 3, '2024-11-02', 83.33, 36.67, 120, 1750.01, 1, 1063),
(1411, 91, 4, '2024-12-07', 83.33, 35, 118.33, 1666.68, 1, 1116),
(1412, 91, 5, '2025-01-04', 83.33, 33.33, 116.66, 1583.35, 0, NULL),
(1413, 91, 6, '2025-02-01', 83.33, 31.67, 115, 1500.02, 0, NULL),
(1414, 91, 7, '2025-03-01', 83.33, 30, 113.33, 1416.69, 0, NULL),
(1415, 91, 8, '2025-04-05', 83.33, 28.33, 111.66, 1333.36, 0, NULL),
(1416, 91, 9, '2025-05-03', 83.33, 26.67, 110, 1250.03, 0, NULL),
(1417, 91, 10, '2025-06-07', 83.33, 25, 108.33, 1166.7, 0, NULL),
(1418, 91, 11, '2025-07-05', 83.33, 23.33, 106.66, 1083.37, 0, NULL),
(1419, 91, 12, '2025-08-02', 83.33, 21.67, 105, 1000.04, 0, NULL),
(1420, 91, 14, '2025-10-04', 83.33, 18.33, 101.66, 833.38, 0, NULL),
(1421, 91, 15, '2025-11-01', 83.33, 16.67, 100, 750.05, 0, NULL),
(1422, 91, 16, '2025-12-06', 83.33, 15, 98.33, 666.72, 0, NULL),
(1423, 91, 18, '2026-02-07', 83.33, 11.67, 95, 500.06, 0, NULL),
(1424, 91, 17, '2026-01-03', 83.33, 13.33, 96.66, 583.39, 0, NULL),
(1425, 91, 19, '2026-03-07', 83.33, 10, 93.33, 416.73, 0, NULL),
(1426, 91, 21, '2026-05-02', 83.33, 6.67, 90, 250.07, 0, NULL),
(1427, 91, 13, '2025-09-06', 83.33, 20, 103.33, 916.71, 0, NULL),
(1428, 91, 20, '2026-04-04', 83.33, 8.33, 91.66, 333.4, 0, NULL),
(1429, 91, 22, '2026-06-06', 83.33, 5, 88.33, 166.74, 0, NULL),
(1430, 91, 23, '2026-07-04', 83.33, 3.33, 86.66, 83.41, 0, NULL),
(1431, 91, 24, '2026-08-01', 83.41, 1.67, 85.08, 0, 0, NULL),
(1432, 92, 1, '2024-10-05', 62.5, 30, 92.5, 1437.5, 1, 1043),
(1433, 92, 2, '2024-11-02', 62.5, 28.75, 91.25, 1375, 1, 1106),
(1434, 92, 4, '2025-01-04', 62.5, 26.25, 88.75, 1250, 0, NULL),
(1435, 92, 8, '2025-05-03', 62.5, 21.25, 83.75, 1000, 0, NULL),
(1436, 92, 9, '2025-06-07', 62.5, 20, 82.5, 937.5, 0, NULL),
(1437, 92, 11, '2025-08-02', 62.5, 17.5, 80, 812.5, 0, NULL),
(1438, 92, 12, '2025-09-06', 62.5, 16.25, 78.75, 750, 0, NULL),
(1439, 92, 13, '2025-10-04', 62.5, 15, 77.5, 687.5, 0, NULL),
(1440, 92, 10, '2025-07-05', 62.5, 18.75, 81.25, 875, 0, NULL),
(1441, 92, 14, '2025-11-01', 62.5, 13.75, 76.25, 625, 0, NULL),
(1442, 92, 3, '2024-12-07', 62.5, 27.5, 90, 1312.5, 1, 1106),
(1443, 92, 6, '2025-03-01', 62.5, 23.75, 86.25, 1125, 0, NULL),
(1444, 92, 5, '2025-02-01', 62.5, 25, 87.5, 1187.5, 0, NULL),
(1445, 92, 7, '2025-04-05', 62.5, 22.5, 85, 1062.5, 0, NULL),
(1446, 92, 16, '2026-01-03', 62.5, 11.25, 73.75, 500, 0, NULL),
(1447, 92, 17, '2026-02-07', 62.5, 10, 72.5, 437.5, 0, NULL),
(1448, 92, 20, '2026-05-02', 62.5, 6.25, 68.75, 250, 0, NULL),
(1449, 92, 15, '2025-12-06', 62.5, 12.5, 75, 562.5, 0, NULL),
(1450, 92, 21, '2026-06-06', 62.5, 5, 67.5, 187.5, 0, NULL),
(1451, 92, 18, '2026-03-07', 62.5, 8.75, 71.25, 375, 0, NULL),
(1452, 92, 24, '2026-09-05', 62.5, 1.25, 63.75, 0, 0, NULL),
(1453, 92, 23, '2026-08-01', 62.5, 2.5, 65, 62.5, 0, NULL),
(1454, 92, 19, '2026-04-04', 62.5, 7.5, 70, 312.5, 0, NULL),
(1455, 92, 22, '2026-07-04', 62.5, 3.75, 66.25, 125, 0, NULL),
(1456, 93, 2, '2024-11-02', 66.67, 30.67, 97.34, 1466.66, 1, 1049),
(1457, 93, 3, '2024-12-07', 66.67, 29.33, 96, 1399.99, 1, 1104),
(1458, 93, 4, '2025-01-04', 66.67, 28, 94.67, 1333.32, 0, NULL),
(1459, 93, 1, '2024-10-05', 66.67, 32, 98.67, 1533.33, 1, 1006),
(1460, 93, 6, '2025-03-01', 66.67, 25.33, 92, 1199.98, 0, NULL),
(1461, 93, 7, '2025-04-05', 66.67, 24, 90.67, 1133.31, 0, NULL),
(1462, 93, 15, '2025-12-06', 66.67, 13.33, 80, 599.95, 0, NULL),
(1463, 93, 5, '2025-02-01', 66.67, 26.67, 93.34, 1266.65, 0, NULL),
(1464, 93, 8, '2025-05-03', 66.67, 22.67, 89.34, 1066.64, 0, NULL),
(1465, 93, 17, '2026-02-07', 66.67, 10.67, 77.34, 466.61, 0, NULL),
(1466, 93, 18, '2026-03-07', 66.67, 9.33, 76, 399.94, 0, NULL),
(1467, 93, 19, '2026-04-04', 66.67, 8, 74.67, 333.27, 0, NULL),
(1468, 93, 12, '2025-09-06', 66.67, 17.33, 84, 799.96, 0, NULL),
(1469, 93, 11, '2025-08-02', 66.67, 18.67, 85.34, 866.63, 0, NULL),
(1470, 93, 23, '2026-08-01', 66.67, 2.67, 69.34, 66.59, 0, NULL),
(1471, 93, 24, '2026-09-05', 66.59, 1.33, 67.92, 0, 0, NULL),
(1472, 93, 20, '2026-05-02', 66.67, 6.67, 73.34, 266.6, 0, NULL),
(1473, 93, 22, '2026-07-04', 66.67, 4, 70.67, 133.26, 0, NULL),
(1474, 93, 13, '2025-10-04', 66.67, 16, 82.67, 733.29, 0, NULL),
(1475, 93, 21, '2026-06-06', 66.67, 5.33, 72, 199.93, 0, NULL),
(1476, 93, 14, '2025-11-01', 66.67, 14.67, 81.34, 666.62, 0, NULL),
(1477, 93, 16, '2026-01-03', 66.67, 12, 78.67, 533.28, 0, NULL),
(1478, 93, 9, '2025-06-07', 66.67, 21.33, 88, 999.97, 0, NULL),
(1479, 93, 10, '2025-07-05', 66.67, 20, 86.67, 933.3, 0, NULL),
(1480, 94, 7, '2025-04-05', 104.17, 37.5, 141.67, 1770.81, 0, NULL),
(1481, 94, 9, '2025-06-07', 104.17, 33.33, 137.5, 1562.47, 0, NULL),
(1482, 94, 5, '2025-02-01', 104.17, 41.67, 145.84, 1979.15, 0, NULL),
(1483, 94, 1, '2024-10-05', 104.17, 50, 154.17, 2395.83, 1, 1023),
(1484, 94, 2, '2024-11-02', 104.17, 47.92, 152.09, 2291.66, 1, 1073),
(1485, 94, 4, '2025-01-04', 104.17, 43.75, 147.92, 2083.32, 0, NULL),
(1486, 94, 3, '2024-12-07', 104.17, 45.83, 150, 2187.49, 1, 1125),
(1487, 94, 6, '2025-03-01', 104.17, 39.58, 143.75, 1874.98, 0, NULL),
(1488, 94, 11, '2025-08-02', 104.17, 29.17, 133.34, 1354.13, 0, NULL),
(1489, 94, 10, '2025-07-05', 104.17, 31.25, 135.42, 1458.3, 0, NULL),
(1490, 94, 12, '2025-09-06', 104.17, 27.08, 131.25, 1249.96, 0, NULL),
(1491, 94, 16, '2026-01-03', 104.17, 18.75, 122.92, 833.28, 0, NULL),
(1492, 94, 18, '2026-03-07', 104.17, 14.58, 118.75, 624.94, 0, NULL),
(1493, 94, 13, '2025-10-04', 104.17, 25, 129.17, 1145.79, 0, NULL),
(1494, 94, 8, '2025-05-03', 104.17, 35.42, 139.59, 1666.64, 0, NULL),
(1495, 94, 19, '2026-04-04', 104.17, 12.5, 116.67, 520.77, 0, NULL),
(1496, 94, 22, '2026-07-04', 104.17, 6.25, 110.42, 208.26, 0, NULL),
(1497, 94, 14, '2025-11-01', 104.17, 22.92, 127.09, 1041.62, 0, NULL),
(1498, 94, 20, '2026-05-02', 104.17, 10.42, 114.59, 416.6, 0, NULL),
(1499, 94, 24, '2026-09-05', 104.09, 2.08, 106.17, 0, 0, NULL),
(1500, 94, 23, '2026-08-01', 104.17, 4.17, 108.34, 104.09, 0, NULL),
(1501, 94, 21, '2026-06-06', 104.17, 8.33, 112.5, 312.43, 0, NULL),
(1502, 94, 15, '2025-12-06', 104.17, 20.83, 125, 937.45, 0, NULL),
(1503, 94, 17, '2026-02-07', 104.17, 16.67, 120.84, 729.11, 0, NULL),
(1528, 95, 2, '2024-12-07', 166.67, 36.67, 203.34, 1666.66, 1, 1131),
(1529, 95, 3, '2025-01-04', 166.67, 33.33, 200, 1499.99, 0, NULL),
(1530, 95, 1, '2024-11-02', 166.67, 40, 206.67, 1833.33, 1, 1088),
(1531, 95, 5, '2025-03-01', 166.67, 26.67, 193.34, 1166.65, 0, NULL),
(1532, 95, 6, '2025-04-05', 166.67, 23.33, 190, 999.98, 0, NULL),
(1533, 95, 7, '2025-05-03', 166.67, 20, 186.67, 833.31, 0, NULL),
(1534, 95, 8, '2025-06-07', 166.67, 16.67, 183.34, 666.64, 0, NULL),
(1535, 95, 10, '2025-08-02', 166.67, 10, 176.67, 333.3, 0, NULL),
(1536, 95, 11, '2025-09-06', 166.67, 6.67, 173.34, 166.63, 0, NULL),
(1537, 95, 9, '2025-07-05', 166.67, 13.33, 180, 499.97, 0, NULL),
(1538, 95, 12, '2025-10-04', 166.63, 3.33, 169.96, 0, 0, NULL),
(1539, 95, 4, '2025-02-01', 166.67, 30, 196.67, 1333.32, 0, NULL),
(1540, 96, 7, '2025-05-03', 66.67, 16, 82.67, 733.31, 0, NULL),
(1541, 96, 5, '2025-03-01', 66.67, 18.67, 85.34, 866.65, 0, NULL),
(1542, 96, 8, '2025-06-07', 66.67, 14.67, 81.34, 666.64, 0, NULL),
(1543, 96, 1, '2024-11-02', 66.67, 24, 90.67, 1133.33, 0, NULL),
(1544, 96, 4, '2025-02-01', 66.67, 20, 86.67, 933.32, 0, NULL),
(1545, 96, 2, '2024-12-07', 66.67, 22.67, 89.34, 1066.66, 0, NULL),
(1546, 96, 3, '2025-01-04', 66.67, 21.33, 88, 999.99, 0, NULL),
(1547, 96, 6, '2025-04-05', 66.67, 17.33, 84, 799.98, 0, NULL),
(1548, 96, 10, '2025-08-02', 66.67, 12, 78.67, 533.3, 0, NULL),
(1549, 96, 11, '2025-09-06', 66.67, 10.67, 77.34, 466.63, 0, NULL),
(1550, 96, 13, '2025-11-01', 66.67, 8, 74.67, 333.29, 0, NULL),
(1551, 96, 12, '2025-10-04', 66.67, 9.33, 76, 399.96, 0, NULL),
(1552, 96, 16, '2026-02-07', 66.67, 4, 70.67, 133.28, 0, NULL),
(1553, 96, 14, '2025-12-06', 66.67, 6.67, 73.34, 266.62, 0, NULL),
(1554, 96, 15, '2026-01-03', 66.67, 5.33, 72, 199.95, 0, NULL),
(1555, 96, 17, '2026-03-07', 66.67, 2.67, 69.34, 66.61, 0, NULL),
(1556, 96, 18, '2026-04-04', 66.61, 1.33, 67.94, 0, 0, NULL),
(1557, 96, 9, '2025-07-05', 66.67, 13.33, 80, 599.97, 0, NULL),
(1558, 97, 4, '2025-02-01', 166.67, 30, 196.67, 1333.32, 0, NULL),
(1559, 97, 6, '2025-04-05', 166.67, 23.33, 190, 999.98, 0, NULL),
(1560, 97, 11, '2025-09-06', 166.67, 6.67, 173.34, 166.63, 0, NULL),
(1561, 97, 1, '2024-11-02', 166.67, 40, 206.67, 1833.33, 1, 1050),
(1562, 97, 9, '2025-07-05', 166.67, 13.33, 180, 499.97, 0, NULL),
(1563, 97, 2, '2024-12-07', 166.67, 36.67, 203.34, 1666.66, 1, 1090),
(1564, 97, 5, '2025-03-01', 166.67, 26.67, 193.34, 1166.65, 0, NULL),
(1565, 97, 7, '2025-05-03', 166.67, 20, 186.67, 833.31, 0, NULL),
(1566, 97, 3, '2025-01-04', 166.67, 33.33, 200, 1499.99, 0, NULL),
(1567, 97, 10, '2025-08-02', 166.67, 10, 176.67, 333.3, 0, NULL),
(1568, 97, 12, '2025-10-04', 166.63, 3.33, 169.96, 0, 0, NULL),
(1569, 97, 8, '2025-06-07', 166.67, 16.67, 183.34, 666.64, 0, NULL),
(1570, 98, 1, '2024-12-07', 83.33, 40, 123.33, 1916.67, 1, 1107),
(1571, 98, 2, '2025-01-04', 83.33, 38.33, 121.66, 1833.34, 0, NULL),
(1572, 98, 3, '2025-02-01', 83.33, 36.67, 120, 1750.01, 0, NULL),
(1573, 98, 9, '2025-08-02', 83.33, 26.67, 110, 1250.03, 0, NULL),
(1574, 98, 11, '2025-10-04', 83.33, 23.33, 106.66, 1083.37, 0, NULL),
(1575, 98, 8, '2025-07-05', 83.33, 28.33, 111.66, 1333.36, 0, NULL),
(1576, 98, 10, '2025-09-06', 83.33, 25, 108.33, 1166.7, 0, NULL),
(1577, 98, 12, '2025-11-01', 83.33, 21.67, 105, 1000.04, 0, NULL),
(1578, 98, 15, '2026-02-07', 83.33, 16.67, 100, 750.05, 0, NULL),
(1579, 98, 13, '2025-12-06', 83.33, 20, 103.33, 916.71, 0, NULL),
(1580, 98, 14, '2026-01-03', 83.33, 18.33, 101.66, 833.38, 0, NULL),
(1581, 98, 4, '2025-03-01', 83.33, 35, 118.33, 1666.68, 0, NULL),
(1582, 98, 6, '2025-05-03', 83.33, 31.67, 115, 1500.02, 0, NULL),
(1583, 98, 5, '2025-04-05', 83.33, 33.33, 116.66, 1583.35, 0, NULL),
(1584, 98, 7, '2025-06-07', 83.33, 30, 113.33, 1416.69, 0, NULL),
(1585, 98, 17, '2026-04-04', 83.33, 13.33, 96.66, 583.39, 0, NULL),
(1586, 98, 19, '2026-06-06', 83.33, 10, 93.33, 416.73, 0, NULL),
(1587, 98, 16, '2026-03-07', 83.33, 15, 98.33, 666.72, 0, NULL),
(1588, 98, 21, '2026-08-01', 83.33, 6.67, 90, 250.07, 0, NULL),
(1589, 98, 20, '2026-07-04', 83.33, 8.33, 91.66, 333.4, 0, NULL),
(1590, 98, 22, '2026-09-05', 83.33, 5, 88.33, 166.74, 0, NULL),
(1591, 98, 23, '2026-10-03', 83.33, 3.33, 86.66, 83.41, 0, NULL),
(1592, 98, 24, '2026-11-07', 83.41, 1.67, 85.08, 0, 0, NULL),
(1593, 98, 18, '2026-05-02', 83.33, 11.67, 95, 500.06, 0, NULL),
(1594, 99, 9, '2025-09-06', 50, 4, 54, 150, 0, NULL),
(1595, 99, 3, '2025-03-01', 50, 10, 60, 450, 0, NULL),
(1596, 99, 4, '2025-04-05', 50, 9, 59, 400, 0, NULL),
(1597, 99, 10, '2025-10-04', 50, 3, 53, 100, 0, NULL),
(1598, 99, 1, '2025-01-04', 50, 12, 62, 550, 0, NULL),
(1599, 99, 2, '2025-02-01', 50, 11, 61, 500, 0, NULL),
(1600, 99, 8, '2025-08-02', 50, 5, 55, 200, 0, NULL),
(1601, 99, 7, '2025-07-05', 50, 6, 56, 250, 0, NULL),
(1602, 99, 6, '2025-06-07', 50, 7, 57, 300, 0, NULL),
(1603, 99, 11, '2025-11-01', 50, 2, 52, 50, 0, NULL),
(1604, 99, 5, '2025-05-03', 50, 8, 58, 350, 0, NULL),
(1605, 99, 12, '2025-12-06', 50, 1, 51, 0, 0, NULL),
(1606, 100, 1, '2025-01-04', 300, 6, 306, 0, 0, NULL),
(1607, 101, 2, '2025-02-01', 162.27, 32.45, 194.72, 1460.46, 0, NULL),
(1608, 101, 1, '2025-01-04', 162.27, 35.7, 197.97, 1622.73, 0, NULL),
(1609, 101, 5, '2025-05-03', 162.27, 22.72, 184.99, 973.65, 0, NULL),
(1610, 101, 3, '2025-03-01', 162.27, 29.21, 191.48, 1298.19, 0, NULL),
(1611, 101, 6, '2025-06-07', 162.27, 19.47, 181.74, 811.38, 0, NULL),
(1612, 101, 7, '2025-07-05', 162.27, 16.23, 178.5, 649.11, 0, NULL),
(1613, 101, 8, '2025-08-02', 162.27, 12.98, 175.25, 486.84, 0, NULL),
(1614, 101, 9, '2025-09-06', 162.27, 9.74, 172.01, 324.57, 0, NULL),
(1615, 101, 10, '2025-10-04', 162.27, 6.49, 168.76, 162.3, 0, NULL),
(1616, 101, 11, '2025-11-01', 162.3, 3.25, 165.55, 0, 0, NULL),
(1617, 101, 4, '2025-04-05', 162.27, 25.96, 188.23, 1135.92, 0, NULL);

-- --------------------------------------------------------

--
-- Estructura de tabla para la tabla `Person`
--

CREATE TABLE `Person` (
  `dni` varchar(10) NOT NULL,
  `names` varchar(50) NOT NULL,
  `surnames` varchar(50) NOT NULL,
  `birth_day` date NOT NULL,
  `address` varchar(100) NOT NULL,
  `phone` varchar(10) NOT NULL DEFAULT '999999999'
) ENGINE=InnoDB DEFAULT CHARSET=utf8mb4 COLLATE=utf8mb4_general_ci;

--
-- Volcado de datos para la tabla `Person`
--

INSERT INTO `Person` (`dni`, `names`, `surnames`, `birth_day`, `address`, `phone`) VALUES
('0103005567', 'LAURA ANGELA', 'FERNANDEZ RUMIPULLA', '1968-01-03', '-----', '0993862673'),
('0401123609', 'MARIA ESTEFANIA', 'CHAPUESGAL NAZAMUES', '1960-12-04', '-----', '0985263231'),
('0703368118', 'JEFFERSON OSWALDO', 'CULQUI SANCHEZ', '1994-07-09', '-----', '0000000000'),
('0803130632', 'ELBA CECILIA', 'SANCHEZ VASCO', '1986-12-25', '-----', '0959539380'),
('0804528958', 'CARLOS DANIEL', 'CELI SANCHEZ', '2005-09-05', '-----', '0000000000'),
('1703253326', 'MARIA SOLEDAD', 'VASCO TUPIZA', '0001-01-01', '-----', '0000000000'),
('1703277978', 'LUIS ENRIQUE', 'VASCO TUPIZA', '1951-02-13', '-----', '0982860859'),
('1703919538', 'MARIA DEL CARMEN', 'ESPIN DIAZ', '1956-01-10', '-----', '0994780033'),
('1706360177', 'VICTOR MANUEL', 'VASCO TUPIZA', '1955-12-18', '-----', '0000000000'),
('1706772884', 'EDWIN AMILCAR RAUL', 'VARGAS ALCOCER', '1964-01-20', '-----', '0994538251'),
('1707949101', 'AMPARO DEL PILAR', 'PILLAJO GUERRA', '1965-07-19', '-----', '0984052800'),
('1707953327', 'MARTHA CECILIA', 'VASCO PACHACAMA', '1964-09-16', '-----', '0962559902'),
('1708049141', 'JAVIER PATRICIO', 'VARGAS GUALPA', '1976-06-30', '-----', '0991431060'),
('1708550197', 'LUIS ANIBAL', 'ESPIN VASCO', '1972-04-23', '-----', '0000000000'),
('1709878704', 'ANA MARIA', 'CAMACHO SOSA', '0001-01-01', '-----', '0000000000'),
('1709972655', 'BERTHA UBALDINA', 'ESPIN VASCO', '1976-09-22', 'Antonio tandazo y via al IASA', '0997834327'),
('1711651347', 'MARIA SUSANA', 'CUEVA RAIMUNDO', '1975-11-14', '-----', '0000000000'),
('1712646221', 'YOLANDA DEL PILAR', 'ESPIN VASCO', '1973-09-11', '-----', '0000000000'),
('1713072856', 'MIGUEL ANGEL', 'GUTIERREZ GUTIERREZ', '1973-09-05', '-----', '0985263231'),
('1713328449', 'SANDRA JANETH', 'SANCHEZ VASCO', '1976-02-28', '-----', '0983789879'),
('1713829677', 'MARIA JACQUELINE', 'ÑACATO TIPAN', '1978-08-14', '-----', '0987164585'),
('1713848875', 'MARIA MAGDALENA', 'CULQUI PILLAJO', '1979-07-06', '-----', '0998946761'),
('1714681986', 'DARIO GERARDO', 'PACHACAMA VALVERDE', '1987-09-03', '-----', '0000000000'),
('1714728027', 'MARIANA DE JESUS', 'ALOMOTO TUPIZA', '1981-06-08', '-----', '0991062253'),
('1714932025', 'LADIS MARLENE', 'ARCOS MORALES', '1968-05-05', '-----', '0000000000'),
('1715406227', 'MAYRA HAYDE', 'SANCHEZ VASCO', '1980-11-03', '-----', '0989096053'),
('1720896222', 'EDISON PAUL', 'LOGACHO TUPIZA', '1992-09-14', '-----', '0000000000'),
('1721938932', 'FREDDY AGUSTIN', 'CHICAIZA TOAPANTA', '1987-07-26', 'Rancho los Pinos', '0984449166'),
('1722815907', 'PAOLA MARISOL', 'PACHACAMA ESPIN', '1994-10-04', 'Av. Antonio Tandazo y Via IASA', '0993270530'),
('1725264194', 'LIZETH', 'VASCO CAMACHO', '1996-03-01', '-----', '0995243107'),
('1725975658', 'KAREN LIZETH', 'LUGMAÑA ESPIN', '1999-04-30', '-----', '0984795590'),
('1727196279', 'NAYELI VANESSA', 'ARTEAGA CHICANGO', '1998-06-18', '-----', '0000000000'),
('1727625434', 'LENIN JAVIER', 'CULQUI VELASTEGUI', '2011-01-19', '-----', '2083344'),
('1751905850', 'MAYRA ELIZABETH', 'CORNEJO FERNANDEZ', '2005-10-17', '-----', '0986037412'),
('1752387504', 'LUIS SANTIAGO', 'CUASCOTA CHICAIZA', '1996-12-17', 'Rancho los Pinos', '0995497436'),
('1755007893', 'JOSUE ISMAEL', 'SILVA CULQUI', '2008-12-15', '-----', '022083304'),
('1755176342', 'MICHAEL MOISES', 'CULQUI SANCHEZ', '2009-01-25', '-----', '2083513'),
('1756016109', 'CARLOS ISRAEL', 'ESPIN CUEVA', '2005-11-09', 'Loreto', '0000000000'),
('1756525109', 'VICENTE ROMANELLY', 'GALLEGOS CHUQUIMARCA', '2014-04-04', '-----', '0984795590'),
('1760203248', 'GABRIEL SALOMON', 'CULQUI BETANCURT', '2020-04-20', '-----', '0000000000');

--
-- Índices para tablas volcadas
--

--
-- Indices de la tabla `Account`
--
ALTER TABLE `Account`
  ADD PRIMARY KEY (`number`),
  ADD KEY `Account_Person_dni_fk` (`dni`);

--
-- Indices de la tabla `Discharge`
--
ALTER TABLE `Discharge`
  ADD PRIMARY KEY (`number`),
  ADD KEY `Discharge_Entry_type_id_fk` (`type_id`);

--
-- Indices de la tabla `Discharge_bill_detail`
--
ALTER TABLE `Discharge_bill_detail`
  ADD PRIMARY KEY (`discharge_number`);

--
-- Indices de la tabla `Discharge_detail`
--
ALTER TABLE `Discharge_detail`
  ADD KEY `Discharge_detail_Discharge_number_fk` (`discharge_number`);

--
-- Indices de la tabla `Entry`
--
ALTER TABLE `Entry`
  ADD PRIMARY KEY (`number`),
  ADD KEY `Entry_Account_number_fk` (`account_number`);

--
-- Indices de la tabla `Entry_bill_detail`
--
ALTER TABLE `Entry_bill_detail`
  ADD PRIMARY KEY (`entry_number`);

--
-- Indices de la tabla `Entry_detail`
--
ALTER TABLE `Entry_detail`
  ADD KEY `Entry_detail_Entry_number_fk` (`entry_number`),
  ADD KEY `Entry_detail_Entry_type_id_fk` (`type_id`);

--
-- Indices de la tabla `Entry_type`
--
ALTER TABLE `Entry_type`
  ADD PRIMARY KEY (`id`);

--
-- Indices de la tabla `Loan`
--
ALTER TABLE `Loan`
  ADD PRIMARY KEY (`number`),
  ADD KEY `Loan_Account_number_fk` (`account`),
  ADD KEY `Loan_Account_number_fk2` (`guarantor1_account`),
  ADD KEY `Loan_Account_number_fk3` (`guarantor2_account`);

--
-- Indices de la tabla `Loan_detail`
--
ALTER TABLE `Loan_detail`
  ADD PRIMARY KEY (`id`),
  ADD KEY `Loan_detail_Entry_number_fk` (`entry_number`),
  ADD KEY `Loan_detail_Loan_number_fk` (`loan_number`);

--
-- Indices de la tabla `Person`
--
ALTER TABLE `Person`
  ADD PRIMARY KEY (`dni`);

--
-- AUTO_INCREMENT de las tablas volcadas
--

--
-- AUTO_INCREMENT de la tabla `Account`
--
ALTER TABLE `Account`
  MODIFY `number` int(11) NOT NULL AUTO_INCREMENT, AUTO_INCREMENT=58;

--
-- AUTO_INCREMENT de la tabla `Discharge`
--
ALTER TABLE `Discharge`
  MODIFY `number` int(11) NOT NULL AUTO_INCREMENT, AUTO_INCREMENT=146;

--
-- AUTO_INCREMENT de la tabla `Entry`
--
ALTER TABLE `Entry`
  MODIFY `number` int(11) NOT NULL AUTO_INCREMENT, AUTO_INCREMENT=1132;

--
-- AUTO_INCREMENT de la tabla `Entry_type`
--
ALTER TABLE `Entry_type`
  MODIFY `id` int(11) NOT NULL AUTO_INCREMENT, AUTO_INCREMENT=12;

--
-- AUTO_INCREMENT de la tabla `Loan`
--
ALTER TABLE `Loan`
  MODIFY `number` int(11) NOT NULL AUTO_INCREMENT, AUTO_INCREMENT=102;

--
-- AUTO_INCREMENT de la tabla `Loan_detail`
--
ALTER TABLE `Loan_detail`
  MODIFY `id` int(11) NOT NULL AUTO_INCREMENT, AUTO_INCREMENT=1618;

--
-- Restricciones para tablas volcadas
--

--
-- Filtros para la tabla `Account`
--
ALTER TABLE `Account`
  ADD CONSTRAINT `Account_Person_dni_fk` FOREIGN KEY (`dni`) REFERENCES `Person` (`dni`);

--
-- Filtros para la tabla `Discharge`
--
ALTER TABLE `Discharge`
  ADD CONSTRAINT `Discharge_Entry_type_id_fk` FOREIGN KEY (`type_id`) REFERENCES `Entry_type` (`id`);

--
-- Filtros para la tabla `Discharge_bill_detail`
--
ALTER TABLE `Discharge_bill_detail`
  ADD CONSTRAINT `Discharge_bill_detail_Discharge_number_fk` FOREIGN KEY (`discharge_number`) REFERENCES `Discharge` (`number`);

--
-- Filtros para la tabla `Discharge_detail`
--
ALTER TABLE `Discharge_detail`
  ADD CONSTRAINT `Discharge_detail_Discharge_number_fk` FOREIGN KEY (`discharge_number`) REFERENCES `Discharge` (`number`);

--
-- Filtros para la tabla `Entry`
--
ALTER TABLE `Entry`
  ADD CONSTRAINT `Entry_Account_number_fk` FOREIGN KEY (`account_number`) REFERENCES `Account` (`number`);

--
-- Filtros para la tabla `Entry_bill_detail`
--
ALTER TABLE `Entry_bill_detail`
  ADD CONSTRAINT `Entry_bill_detail_Entry_number_fk` FOREIGN KEY (`entry_number`) REFERENCES `Entry` (`number`);

--
-- Filtros para la tabla `Entry_detail`
--
ALTER TABLE `Entry_detail`
  ADD CONSTRAINT `Entry_detail_Entry_number_fk` FOREIGN KEY (`entry_number`) REFERENCES `Entry` (`number`),
  ADD CONSTRAINT `Entry_detail_Entry_type_id_fk` FOREIGN KEY (`type_id`) REFERENCES `Entry_type` (`id`);

--
-- Filtros para la tabla `Loan`
--
ALTER TABLE `Loan`
  ADD CONSTRAINT `Loan_Account_number_fk` FOREIGN KEY (`account`) REFERENCES `Account` (`number`),
  ADD CONSTRAINT `Loan_Account_number_fk2` FOREIGN KEY (`guarantor1_account`) REFERENCES `Account` (`number`),
  ADD CONSTRAINT `Loan_Account_number_fk3` FOREIGN KEY (`guarantor2_account`) REFERENCES `Account` (`number`);

--
-- Filtros para la tabla `Loan_detail`
--
ALTER TABLE `Loan_detail`
  ADD CONSTRAINT `Loan_detail_Entry_number_fk` FOREIGN KEY (`entry_number`) REFERENCES `Entry` (`number`),
  ADD CONSTRAINT `Loan_detail_Loan_number_fk` FOREIGN KEY (`loan_number`) REFERENCES `Loan` (`number`);
COMMIT;

/*!40101 SET CHARACTER_SET_CLIENT=@OLD_CHARACTER_SET_CLIENT */;
/*!40101 SET CHARACTER_SET_RESULTS=@OLD_CHARACTER_SET_RESULTS */;
/*!40101 SET COLLATION_CONNECTION=@OLD_COLLATION_CONNECTION */;
