-- phpMyAdmin SQL Dump
-- version 5.2.0
-- https://www.phpmyadmin.net/
--
-- Servidor: localhost
-- Tiempo de generación: 01-11-2023 a las 13:34:45
-- Versión del servidor: 10.4.27-MariaDB
-- Versión de PHP: 8.1.12

SET SQL_MODE = "NO_AUTO_VALUE_ON_ZERO";
START TRANSACTION;
SET time_zone = "+00:00";


/*!40101 SET @OLD_CHARACTER_SET_CLIENT=@@CHARACTER_SET_CLIENT */;
/*!40101 SET @OLD_CHARACTER_SET_RESULTS=@@CHARACTER_SET_RESULTS */;
/*!40101 SET @OLD_COLLATION_CONNECTION=@@COLLATION_CONNECTION */;
/*!40101 SET NAMES utf8mb4 */;

--
-- Base de datos: `cepo_de_oro`
--

-- --------------------------------------------------------

--
-- Estructura de tabla para la tabla `Account`
--

CREATE TABLE `Account` (
  `number` int(11) NOT NULL,
  `dni` varchar(10) NOT NULL
) ENGINE=InnoDB DEFAULT CHARSET=utf8mb4 COLLATE=utf8mb4_general_ci;

--
-- Volcado de datos para la tabla `Account`
--

INSERT INTO `Account` (`number`, `dni`) VALUES
(0, '0000000000'),
(14, '0103005567'),
(9, '0401123609'),
(35, '0703368118'),
(48, '0803130632'),
(31, '0804528958'),
(4, '1703253326'),
(16, '1703277978'),
(21, '1703919538'),
(18, '1706360177'),
(30, '1706772884'),
(40, '1707949101'),
(47, '1707953327'),
(17, '1708049141'),
(5, '1708550197'),
(51, '1709878704'),
(20, '1709972655'),
(2, '1711651347'),
(1, '1712646221'),
(41, '1713072856'),
(46, '1713328449'),
(19, '1713829677'),
(49, '1713848875'),
(38, '1714681986'),
(43, '1714728027'),
(26, '1714932025'),
(45, '1715406227'),
(50, '1720896222'),
(13, '1722815907'),
(53, '1725264194'),
(24, '1725975658'),
(28, '1727196279'),
(34, '1727625434'),
(12, '1751905850'),
(23, '1752387504'),
(33, '1755007893'),
(37, '1755176342'),
(22, '1756525109'),
(3, '1760203248');

-- --------------------------------------------------------

--
-- Estructura de tabla para la tabla `Discharge`
--

CREATE TABLE `Discharge` (
  `number` int(11) NOT NULL,
  `date` date NOT NULL,
  `place` varchar(20) NOT NULL,
  `beneficiary` varchar(40) NOT NULL,
  `amount` float NOT NULL,
  `is_transfer` tinyint(1) DEFAULT 0
) ENGINE=InnoDB DEFAULT CHARSET=utf8mb4 COLLATE=utf8mb4_general_ci;

--
-- Volcado de datos para la tabla `Discharge`
--

INSERT INTO `Discharge` (`number`, `date`, `place`, `beneficiary`, `amount`, `is_transfer`) VALUES
(-1, '2022-11-12', 'Loreto', 'Susana Cueva', 4, 0),
(1, '2022-07-02', 'Loreto', 'Impresiones Leo', 52, 0),
(2, '2022-07-02', 'Loreto', 'Berta Espin', 115, 0),
(3, '2022-07-02', 'Loreto', 'Mayra Cornejo', 115, 0),
(4, '2022-07-02', 'Loreto', 'Mayra Soledad Vasco', 115, 0),
(5, '2022-07-02', 'ANULADO', 'ANULADO', 0, 0),
(6, '2022-07-02', 'Loreto', 'Karen Lugmaña', 150, 0),
(7, '2022-07-02', 'ANULADO', 'ANULADO', 0, 0),
(8, '2022-07-02', 'Loreto', 'Marlene Arcos', 100, 0),
(9, '2022-08-06', 'Loreto', 'Nayeli Arteaga', 136, 0),
(10, '2022-08-06', 'Loreto', 'Martha Vasco', 136, 0),
(11, '2022-08-06', 'Loreto', 'Yolanda Espin', 300, 0),
(12, '2022-08-06', 'Loreto', 'Mayra Sanchez', 92, 0),
(13, '2022-08-06', 'Loreto', 'Sandra Sanchez', 76, 0),
(14, '2022-08-06', 'Loreto', 'Bertha Espin', 300, 0),
(15, '2022-08-06', 'Loreto', 'Susana Cueva', 3.75, 0),
(16, '2022-09-03', 'Loreto', 'Sandra Sanchez', 200, 0),
(17, '2022-10-01', 'Loreto', 'Carmen Espin', 178, 0),
(18, '2022-10-01', 'Loreto', 'Laura Fernandez', 200, 0),
(19, '2022-10-01', 'Loreto', 'Nayeli Arteaga', 200, 0),
(20, '2022-10-01', 'Loreto', 'Maria Soledad Vasco', 300, 0),
(21, '2022-10-01', 'Loreto', 'Bertha Espin', 1500, 0),
(22, '2022-10-01', 'Loreto', 'Paola Pachacama', 600, 0),
(23, '2022-11-12', 'Loreto', 'Sandra Sanchez (Cecilia)', 340, 0),
(24, '2022-11-12', 'Loreto', 'Marlene Arcos', 1000, 0),
(25, '2022-11-12', 'Loreto', 'Martha Vasco', 500, 0),
(26, '2022-11-12', 'Loreto', 'Gabriel Culqui (Sandra Betancourt)', 200, 0),
(27, '2022-11-12', 'Loreto', 'Carlos Celi (Sandra Sanchez)', 200, 0),
(28, '2022-11-12', 'Loreto', 'Mariuxi Celi Culqui', 200, 0),
(29, '2022-12-03', 'Loreto', 'Ismael Silva', 100, 0),
(30, '2022-12-03', 'Loreto', 'Maria Soledad Vasco', 1200, 0),
(31, '2022-12-03', 'Loreto', 'Luis Cuascota', 51.74, 0),
(32, '2022-12-03', 'Loreto', 'Susana Cueva', 1000, 1),
(33, '2022-12-03', 'Loreto', 'Bertha Espin', 250, 0),
(34, '2023-01-07', 'Loreto', 'Edison Logacho', 241, 0),
(35, '2023-01-07', 'ANULADO', 'ANULADO', 0, 0),
(36, '2023-01-07', 'Loreto', 'Dario Pachacama', 241, 0),
(37, '2023-01-07', 'Loreto', 'Yolanda Espin', 1000, 0),
(38, '2023-02-04', 'Loreto', 'Cecilia Sanchez (Sandra Sanchez)', 1000, 0),
(39, '2023-02-04', 'Loreto', 'Jacqueline Ñacato', 1200, 1),
(40, '2023-02-04', 'Loreto', 'Luis Anibal Espin', 300, 0),
(41, '2023-02-04', 'Loreto', 'Susana Cueva', 5, 0),
(42, '2023-03-04', 'Loreto', 'Nayeli Arteaga', 500, 0),
(43, '2023-03-04', 'Loreto', 'Laura Fernandez', 1200, 0),
(44, '2023-03-04', 'Loreto', 'Mayra Sanchez', 500, 0),
(45, '2023-03-04', 'Loreto', 'Susana Cueva', 5, 0),
(46, '2023-03-04', 'Loreto', 'Impresiones Leo', 20, 1),
(47, '2023-04-01', 'Loreto', 'SUSANA CUEVA', 5, 0),
(48, '2023-05-06', 'Loreto', 'CARMEN ESPIN', 200, 0),
(49, '2023-05-06', 'Loreto', 'SANDRA SANCHEZ', 500, 0),
(50, '2023-05-06', 'Loreto', 'PAUL LOGACHO', 1000, 0),
(51, '2023-05-06', 'Loreto', 'MARIA CHAPUESGAL', 1000, 0),
(52, '2023-05-06', 'Loreto', 'ROMANELLY GALLEGOS', 500, 0),
(53, '2023-05-06', 'Loreto', 'ROMANELLY GALLEGOS', 500, 1),
(54, '2023-05-06', 'Loreto', 'BERTHA ESPIN', 1000, 0),
(55, '2023-05-06', 'Loreto', 'SUSANA CUEVA', 5, 0),
(56, '2023-05-06', 'Loreto', 'PAOLA PACHACAMA', 400, 1),
(57, '2023-06-03', 'Loreto', 'MARTHA VASCO', 600, 0),
(58, '2023-06-03', 'Loreto', 'YOLANDA ESPIN', 1200, 0),
(59, '2023-06-03', 'Loreto', 'SUSANA CUEVA', 5, 0),
(60, '2023-06-03', 'Loreto', 'GABRIEL CULQUI', 1200, 1),
(61, '2023-06-03', 'Loreto', 'DISEÑOS LEO IMPRENTA', 12, 1),
(62, '2023-07-01', 'Loreto', 'MARIUXI CELI', 1000.4, 1),
(63, '2023-08-05', 'ANULADO', 'ANULADO', 0, 0),
(64, '2023-08-05', 'Loreto', 'ROMANELLY GALLEGOS', 1300, 1),
(65, '2023-08-05', 'Loreto', 'CAROLINA VASCO', 1500, 0),
(66, '2023-08-05', 'Loreto', 'CARMEN ESPIN', 1100, 0),
(67, '2023-08-05', 'Loreto', 'CECILIA SANCHEZ', 2000, 1),
(68, '2023-08-05', 'Loreto', 'SANDRA SANCHEZ', 10, 0),
(69, '2023-09-02', 'Loreto', 'PATRICIO VARGAS', 1000, 1),
(70, '2023-09-02', 'Loreto', 'SUSANA CUEVA', 1300, 1),
(71, '2023-09-02', 'ANULADO', 'ANULADO', 0, 0),
(72, '2023-09-02', 'LORETO', 'NAYELI ARTEAGA', 1350, 0),
(73, '2023-09-02', 'LORETO', 'NAYELI ARTEAGA', 350, 1),
(74, '2023-09-02', 'LORETO', 'SANDRA SANCHEZ', 10, 0),
(75, '2023-10-07', 'LORETO', 'LAURA FERNANDEZ', 1500, 0),
(76, '2023-10-07', 'LORETO', 'SANDRA SANCHEZ', 10, 0),
(77, '2023-10-07', 'LORETO', 'LUIS CUASCOTA', 232.42, 1),
(78, '2023-10-07', 'LORETO', 'YOLANDA ESPIN', 700, 1);

-- --------------------------------------------------------

--
-- Estructura de tabla para la tabla `Discharge_detail`
--

CREATE TABLE `Discharge_detail` (
  `discharge_number` int(11) NOT NULL,
  `description` varchar(100) NOT NULL,
  `value` float NOT NULL
) ENGINE=InnoDB DEFAULT CHARSET=utf8mb4 COLLATE=utf8mb4_general_ci;

--
-- Volcado de datos para la tabla `Discharge_detail`
--

INSERT INTO `Discharge_detail` (`discharge_number`, `description`, `value`) VALUES
(1, 'Pago de impresion de comprobantes', 52),
(2, 'Prestamo para ingreso a la caja', 115),
(3, 'Prestamo para ingreso a la caja', 115),
(4, 'Prestamo para ingreso a la caja', 115),
(6, 'Prestamo para ingreso a la caja', 150),
(8, 'Prestamo para ingreso a la caja', 100),
(9, 'Prestamo para ingreso a la caja', 136),
(10, 'Prestamo para ingreso a la caja', 136),
(11, 'Emprendimiento personal', 300),
(12, 'Prestamo para ingreso a la caja', 92),
(13, 'Prestamo para ingreso a la caja', 76),
(14, 'Inversion para comercio negocio', 300),
(15, 'Alquiler de sillas', 3.75),
(16, 'Prestamo a seis meses plazo para estudios', 200),
(17, 'Prestamo para ingreso a la caja', 178),
(18, 'Emprendimiento/Negocio', 200),
(19, 'Emprendimiento personal', 200),
(20, 'Emprendimiento/Agricultura', 300),
(21, 'Credito Negocio', 1500),
(22, 'Estudios', 600),
(23, 'Compra de fertilizantes agricolas', 340),
(24, 'Construccion', 1000),
(25, 'Comercio', 500),
(26, 'Prestamo para ingreso a la caja', 200),
(27, 'Prestamo para ingreso a la caja', 200),
(28, 'Prestamo para ingreso a la caja', 200),
(29, 'Prestamo para ingreso a la caja', 100),
(30, 'Prestamo Solicitud 18, tabla 29', 1200),
(31, 'Pago de compras de papeleria', 51.74),
(32, 'Prestamo $1000', 1000),
(33, 'Presupuesto para evento Navideño', 250),
(34, 'Ingreso como socio a la caja', 241),
(36, 'Ingreso como socio a la caja', 241),
(37, 'Prestamo', 1000),
(38, 'Prestamo 12 meses plazo, para insumos agricolas', 1000),
(39, 'Prestamo 24 meses plazo, negocio inflables', 1200),
(40, 'Prestamo 6 meses plazo, consumo', 300),
(41, 'Alquiler Local', 5),
(-1, 'Alquiler Local', 4),
(42, 'Prestamo 12 meses plazo para emprendimiento', 500),
(43, 'Prestamo 12 meses plazo para estudios', 1200),
(44, 'Prestamo 8 meses plazo', 500),
(45, 'Alquiler de local', 5),
(46, 'Impresion de comprobantes', 20),
(47, 'Alquiler de local', 5),
(48, 'PRESTAMO', 200),
(49, 'PRESTAMO', 500),
(50, 'PRESTAMO', 1000),
(51, 'PRESTAMO', 1000),
(52, 'PRESTAMO MITAD EFECTIVO', 500),
(53, 'PRESTAMO MITAD TRANSFERENCIA', 500),
(54, 'PRESTAMO MIL', 1000),
(55, 'PAGO LOCAL', 5),
(56, 'PRESTAMO', 400),
(57, 'PRESTAMO', 600),
(58, 'PRESTAMO', 1200),
(59, 'ALQUILER LOCAL', 5),
(60, 'PRESTAMO EMPRENDIMIENTO', 1200),
(61, 'BLOCK TABLA AMORTIZACION (51-100)', 12),
(62, 'PRESTAMO CONSUMO', 1000),
(62, 'TRANSFERENCIA INTERBANCARIA', 0.4),
(64, 'PRESTAMO CONSUMO', 1300),
(65, 'PRESTAMO ESTUDIOS', 1500),
(66, 'PRESTAMO CONSUMO', 1100),
(67, 'INSUMOS AGRICOLAS', 2000),
(68, 'ALQUILER LOCAL', 10),
(69, 'PRESTAMO COSNUMO', 1000),
(70, 'PRESTAMO EMPRENDIMIENTO', 1300),
(72, 'PRESTAMO EMPRENDIMIENTO EFECTIVO', 1100),
(73, 'PRESTAMO EMPRENDIMIENTO TRANSFERENCIA', 350),
(74, 'ALQUILER LOCAL', 10),
(75, 'EDUCACION', 1500),
(76, 'ALQUILER LOCAL', 10),
(77, 'PAGO IMPRESORA', 232.42),
(78, 'EMPRENDIMIENTO', 700);

-- --------------------------------------------------------

--
-- Estructura de tabla para la tabla `Entry`
--

CREATE TABLE `Entry` (
  `number` int(11) NOT NULL,
  `account_number` int(11) DEFAULT NULL,
  `amount` float NOT NULL,
  `date` date NOT NULL,
  `place` varchar(20) DEFAULT 'Loreto',
  `is_transfer` tinyint(1) DEFAULT 0
) ENGINE=InnoDB DEFAULT CHARSET=utf8mb4 COLLATE=utf8mb4_general_ci;

--
-- Volcado de datos para la tabla `Entry`
--

INSERT INTO `Entry` (`number`, `account_number`, `amount`, `date`, `place`, `is_transfer`) VALUES
(-2, 20, 200, '2022-10-01', 'Loreto', 0),
(-1, 21, 178, '2022-10-01', 'Loreto', 0),
(1, 19, 115, '2022-07-02', 'Loreto', 0),
(2, 17, 115, '2022-07-02', 'Loreto', 0),
(3, 16, 115, '2022-07-02', 'Loreto', 0),
(4, 18, 115, '2022-07-02', 'Loreto', 0),
(5, 14, 115, '2022-07-02', 'Loreto', 0),
(6, 12, 115, '2022-07-02', 'Loreto', 0),
(7, 1, 115, '2022-07-02', 'Loreto', 0),
(8, 4, 115, '2022-07-02', 'Loreto', 0),
(9, 24, 115, '2022-07-02', 'Loreto', 0),
(10, 22, 115, '2022-07-02', 'Loreto', 0),
(11, 13, 115, '2022-07-02', 'Loreto', 0),
(12, 23, 115, '2022-07-02', 'Loreto', 0),
(13, 5, 115, '2022-07-02', 'Loreto', 0),
(14, 9, 115, '2022-07-02', 'Loreto', 0),
(15, 20, 115, '2022-07-02', 'Loreto', 0),
(16, 41, 115, '2022-07-02', 'Loreto', 0),
(17, 26, 115, '2022-07-02', 'Loreto', 0),
(18, 40, 121, '2022-08-06', 'Loreto', 0),
(19, 49, 136, '2022-08-06', 'Loreto', 0),
(20, 28, 136, '2022-08-06', 'Loreto', 0),
(21, 47, 136, '2022-08-06', 'Loreto', 0),
(22, 2, 136, '2022-08-06', 'Loreto', 0),
(23, 1, 22, '2022-08-06', 'Loreto', 0),
(24, 20, 138.3, '2022-08-06', 'Loreto', 0),
(25, 12, 42.47, '2022-08-06', 'Loreto', 0),
(26, 14, 21, '2022-08-06', 'Loreto', 0),
(27, 4, 80.8, '2022-08-06', 'Loreto', 0),
(28, 5, 21, '2022-08-06', 'Loreto', 0),
(29, 16, 21, '2022-08-06', 'Loreto', 0),
(30, 18, 21, '2022-08-06', 'Loreto', 0),
(31, 26, 73, '2022-08-06', 'Loreto', 0),
(32, 9, 21, '2022-08-06', 'Loreto', 0),
(33, 41, 21, '2022-08-06', 'Loreto', 0),
(34, 24, 49, '2022-08-06', 'Loreto', 0),
(35, 22, 30, '2022-08-06', 'Loreto', 0),
(36, 43, 136, '2022-08-06', 'Loreto', 0),
(37, 48, 136, '2022-08-06', 'Loreto', 0),
(38, 45, 136, '2022-08-06', 'Loreto', 0),
(39, 46, 136, '2022-08-06', 'Loreto', 0),
(40, 13, 21, '2022-08-06', 'Loreto', 0),
(41, 17, 21, '2022-08-06', 'Loreto', 0),
(42, 23, 21, '2022-08-06', 'Loreto', 0),
(43, 20, 1, '2022-08-06', 'Loreto', 0),
(44, 28, 91.72, '2022-09-03', 'Loreto', 0),
(45, 40, 36, '2022-09-03', 'Loreto', 0),
(46, 49, 21, '2022-09-03', 'Loreto', 0),
(47, 43, 21, '2022-09-03', 'Loreto', 0),
(48, 2, 21, '2022-09-03', 'Loreto', 0),
(49, 20, 56, '2022-09-03', 'Loreto', 0),
(50, 48, 21, '2022-09-03', 'Loreto', 0),
(51, 46, 37.72, '2022-09-03', 'Loreto', 0),
(52, 45, 41.24, '2022-09-03', 'Loreto', 0),
(53, 4, 80.8, '2022-09-03', 'Loreto', 0),
(54, 12, 42.47, '2022-09-03', 'Loreto', 0),
(55, 16, 21, '2022-09-03', 'Loreto', 0),
(56, 18, 21, '2022-09-03', 'Loreto', 0),
(57, 14, 21, '2022-09-03', 'Loreto', 0),
(58, 26, 73, '2022-09-03', 'Loreto', 0),
(59, 19, 43, '2022-09-03', 'Loreto', 0),
(60, 1, 77, '2022-09-03', 'Loreto', 0),
(61, 9, 21, '2022-09-03', 'Loreto', 0),
(62, 41, 21, '2022-09-03', 'Loreto', 0),
(63, 5, 21, '2022-09-03', 'Loreto', 0),
(64, 20, 21, '2022-09-03', 'Loreto', 0),
(65, 13, 21, '2022-09-03', 'Loreto', 0),
(66, 23, 21, '2022-09-03', 'Loreto', 0),
(67, 17, 21, '2022-09-03', 'Loreto', 0),
(68, 30, 157, '2022-09-03', 'Loreto', 0),
(69, 46, 1, '2022-09-03', 'Loreto', 0),
(70, 46, 75.05, '2022-10-01', 'Loreto', 0),
(71, 48, 21, '2022-10-01', 'Loreto', 0),
(72, 45, 41.24, '2022-10-01', 'Loreto', 0),
(73, 26, 21, '2022-10-01', 'Loreto', 0),
(74, 9, 21, '2022-10-01', 'Loreto', 0),
(75, 41, 21, '2022-10-01', 'Loreto', 0),
(76, 14, 21, '2022-10-01', 'Loreto', 0),
(77, 12, 42.47, '2022-10-01', 'Loreto', 0),
(78, 28, 91.72, '2022-10-01', 'Loreto', 0),
(79, 0, 0, '2022-10-01', 'ANULADO', 0),
(80, 47, 189.44, '2022-10-01', 'Loreto', 0),
(81, 2, 21, '2022-10-01', 'Loreto', 0),
(82, 20, 56, '2022-10-01', 'Loreto', 0),
(83, 4, 21, '2022-10-01', 'Loreto', 0),
(84, 49, 21, '2022-10-01', 'Loreto', 0),
(85, 16, 21, '2022-10-01', 'Loreto', 0),
(86, 18, 21, '2022-10-01', 'Loreto', 0),
(87, 30, 21, '2022-10-01', 'Loreto', 0),
(88, 40, 21, '2022-10-01', 'Loreto', 0),
(89, 20, 21, '2022-10-01', 'Loreto', 0),
(90, 43, 21, '2022-10-01', 'Loreto', 0),
(91, 17, 21, '2022-10-01', 'Loreto', 0),
(92, 1, 77, '2022-10-01', 'Loreto', 0),
(93, 19, 21, '2022-10-01', 'Loreto', 0),
(94, 13, 21, '2022-10-01', 'Loreto', 0),
(95, 23, 21, '2022-10-01', 'Loreto', 0),
(96, 41, 21, '2022-11-12', 'Loreto', 0),
(97, 9, 21, '2022-11-12', 'Loreto', 0),
(98, 26, 21, '2022-11-12', 'Loreto', 0),
(99, 16, 21, '2022-11-12', 'Loreto', 0),
(100, 18, 21, '2022-11-12', 'Loreto', 0),
(101, 49, 21, '2022-11-12', 'Loreto', 0),
(102, 21, 54.23, '2022-11-12', 'Loreto', 0),
(103, 30, 21, '2022-11-12', 'Loreto', 0),
(104, 40, 21, '2022-11-12', 'Loreto', 0),
(105, 46, 37.72, '2022-11-12', 'Loreto', 0),
(106, 46, 30.4, '2022-11-12', 'Loreto', 0),
(107, 43, 21, '2022-11-12', 'Loreto', 0),
(108, 47, 21, '2022-11-12', 'Loreto', 0),
(109, 12, 42.47, '2022-11-12', 'Loreto', 0),
(110, 48, 158.34, '2022-11-12', 'Loreto', 0),
(111, 2, 21, '2022-11-12', 'Loreto', 0),
(112, 1, 77, '2022-11-12', 'Loreto', 0),
(113, 14, 58.33, '2022-11-12', 'Loreto', 0),
(114, 45, 41.24, '2022-11-12', 'Loreto', 0),
(115, 0, 0, '2022-11-12', 'ANULADO', 0),
(116, 24, 156.5, '2022-11-12', 'Loreto', 0),
(117, 4, 127, '2022-11-12', 'Loreto', 0),
(118, 28, 58.33, '2022-11-12', 'Loreto', 0),
(119, 5, 43, '2022-11-12', 'Loreto', 0),
(120, 20, 113.5, '2022-11-12', 'Loreto', 1),
(121, 0, 0, '2022-11-12', 'ANULADO', 0),
(122, 13, 118.71, '2022-11-12', 'Loreto', 0),
(123, 23, 21, '2022-11-12', 'Loreto', 0),
(124, 48, 34.33, '2022-11-12', 'Loreto', 0),
(125, 3, 200, '2022-11-12', 'Loreto', 0),
(126, 31, 200, '2022-11-12', 'Loreto', 0),
(127, 35, 200, '2022-11-12', 'Loreto', 0),
(128, 21, 54.23, '2022-12-03', 'Loreto', 0),
(129, 40, 21, '2022-12-03', 'Loreto', 0),
(130, 49, 21, '2022-12-03', 'Loreto', 0),
(131, 46, 21, '2022-12-03', 'Loreto', 0),
(132, 48, 70.3, '2022-12-03', 'Loreto', 0),
(133, 31, 75, '2022-12-03', 'Loreto', 0),
(134, 45, 41.24, '2022-12-03', 'Loreto', 0),
(135, 26, 96.56, '2022-12-03', 'Loreto', 0),
(136, 30, 21, '2022-12-03', 'Loreto', 0),
(137, 28, 58.33, '2022-12-03', 'Loreto', 0),
(138, 41, 21, '2022-12-03', 'Loreto', 0),
(139, 9, 21, '2022-12-03', 'Loreto', 0),
(140, 3, 91.31, '2022-12-03', 'Loreto', 0),
(141, 2, 21, '2022-12-03', 'Loreto', 0),
(142, 23, 21, '2022-12-03', 'Loreto', 0),
(143, 13, 118.71, '2022-12-03', 'Loreto', 1),
(144, 33, 221, '2022-12-03', 'Loreto', 0),
(145, 4, 127, '2022-12-03', 'Loreto', 0),
(146, 5, 21, '2022-12-03', 'Loreto', 0),
(147, 12, 42.47, '2022-12-03', 'Loreto', 0),
(148, 14, 58.33, '2022-12-03', 'Loreto', 0),
(149, 1, 77, '2022-12-03', 'Loreto', 0),
(150, 20, 113.5, '2022-12-03', 'Loreto', 0),
(151, 4, 100, '2022-12-03', 'Loreto', 0),
(152, 20, 1375, '2022-12-03', 'Loreto', 1),
(153, 19, 43, '2022-12-03', 'Loreto', 1),
(154, 43, 21, '2022-12-03', 'Loreto', 1),
(155, 17, 66, '2023-01-07', 'Loreto', 1),
(156, 30, 21, '2023-01-07', 'Loreto', 0),
(157, 13, 118.71, '2023-01-07', 'Loreto', 1),
(158, 26, 95.45, '2023-01-07', 'Loreto', 0),
(159, 34, 242, '2023-01-07', 'Loreto', 0),
(160, 40, 21, '2023-01-07', 'Loreto', 0),
(161, 21, 54.23, '2023-01-07', 'Loreto', 0),
(162, 16, 43, '2023-01-07', 'Loreto', 0),
(163, 18, 43, '2023-01-07', 'Loreto', 0),
(164, 46, 21, '2023-01-07', 'Loreto', 0),
(165, 31, 175, '2023-01-07', 'Loreto', 0),
(166, 45, 41.24, '2023-01-07', 'Loreto', 0),
(167, 48, 69.45, '2023-01-07', 'Loreto', 0),
(168, 47, 250, '2023-01-07', 'Loreto', 0),
(169, 14, 58.33, '2023-01-07', 'Loreto', 0),
(170, 12, 42.47, '2023-01-07', 'Loreto', 0),
(171, 43, 21, '2023-01-07', 'Loreto', 0),
(172, 49, 21, '2023-01-07', 'Loreto', 0),
(173, 33, 48, '2023-01-07', 'Loreto', 0),
(174, 35, 267, '2023-01-07', 'Loreto', 0),
(175, 0, 0, '2023-01-07', 'ANULADO', 0),
(176, 37, 241, '2023-01-07', 'Loreto', 0),
(177, 41, 21, '2023-01-07', 'Loreto', 0),
(178, 9, 21, '2023-01-07', 'Loreto', 0),
(179, 23, 21, '2023-01-07', 'Loreto', 0),
(180, 20, 21, '2023-01-07', 'Loreto', 0),
(181, 38, 241, '2023-01-07', 'Loreto', 0),
(182, 2, 82.67, '2023-01-07', 'Loreto', 0),
(183, 4, 95, '2023-01-07', 'Loreto', 0),
(184, 3, 157.65, '2023-01-07', 'Loreto', 1),
(185, 5, 21, '2023-01-07', 'Loreto', 0),
(186, 24, 52.5, '2023-01-07', 'Loreto', 0),
(187, 50, 241, '2023-01-07', 'Loreto', 0),
(188, 1, 128, '2023-01-07', 'Loreto', 0),
(189, 19, 43, '2023-02-04', 'Loreto', 0),
(190, 28, 120.99, '2023-02-04', 'Loreto', 0),
(191, 34, 21, '2023-02-04', 'Loreto', 0),
(192, 40, 21, '2023-02-04', 'Loreto', 0),
(193, 30, 21, '2023-02-04', 'Loreto', 0),
(194, 38, 65.99, '2023-02-04', 'Loreto', 0),
(195, 18, 21, '2023-02-04', 'Loreto', 0),
(196, 16, 21, '2023-02-04', 'Loreto', 0),
(197, 4, 187, '2023-02-04', 'Loreto', 0),
(198, 21, 54.23, '2023-02-04', 'Loreto', 0),
(199, 51, 262, '2023-02-04', 'Loreto', 0),
(200, 35, 21, '2023-02-04', 'Loreto', 0),
(201, 31, 21, '2023-02-04', 'Loreto', 0),
(202, 37, 21, '2023-02-04', 'Loreto', 0),
(203, 45, 21, '2023-02-04', 'Loreto', 0),
(204, 46, 21, '2023-02-04', 'Loreto', 0),
(205, 48, 153.6, '2023-02-04', 'Loreto', 0),
(206, 5, 21, '2023-02-04', 'Loreto', 0),
(207, 12, 21, '2023-02-04', 'Loreto', 0),
(208, 14, 58.33, '2023-02-04', 'Loreto', 0),
(209, 50, 65.99, '2023-02-04', 'Loreto', 0),
(210, 48, 128.5, '2023-02-04', 'Loreto', 0),
(211, 9, 21, '2023-02-04', 'Loreto', 0),
(212, 41, 21, '2023-02-04', 'Loreto', 0),
(213, 43, 21, '2023-02-04', 'Loreto', 0),
(214, 1, 124.33, '2023-02-04', 'Loreto', 0),
(215, 24, 73.5, '2023-02-04', 'Loreto', 0),
(216, 26, 95.45, '2023-02-04', 'Loreto', 0),
(217, 47, 128, '2023-02-04', 'Loreto', 0),
(218, 49, 21, '2023-02-04', 'Loreto', 0),
(219, 33, 48, '2023-02-04', 'Loreto', 0),
(220, 3, 21, '2023-02-04', 'Loreto', 0),
(221, 20, 21, '2023-02-04', 'Loreto', 0),
(222, 5, 1, '2023-02-04', 'Loreto', 0),
(223, 19, 1, '2023-02-04', 'Loreto', 0),
(224, 2, 81.84, '2023-02-04', 'Loreto', 1),
(225, 23, 21, '2023-02-04', 'Loreto', 0),
(226, 13, 118.71, '2023-02-04', 'Loreto', 1),
(227, 2, 81, '2023-03-04', 'Loreto', 1),
(228, 40, 21, '2023-03-04', 'Loreto', 0),
(229, 34, 21, '2023-03-04', 'Loreto', 0),
(230, 30, 21, '2023-03-04', 'Loreto', 0),
(231, 16, 21, '2023-03-04', 'Loreto', 0),
(232, 18, 21, '2023-03-04', 'Loreto', 0),
(233, 21, 54.23, '2023-03-04', 'Loreto', 0),
(234, 28, 91.66, '2023-03-04', 'Loreto', 0),
(235, 47, 125, '2023-03-04', 'Loreto', 0),
(236, 37, 21, '2023-03-04', 'Loreto', 0),
(237, 46, 21, '2023-03-04', 'Loreto', 0),
(238, 48, 124.33, '2023-03-04', 'Loreto', 0),
(239, 35, 21, '2023-03-04', 'Loreto', 1),
(240, 45, 21, '2023-03-04', 'Loreto', 0),
(241, 31, 21, '2023-03-04', 'Loreto', 0),
(242, 4, 92, '2023-03-04', 'Loreto', 0),
(243, 1, 101.66, '2023-03-04', 'Loreto', 0),
(244, 24, 21, '2023-03-04', 'Loreto', 0),
(245, 38, 65.19, '2023-03-04', 'Loreto', 0),
(246, 51, 21, '2023-03-04', 'Loreto', 0),
(247, 26, 93.23, '2023-03-04', 'Loreto', 0),
(248, 9, 21, '2023-03-04', 'Loreto', 0),
(249, 41, 21, '2023-03-04', 'Loreto', 0),
(250, 33, 48, '2023-03-04', 'Loreto', 0),
(251, 49, 21, '2023-03-04', 'Loreto', 0),
(252, 50, 65.19, '2023-03-04', 'Loreto', 0),
(253, 12, 21, '2023-03-04', 'Loreto', 0),
(254, 14, 91.66, '2023-03-04', 'Loreto', 0),
(255, 20, 21, '2023-03-04', 'Loreto', 0),
(256, 3, 21, '2023-03-04', 'Loreto', 1),
(257, 13, 118.71, '2023-03-04', 'Loreto', 1),
(258, 23, 21, '2023-03-04', 'Loreto', 0),
(259, 17, 43, '2023-03-04', 'Loreto', 1),
(260, 19, 95, '2023-03-04', 'Loreto', 1),
(261, 48, 122.66, '2023-04-01', 'Loreto', 0),
(262, 31, 21, '2023-04-01', 'Loreto', 0),
(263, 38, 63.38, '2023-04-01', 'Loreto', 0),
(264, 45, 72.5, '2023-04-01', 'Loreto', 0),
(265, 45, 21, '2023-04-01', 'Loreto', 1),
(266, 46, 21, '2023-04-01', 'Loreto', 1),
(267, 37, 21, '2023-04-01', 'Loreto', 1),
(268, 1, 143, '2023-04-01', 'Loreto', 0),
(269, 24, 21, '2023-04-01', 'Loreto', 0),
(270, 49, 21, '2023-04-01', 'Loreto', 0),
(271, 33, 48, '2023-04-01', 'Loreto', 0),
(272, 21, 54.23, '2023-04-01', 'Loreto', 0),
(273, 16, 21, '2023-04-01', 'Loreto', 0),
(274, 18, 21, '2023-04-01', 'Loreto', 0),
(275, 9, 21, '2023-04-01', 'Loreto', 0),
(276, 41, 21, '2023-04-01', 'Loreto', 0),
(277, 51, 21, '2023-04-01', 'Loreto', 0),
(278, 53, 304, '2023-04-01', 'Loreto', 0),
(279, 12, 21, '2023-04-01', 'Loreto', 0),
(280, 14, 145, '2023-04-01', 'Loreto', 0),
(281, 34, 21, '2023-04-01', 'Loreto', 0),
(282, 40, 21, '2023-04-01', 'Loreto', 0),
(283, 5, 160, '2023-04-01', 'Loreto', 0),
(284, 4, 91, '2023-04-01', 'Loreto', 0),
(285, 26, 92.12, '2023-04-01', 'Loreto', 0),
(286, 50, 64.38, '2023-04-01', 'Loreto', 0),
(287, 43, 43, '2023-04-01', 'Loreto', 0),
(288, 30, 21, '2023-04-01', 'Loreto', 0),
(289, 20, 21, '2023-04-01', 'Loreto', 0),
(290, 3, 21, '2023-04-01', 'Loreto', 1),
(291, 13, 118.71, '2023-04-01', 'Loreto', 1),
(292, 19, 94, '2023-04-01', 'Loreto', 1),
(293, 2, 80.17, '2023-04-01', 'Loreto', 1),
(294, 23, 21, '2023-04-01', 'Loreto', 1),
(295, 17, 21, '2023-04-01', 'Loreto', 1),
(296, 35, 21, '2023-04-01', 'Loreto', 1),
(297, 50, 63.58, '2023-05-06', 'Loreto', 1),
(298, 35, 21, '2023-05-06', 'Loreto', 1),
(299, 3, 21, '2023-05-06', 'Loreto', 1),
(300, 23, 21, '2023-05-06', 'Loreto', 1),
(301, 19, 93, '2023-05-06', 'Loreto', 1),
(302, 40, 21, '2023-05-06', 'Loreto', 0),
(303, 34, 21, '2023-05-06', 'Loreto', 0),
(304, 47, 177, '2023-05-06', 'Loreto', 0),
(305, 28, 149.68, '2023-05-06', 'Loreto', 0),
(306, 38, 63.58, '2023-05-06', 'Loreto', 0),
(307, 46, 21, '2023-05-06', 'Loreto', 0),
(308, 37, 21, '2023-05-06', 'Loreto', 0),
(309, 0, 0, '2023-05-05', 'ANULADO', 0),
(310, 45, 92.25, '2023-05-06', 'Loreto', 1),
(311, 48, 121, '2023-05-06', 'Loreto', 1),
(312, 31, 21, '2023-05-06', 'Loreto', 1),
(313, 30, 21, '2023-05-06', 'Loreto', 0),
(314, 21, 22, '2023-05-06', 'Loreto', 0),
(315, 16, 21, '2023-05-06', 'Loreto', 0),
(316, 18, 21, '2023-05-06', 'Loreto', 0),
(317, 12, 21, '2023-05-06', 'Loreto', 0),
(318, 14, 143, '2023-05-06', 'Loreto', 0),
(319, 49, 21, '2023-05-06', 'Loreto', 0),
(320, 33, 21, '2023-05-06', 'Loreto', 0),
(321, 26, 91, '2023-05-06', 'Loreto', 0),
(322, 50, 80.34, '2023-05-06', 'Loreto', 0),
(323, 43, 21, '2023-05-06', 'Loreto', 0),
(324, 4, 158, '2023-05-06', 'Loreto', 0),
(325, 5, 77, '2023-05-06', 'Loreto', 0),
(326, 51, 21, '2023-05-06', 'Loreto', 0),
(327, 53, 21, '2023-05-06', 'Loreto', 0),
(328, 41, 21, '2023-05-06', 'Loreto', 0),
(329, 9, 22, '2023-05-06', 'Loreto', 0),
(330, 24, 21, '2023-05-06', 'Loreto', 0),
(331, 2, 870.99, '2023-05-06', 'Loreto', 1),
(332, 22, 188, '2023-05-06', 'Loreto', 0),
(333, 1, 119.33, '2023-05-06', 'Loreto', 0),
(334, 17, 21, '2023-05-06', 'Loreto', 1),
(335, 13, 118.71, '2023-05-06', 'Loreto', 1),
(336, 20, 21, '2023-05-06', 'Loreto', 1),
(337, 13, 109, '2023-06-03', 'Loreto', 1),
(338, 19, 92, '2023-06-03', 'Loreto', 1),
(339, 23, 21, '2023-06-03', 'Loreto', 1),
(340, 14, 141, '2023-06-03', 'Loreto', 0),
(341, 12, 21, '2023-06-03', 'Loreto', 0),
(342, 53, 21, '2023-06-03', 'Loreto', 0),
(343, 51, 21, '2023-06-03', 'Loreto', 0),
(344, 49, 21, '2023-06-03', 'Loreto', 0),
(345, 33, 21, '2023-06-03', 'Loreto', 0),
(346, 35, 21, '2023-06-03', 'Loreto', 1),
(347, 45, 91, '2023-06-03', 'Loreto', 1),
(348, 48, 119.33, '2023-06-03', 'Loreto', 1),
(349, 31, 21, '2023-06-03', 'Loreto', 1),
(350, 37, 21, '2023-06-03', 'Loreto', 1),
(351, 46, 72.67, '2023-06-03', 'Loreto', 1),
(352, 38, 62.78, '2023-06-03', 'Loreto', 1),
(353, 3, 21, '2023-06-03', 'Loreto', 1),
(354, 21, 21, '2023-06-03', 'Loreto', 0),
(355, 22, 107.67, '2023-06-03', 'Loreto', 0),
(356, 16, 21, '2023-06-03', 'Loreto', 0),
(357, 18, 21, '2023-06-03', 'Loreto', 0),
(358, 41, 21, '2023-06-03', 'Loreto', 0),
(359, 9, 124.33, '2023-06-03', 'Loreto', 0),
(360, 28, 71, '2023-06-03', 'Loreto', 0),
(361, 47, 22, '2023-06-03', 'Loreto', 0),
(362, 4, 88, '2023-06-03', 'Loreto', 0),
(363, 5, 77, '2023-06-03', 'Loreto', 0),
(364, 1, 688.68, '2023-06-03', 'Loreto', 0),
(365, 17, 21, '2023-06-03', 'Loreto', 1),
(366, 30, 21, '2023-06-03', 'Loreto', 1),
(367, 26, 89.89, '2023-06-03', 'Loreto', 1),
(368, 40, 21, '2023-06-03', 'Loreto', 1),
(369, 34, 21, '2023-06-03', 'Loreto', 1),
(370, 50, 107.67, '2023-06-03', 'Loreto', 1),
(371, 23, 21, '2023-07-01', 'Loreto', 1),
(372, 19, 91, '2023-07-01', 'Loreto', 1),
(373, 2, 43, '2023-07-01', 'Loreto', 1),
(374, 26, 88.78, '2023-07-01', 'Loreto', 0),
(375, 33, 21, '2023-07-01', 'Loreto', 0),
(376, 49, 21, '2023-07-01', 'Loreto', 0),
(377, 37, 21, '2023-07-01', 'Loreto', 0),
(378, 45, 89.75, '2023-07-01', 'Loreto', 1),
(379, 48, 117.66, '2023-07-01', 'Loreto', 1),
(380, 31, 21, '2023-07-01', 'Loreto', 1),
(381, 46, 71.84, '2023-07-01', 'Loreto', 1),
(382, 51, 21, '2023-07-01', 'Loreto', 0),
(383, 53, 21, '2023-07-01', 'Loreto', 0),
(384, 38, 61.97, '2023-07-01', 'Loreto', 0),
(385, 12, 21, '2023-07-01', 'Loreto', 0),
(386, 14, 139, '2023-07-01', 'Loreto', 0),
(387, 50, 106.34, '2023-07-01', 'Loreto', 0),
(388, 16, 21, '2023-07-01', 'Loreto', 0),
(389, 18, 21, '2023-07-01', 'Loreto', 0),
(390, 9, 122.66, '2023-07-01', 'Loreto', 0),
(391, 41, 21, '2023-07-01', 'Loreto', 0),
(392, 28, 70.17, '2023-07-01', 'Loreto', 0),
(393, 47, 75.86, '2023-07-01', 'Loreto', 0),
(394, 17, 21, '2023-07-01', 'Loreto', 0),
(395, 30, 21, '2023-07-01', 'Loreto', 0),
(396, 34, 21, '2023-07-01', 'Loreto', 0),
(397, 40, 21, '2023-07-01', 'Loreto', 0),
(398, 13, 107.4, '2023-07-01', 'Loreto', 1),
(399, 43, 43, '2023-07-01', 'Loreto', 0),
(400, 4, 21, '2023-07-01', 'Loreto', 0),
(401, 5, 77, '2023-07-01', 'Loreto', 0),
(402, 3, 95, '2023-07-01', 'Loreto', 1),
(403, 20, 169.68, '2023-07-01', 'Loreto', 1),
(404, 35, 21, '2023-07-01', 'Loreto', 0),
(405, 24, 43, '2023-07-01', 'Loreto', 0),
(406, 21, 98.99, '2023-07-01', 'Loreto', 0),
(407, 3, 21, '2023-07-01', 'Loreto', 1),
(408, 1, 1221, '2023-07-01', 'Loreto', 1),
(409, 22, 954.33, '2023-07-01', 'Loreto', 1),
(410, 13, 105.8, '2023-08-05', 'Loreto', 1),
(411, 3, 21, '2023-08-04', 'Loreto', 1),
(412, 50, 105, '2023-08-04', 'Loreto', 1),
(413, 19, 90, '2023-08-04', 'Loreto', 1),
(414, 38, 21, '2023-08-04', 'Loreto', 1),
(415, 43, 21, '2023-08-04', 'Loreto', 1),
(416, 45, 271, '2023-08-05', 'Loreto', 1),
(417, 48, 604.31, '2023-08-05', 'Loreto', 1),
(418, 22, 34, '2023-08-05', 'Loreto', 0),
(419, 1, 21, '2023-08-05', 'Loreto', 0),
(420, 24, 21, '2023-08-05', 'Loreto', 0),
(421, 21, 58.33, '2023-08-05', 'Loreto', 0),
(422, 41, 21, '2023-08-05', 'Loreto', 0),
(423, 9, 121, '2023-08-05', 'Loreto', 0),
(424, 26, 87.67, '2023-08-05', 'Loreto', 0),
(425, 16, 21, '2023-08-05', 'Loreto', 0),
(426, 18, 21, '2023-08-05', 'Loreto', 0),
(427, 5, 77, '2023-08-05', 'Loreto', 0),
(428, 35, 124.33, '2023-08-05', 'Loreto', 0),
(429, 53, 21, '2023-08-05', 'Loreto', 0),
(430, 51, 21, '2023-08-05', 'Loreto', 0),
(431, 28, 69.34, '2023-08-05', 'Loreto', 1),
(432, 47, 75, '2023-08-05', 'Loreto', 1),
(433, 12, 21, '2023-08-05', 'Loreto', 0),
(434, 14, 137, '2023-08-05', 'Loreto', 0),
(435, 31, 21, '2023-08-05', 'Loreto', 0),
(436, 46, 71, '2023-08-05', 'Loreto', 0),
(437, 37, 21, '2023-08-05', 'Loreto', 0),
(438, 21, 101, '2023-08-05', 'Loreto', 0),
(439, 53, 1, '2023-08-05', 'Loreto', 0),
(440, 2, 21, '2023-08-05', 'Loreto', 1),
(441, 49, 21, '2023-08-05', 'Loreto', 0),
(442, 33, 21, '2023-08-05', 'Loreto', 0),
(443, 3, 74, '2023-08-05', 'Loreto', 1),
(444, 20, 81, '2023-08-05', 'Loreto', 1),
(445, 23, 21, '2023-08-05', 'Loreto', 1),
(446, 48, 1, '2023-08-05', 'Loreto', 0),
(447, 17, 22, '2023-08-05', 'Loreto', 1),
(448, 30, 22, '2023-08-05', 'Loreto', 1),
(449, 3, 21, '2023-09-02', 'Loreto', 1),
(450, 13, 104.2, '2023-09-02', 'Loreto', 1),
(451, 17, 21, '2023-09-02', 'Loreto', 1),
(452, 30, 21, '2023-09-02', 'Loreto', 1),
(453, 19, 89, '2023-09-02', 'Loreto', 1),
(454, 23, 21, '2023-09-02', 'Loreto', 1),
(455, 38, 21, '2023-09-02', 'Loreto', 1),
(456, 45, 21, '2023-09-02', 'Loreto', 1),
(457, 48, 227.67, '2023-09-02', 'Loreto', 1),
(458, 31, 21, '2023-09-02', 'Loreto', 1),
(459, 46, 70.17, '2023-09-02', 'Loreto', 1),
(460, 53, 126, '2023-09-02', 'Loreto', 0),
(461, 51, 21, '2023-09-02', 'Loreto', 0),
(462, 47, 74.15, '2023-09-02', 'Loreto', 0),
(463, 28, 68.5, '2023-09-02', 'Loreto', 0),
(464, 40, 43, '2023-09-02', 'Loreto', 0),
(465, 34, 43, '2023-09-02', 'Loreto', 0),
(466, 5, 21, '2023-09-02', 'Loreto', 0),
(467, 37, 21, '2023-09-02', 'Loreto', 0),
(468, 26, 86.56, '2023-09-02', 'Loreto', 0),
(469, 12, 21, '2023-09-02', 'Loreto', 0),
(470, 14, 135, '2023-09-02', 'Loreto', 0),
(471, 4, 87, '2023-09-02', 'Loreto', 0),
(472, 18, 21, '2023-09-02', 'Loreto', 0),
(473, 16, 21, '2023-09-02', 'Loreto', 0),
(474, 20, 80.17, '2023-09-02', 'Loreto', 1),
(475, 3, 72, '2023-09-02', 'Loreto', 1),
(476, 43, 21, '2023-09-02', 'Loreto', 1),
(477, 22, 242.67, '2023-09-02', 'Loreto', 1),
(478, 21, 83.11, '2023-09-02', 'Loreto', 0),
(479, 9, 119.33, '2023-09-02', 'Loreto', 0),
(480, 41, 21, '2023-09-02', 'Loreto', 0),
(481, 33, 21, '2023-09-02', 'Loreto', 0),
(482, 49, 21, '2023-09-02', 'Loreto', 0),
(483, 17, 1, '2023-09-02', 'Loreto', 0),
(484, 2, 21, '2023-09-02', 'Loreto', 0),
(485, 50, 103.67, '2023-09-02', 'Loreto', 1),
(486, 28, 251.02, '2023-09-02', 'Loreto', 0),
(487, 2, 1, '2023-09-02', 'Loreto', 0),
(488, 28, 1, '2023-09-02', 'Loreto', 0),
(489, 35, 122.66, '2023-09-02', 'Loreto', 1),
(490, 17, 7, '2023-09-02', 'Loreto', 0),
(491, 21, 22, '2023-09-02', 'Loreto', 1),
(492, 13, 102.6, '2023-10-07', 'Loreto', 1),
(493, 22, 238.34, '2023-10-07', 'Loreto', 1),
(494, 19, 88, '2023-10-07', 'Loreto', 1),
(495, 38, 21, '2023-10-07', 'Loreto', 1),
(496, 40, 21, '2023-10-07', 'Loreto', 0),
(497, 34, 21, '2023-10-07', 'Loreto', 0),
(498, 47, 73.29, '2023-10-07', 'Loreto', 0),
(499, 28, 168.33, '2023-10-07', 'Loreto', 0),
(500, 21, 21, '2023-10-07', 'Loreto', 0),
(501, 14, 133, '2023-10-07', 'Loreto', 0),
(502, 12, 21, '2023-10-07', 'Loreto', 0),
(503, 16, 21, '2023-10-07', 'Loreto', 0),
(504, 18, 21, '2023-10-07', 'Loreto', 0),
(505, 26, 85.45, '2023-10-07', 'Loreto', 0),
(506, 41, 21, '2023-10-07', 'Loreto', 0),
(507, 9, 117.66, '2023-10-07', 'Loreto', 0),
(508, 46, 361.03, '2023-10-07', 'Loreto', 1),
(509, 37, 21, '2023-10-07', 'Loreto', 1),
(510, 48, 224.34, '2023-10-07', 'Loreto', 1),
(511, 31, 21, '2023-10-07', 'Loreto', 1),
(512, 45, 21, '2023-10-07', 'Loreto', 1),
(513, 50, 102.33, '2023-10-07', 'Loreto', 1),
(514, 43, 21, '2023-10-07', 'Loreto', 1),
(515, 20, 79.34, '2023-10-07', 'Loreto', 0),
(516, 3, 74, '2023-10-07', 'Loreto', 0),
(517, 23, 21, '2023-10-07', 'Loreto', 1),
(518, 4, 86, '2023-10-07', 'Loreto', 0),
(519, 51, 21, '2023-10-07', 'Loreto', 0),
(520, 53, 124.5, '2023-10-07', 'Loreto', 0),
(521, 2, 101.17, '2023-10-07', 'Loreto', 0),
(522, 33, 21, '2023-10-07', 'Loreto', 0),
(523, 49, 21, '2023-10-07', 'Loreto', 0),
(524, 35, 121, '2023-10-07', 'Loreto', 1),
(525, 17, 107.67, '2023-10-07', 'Loreto', 1),
(526, 30, 21, '2023-10-07', 'Loreto', 1),
(527, 21, 81.89, '2023-10-07', 'Loreto', 1),
(528, 14, 500, '2023-10-07', 'Loreto', 0);

-- --------------------------------------------------------

--
-- Estructura de tabla para la tabla `Entry_detail`
--

CREATE TABLE `Entry_detail` (
  `entry_number` int(11) NOT NULL,
  `type_id` int(11) NOT NULL,
  `value` float NOT NULL
) ENGINE=InnoDB DEFAULT CHARSET=utf8mb4 COLLATE=utf8mb4_general_ci;

--
-- Volcado de datos para la tabla `Entry_detail`
--

INSERT INTO `Entry_detail` (`entry_number`, `type_id`, `value`) VALUES
(1, 1, 10),
(1, 8, 100),
(1, 9, 5),
(2, 1, 10),
(2, 8, 100),
(2, 9, 5),
(3, 1, 10),
(3, 8, 100),
(3, 9, 5),
(4, 1, 10),
(4, 8, 100),
(4, 9, 5),
(5, 1, 10),
(5, 8, 100),
(5, 9, 5),
(6, 1, 10),
(6, 8, 100),
(6, 9, 5),
(7, 1, 10),
(7, 8, 100),
(7, 9, 5),
(8, 1, 10),
(8, 8, 100),
(8, 9, 5),
(9, 1, 10),
(9, 8, 100),
(9, 9, 5),
(10, 1, 10),
(10, 8, 100),
(10, 9, 5),
(11, 1, 10),
(11, 8, 100),
(11, 9, 5),
(12, 1, 10),
(12, 8, 100),
(12, 9, 5),
(13, 1, 10),
(13, 8, 100),
(13, 9, 5),
(14, 1, 10),
(14, 8, 100),
(14, 9, 5),
(15, 1, 10),
(15, 8, 100),
(15, 9, 5),
(16, 1, 10),
(16, 8, 100),
(16, 9, 5),
(17, 1, 10),
(17, 8, 100),
(17, 9, 5),
(18, 8, 120),
(18, 9, 1),
(19, 1, 10),
(19, 8, 120),
(19, 9, 6),
(20, 1, 10),
(20, 8, 120),
(20, 9, 6),
(21, 1, 10),
(21, 8, 120),
(21, 9, 6),
(22, 1, 10),
(22, 8, 120),
(22, 9, 6),
(23, 1, 1),
(23, 8, 20),
(23, 9, 1),
(24, 8, 20),
(24, 9, 1),
(24, 3, 115),
(24, 4, 2.3),
(25, 9, 1),
(25, 8, 20),
(25, 3, 19.17),
(25, 4, 2.3),
(26, 9, 1),
(26, 8, 20),
(27, 8, 20),
(27, 9, 1),
(27, 3, 57.5),
(27, 4, 2.3),
(28, 9, 1),
(28, 8, 20),
(29, 9, 1),
(29, 8, 20),
(30, 9, 1),
(30, 8, 20),
(31, 8, 20),
(31, 9, 1),
(31, 3, 50),
(31, 4, 2),
(32, 9, 1),
(32, 8, 20),
(33, 9, 1),
(33, 8, 20),
(34, 8, 20),
(34, 9, 1),
(34, 3, 25),
(34, 4, 3),
(35, 8, 29),
(35, 9, 1),
(36, 8, 120),
(36, 9, 6),
(36, 1, 10),
(37, 8, 120),
(37, 9, 6),
(37, 1, 10),
(38, 8, 120),
(38, 9, 6),
(38, 1, 10),
(39, 8, 120),
(39, 9, 6),
(39, 1, 10),
(40, 9, 1),
(40, 8, 20),
(41, 9, 1),
(41, 8, 20),
(42, 9, 1),
(42, 8, 20),
(43, 1, 1),
(44, 8, 20),
(44, 9, 1),
(44, 3, 68),
(44, 4, 2.72),
(45, 1, 10),
(45, 8, 20),
(45, 9, 6),
(46, 9, 1),
(46, 8, 20),
(47, 9, 1),
(47, 8, 20),
(48, 9, 1),
(48, 8, 20),
(49, 4, 6),
(49, 3, 50),
(50, 9, 1),
(50, 8, 20),
(52, 8, 20),
(52, 9, 1),
(52, 3, 18.4),
(52, 4, 1.84),
(53, 8, 20),
(53, 9, 1),
(53, 3, 57.5),
(53, 4, 2.3),
(54, 8, 20),
(54, 9, 1),
(54, 3, 19.17),
(54, 4, 2.3),
(55, 9, 1),
(55, 8, 20),
(56, 9, 1),
(56, 8, 20),
(57, 9, 1),
(57, 8, 20),
(58, 8, 20),
(58, 9, 1),
(58, 4, 2),
(59, 8, 40),
(59, 9, 2),
(59, 6, 1),
(60, 8, 20),
(60, 9, 1),
(60, 4, 6),
(61, 9, 1),
(61, 8, 20),
(62, 9, 1),
(62, 8, 20),
(63, 9, 1),
(63, 8, 20),
(64, 9, 1),
(64, 8, 20),
(65, 9, 1),
(65, 8, 20),
(66, 9, 1),
(66, 8, 20),
(67, 9, 1),
(67, 8, 20),
(68, 1, 10),
(68, 8, 140),
(68, 9, 7),
(69, 1, 1),
(58, 3, 50),
(60, 3, 50),
(70, 8, 20),
(70, 9, 1),
(70, 3, 48.53),
(70, 4, 5.52),
(71, 9, 1),
(71, 8, 20),
(72, 8, 20),
(72, 9, 1),
(72, 3, 18.4),
(72, 4, 1.84),
(73, 9, 1),
(73, 8, 20),
(74, 9, 1),
(74, 8, 20),
(75, 9, 1),
(75, 8, 20),
(76, 9, 1),
(76, 8, 20),
(77, 8, 20),
(77, 9, 1),
(77, 3, 19.17),
(77, 4, 2.3),
(78, 8, 20),
(78, 9, 1),
(78, 3, 68),
(78, 4, 2.72),
(80, 8, 40),
(80, 9, 2),
(80, 3, 136),
(80, 4, 5.44),
(80, 6, 6),
(81, 9, 1),
(81, 8, 20),
(82, 3, 50),
(82, 4, 6),
(83, 9, 1),
(83, 8, 20),
(84, 9, 1),
(84, 8, 20),
(85, 9, 1),
(85, 8, 20),
(86, 9, 1),
(86, 8, 20),
(88, 9, 1),
(88, 8, 20),
(87, 9, 1),
(87, 8, 20),
(89, 9, 1),
(89, 8, 20),
(90, 9, 1),
(90, 8, 20),
(91, 9, 1),
(91, 8, 20),
(92, 8, 20),
(92, 9, 1),
(92, 3, 50),
(92, 4, 6),
(93, 9, 1),
(93, 8, 20),
(94, 9, 1),
(94, 8, 20),
(95, 9, 1),
(95, 8, 20),
(96, 9, 1),
(96, 8, 20),
(97, 9, 1),
(97, 8, 20),
(98, 9, 1),
(98, 8, 20),
(99, 9, 1),
(99, 8, 20),
(100, 9, 1),
(100, 8, 20),
(101, 9, 1),
(101, 8, 20),
(102, 8, 20),
(102, 9, 1),
(102, 3, 29.67),
(102, 4, 3.56),
(103, 9, 1),
(103, 8, 20),
(104, 9, 1),
(104, 8, 20),
(105, 8, 20),
(105, 9, 1),
(105, 3, 15.2),
(105, 4, 1.52),
(106, 3, 30.4),
(107, 9, 1),
(107, 8, 20),
(108, 9, 1),
(108, 8, 20),
(109, 8, 20),
(109, 9, 1),
(109, 3, 19.17),
(109, 4, 2.3),
(110, 8, 20),
(110, 9, 1),
(110, 3, 133.34),
(110, 4, 4),
(111, 9, 1),
(111, 8, 20),
(112, 8, 20),
(112, 9, 1),
(112, 3, 50),
(112, 4, 6),
(113, 8, 20),
(113, 9, 1),
(113, 3, 33.33),
(113, 4, 4),
(114, 8, 20),
(114, 9, 1),
(114, 3, 18.4),
(114, 4, 1.84),
(116, 8, 60),
(116, 9, 3),
(116, 3, 75),
(116, 4, 9),
(116, 6, 2),
(116, 5, 7.5),
(117, 8, 20),
(117, 9, 1),
(117, 3, 100),
(117, 4, 6),
(118, 8, 20),
(118, 9, 1),
(118, 3, 33.33),
(118, 4, 4),
(119, 8, 40),
(119, 9, 2),
(119, 6, 1),
(120, 8, 20),
(120, 9, 1),
(120, 3, 62.5),
(120, 4, 30),
(122, 8, 20),
(122, 9, 1),
(122, 3, 85.71),
(122, 4, 12),
(123, 9, 1),
(123, 8, 20),
(124, 3, 33.33),
(124, 1, 1),
(125, 8, 180),
(125, 9, 9),
(125, 1, 11),
(126, 8, 180),
(126, 9, 9),
(126, 1, 11),
(127, 8, 180),
(127, 9, 9),
(127, 1, 11),
(128, 8, 20),
(128, 9, 1),
(128, 3, 29.67),
(128, 4, 3.56),
(129, 9, 1),
(129, 8, 20),
(130, 9, 1),
(130, 8, 20),
(131, 9, 1),
(131, 8, 20),
(132, 8, 20),
(132, 9, 1),
(132, 3, 42.5),
(132, 4, 6.8),
(133, 8, 20),
(133, 9, 1),
(133, 3, 50),
(133, 4, 4),
(134, 8, 20),
(134, 9, 1),
(134, 3, 18.4),
(134, 4, 1.84),
(135, 8, 20),
(135, 9, 1),
(135, 3, 55.56),
(135, 4, 20),
(136, 9, 1),
(136, 8, 20),
(137, 8, 20),
(137, 9, 1),
(137, 3, 33.33),
(137, 4, 4),
(138, 9, 1),
(138, 8, 20),
(139, 9, 1),
(139, 8, 20),
(140, 8, 20),
(140, 9, 1),
(140, 3, 66.33),
(140, 4, 3.98),
(141, 9, 1),
(141, 8, 20),
(142, 9, 1),
(142, 8, 20),
(143, 8, 20),
(143, 9, 1),
(143, 3, 85.71),
(143, 4, 12),
(144, 8, 200),
(144, 9, 11),
(144, 1, 10),
(145, 8, 20),
(145, 9, 1),
(145, 3, 100),
(145, 4, 6),
(146, 9, 1),
(146, 8, 20),
(147, 8, 20),
(147, 9, 1),
(147, 3, 19.17),
(147, 4, 2.3),
(148, 8, 20),
(148, 9, 1),
(148, 3, 33.33),
(148, 4, 4),
(149, 8, 20),
(149, 9, 1),
(149, 3, 50),
(149, 4, 6),
(150, 8, 20),
(150, 9, 1),
(150, 3, 62.5),
(150, 4, 30),
(151, 3, 100),
(152, 3, 1375),
(153, 8, 40),
(153, 9, 2),
(153, 6, 1),
(154, 9, 1),
(154, 8, 20),
(155, 8, 60),
(155, 9, 3),
(155, 6, 3),
(156, 9, 1),
(156, 8, 20),
(157, 8, 20),
(157, 9, 1),
(157, 3, 85.71),
(157, 4, 12),
(158, 8, 20),
(158, 9, 1),
(158, 3, 55.56),
(158, 4, 18.89),
(159, 8, 220),
(159, 9, 12),
(159, 1, 10),
(160, 9, 1),
(160, 8, 20),
(161, 8, 20),
(161, 9, 1),
(161, 3, 29.67),
(161, 4, 3.56),
(162, 8, 40),
(162, 9, 2),
(162, 6, 1),
(163, 8, 40),
(163, 9, 2),
(163, 6, 1),
(164, 9, 1),
(164, 8, 20),
(165, 8, 20),
(165, 9, 1),
(165, 3, 150),
(165, 4, 4),
(166, 8, 20),
(166, 9, 1),
(166, 3, 18.4),
(166, 4, 1.84),
(167, 8, 20),
(167, 9, 1),
(167, 3, 42.5),
(167, 4, 5.95),
(168, 8, 20),
(168, 9, 1),
(168, 3, 200),
(168, 4, 18),
(168, 1, 1),
(168, 5, 10),
(169, 8, 20),
(169, 9, 1),
(169, 3, 33.33),
(169, 4, 4),
(170, 8, 20),
(170, 9, 1),
(170, 3, 19.17),
(170, 4, 2.3),
(171, 9, 1),
(171, 8, 20),
(172, 9, 1),
(172, 8, 20),
(173, 8, 20),
(173, 9, 1),
(173, 3, 25),
(173, 4, 2),
(174, 8, 40),
(174, 9, 2),
(174, 3, 200),
(174, 4, 4),
(174, 6, 1),
(174, 5, 20),
(176, 8, 220),
(176, 9, 11),
(176, 1, 10),
(177, 9, 1),
(177, 8, 20),
(178, 9, 1),
(178, 8, 20),
(179, 9, 1),
(179, 8, 20),
(180, 9, 1),
(180, 8, 20),
(181, 8, 220),
(181, 9, 11),
(181, 1, 10),
(182, 8, 20),
(182, 9, 1),
(182, 3, 41.67),
(182, 4, 20),
(183, 8, 20),
(183, 9, 1),
(183, 3, 50),
(183, 4, 24),
(184, 8, 20),
(184, 9, 1),
(184, 3, 132.67),
(184, 4, 3.98),
(185, 9, 1),
(185, 8, 20),
(186, 8, 20),
(186, 9, 1),
(186, 3, 25),
(186, 4, 3),
(186, 6, 1),
(186, 5, 2.5),
(187, 8, 220),
(187, 9, 11),
(187, 1, 10),
(188, 8, 20),
(188, 9, 1),
(188, 3, 100),
(188, 4, 6),
(188, 1, 1),
(51, 8, 20),
(51, 9, 1),
(51, 3, 15.2),
(51, 4, 1.52),
(189, 8, 40),
(189, 9, 2),
(189, 6, 1),
(190, 8, 40),
(190, 9, 2),
(190, 3, 66.66),
(190, 4, 8),
(190, 6, 1),
(190, 5, 3.33),
(191, 9, 1),
(191, 8, 20),
(192, 9, 1),
(192, 8, 20),
(193, 9, 1),
(193, 8, 20),
(194, 8, 20),
(194, 9, 1),
(194, 3, 40.17),
(194, 4, 4.82),
(195, 9, 1),
(195, 8, 20),
(196, 9, 1),
(196, 8, 20),
(197, 8, 40),
(197, 9, 2),
(197, 3, 100),
(197, 4, 45),
(198, 8, 20),
(198, 9, 1),
(198, 3, 29.67),
(198, 4, 3.56),
(199, 8, 240),
(199, 9, 12),
(199, 1, 10),
(200, 9, 1),
(200, 8, 20),
(201, 9, 1),
(201, 8, 20),
(202, 9, 1),
(202, 8, 20),
(203, 9, 1),
(203, 8, 20),
(204, 9, 1),
(204, 8, 20),
(205, 8, 20),
(205, 9, 1),
(205, 3, 127.5),
(205, 4, 5.1),
(206, 9, 1),
(206, 8, 20),
(207, 9, 1),
(207, 8, 20),
(208, 8, 20),
(208, 9, 1),
(208, 3, 33.33),
(208, 4, 4),
(209, 8, 20),
(209, 9, 1),
(209, 3, 40.17),
(209, 4, 4.82),
(210, 3, 127.5),
(210, 1, 1),
(211, 9, 1),
(211, 8, 20),
(212, 9, 1),
(212, 8, 20),
(213, 9, 1),
(213, 8, 20),
(214, 8, 20),
(214, 9, 1),
(214, 3, 83.33),
(214, 4, 20),
(215, 8, 40),
(215, 9, 2),
(215, 3, 25),
(215, 4, 3),
(215, 6, 1),
(215, 5, 2.5),
(216, 8, 20),
(216, 9, 1),
(216, 3, 55.56),
(216, 4, 18.89),
(217, 8, 20),
(217, 9, 1),
(217, 3, 100),
(217, 4, 6),
(217, 1, 1),
(218, 9, 1),
(218, 8, 20),
(219, 8, 20),
(219, 9, 1),
(219, 3, 25),
(219, 4, 2),
(220, 9, 1),
(220, 8, 20),
(221, 9, 1),
(221, 8, 20),
(222, 1, 1),
(223, 1, 1),
(224, 8, 20),
(224, 9, 1),
(224, 3, 41.67),
(224, 4, 19.17),
(225, 9, 1),
(225, 8, 20),
(226, 8, 20),
(226, 9, 1),
(226, 3, 85.71),
(226, 4, 12),
(-1, 8, 160),
(-1, 9, 8),
(-1, 1, 10),
(-2, 3, 200),
(227, 3, 41.67),
(227, 4, 18.33),
(227, 8, 20),
(227, 9, 1),
(228, 8, 20),
(228, 9, 1),
(229, 8, 20),
(229, 9, 1),
(230, 8, 20),
(230, 9, 1),
(231, 8, 20),
(231, 9, 1),
(232, 8, 20),
(232, 9, 1),
(233, 3, 29.67),
(233, 4, 3.56),
(233, 8, 20),
(233, 9, 1),
(234, 3, 66.66),
(234, 4, 4),
(234, 8, 20),
(234, 9, 1),
(235, 3, 100),
(235, 4, 4),
(235, 8, 20),
(235, 9, 1),
(236, 8, 20),
(236, 9, 1),
(237, 8, 20),
(237, 9, 1),
(238, 3, 83.33),
(238, 4, 20),
(238, 8, 20),
(238, 9, 1),
(239, 8, 20),
(239, 9, 1),
(240, 8, 20),
(240, 9, 1),
(241, 8, 20),
(241, 9, 1),
(242, 3, 50),
(242, 4, 21),
(242, 8, 20),
(242, 9, 1),
(243, 3, 83.33),
(243, 4, 18.33),
(244, 8, 20),
(244, 9, 1),
(245, 3, 40.17),
(245, 4, 4.02),
(245, 8, 20),
(245, 9, 1),
(246, 8, 20),
(246, 9, 1),
(247, 3, 55.56),
(247, 4, 16.67),
(247, 8, 20),
(247, 9, 1),
(248, 8, 20),
(248, 9, 1),
(249, 8, 20),
(249, 9, 1),
(250, 3, 25),
(250, 4, 2),
(250, 8, 20),
(250, 9, 1),
(251, 8, 20),
(251, 9, 1),
(252, 3, 40.17),
(252, 4, 4.02),
(252, 8, 20),
(252, 9, 1),
(253, 8, 20),
(253, 9, 1),
(254, 3, 66.66),
(254, 4, 4),
(254, 8, 20),
(254, 9, 1),
(255, 8, 20),
(255, 9, 1),
(256, 8, 20),
(256, 9, 1),
(257, 3, 85.71),
(257, 4, 12),
(257, 8, 20),
(257, 9, 1),
(258, 8, 20),
(258, 9, 1),
(259, 6, 1),
(259, 8, 40),
(259, 9, 2),
(260, 3, 50),
(260, 4, 24),
(260, 8, 20),
(260, 9, 1),
(261, 3, 83.33),
(261, 4, 18.33),
(261, 8, 20),
(261, 9, 1),
(262, 8, 20),
(262, 9, 1),
(263, 3, 40.17),
(263, 4, 3.21),
(263, 8, 20),
(264, 3, 62.5),
(264, 4, 10),
(265, 8, 20),
(265, 9, 1),
(266, 8, 20),
(266, 9, 1),
(267, 8, 20),
(267, 9, 1),
(268, 3, 83.33),
(268, 4, 16.67),
(268, 6, 1),
(268, 8, 40),
(268, 9, 2),
(269, 8, 20),
(269, 9, 1),
(270, 8, 20),
(270, 9, 1),
(271, 3, 25),
(271, 4, 2),
(271, 8, 20),
(271, 9, 1),
(272, 3, 29.67),
(272, 4, 3.56),
(272, 8, 20),
(272, 9, 1),
(273, 8, 20),
(273, 9, 1),
(274, 8, 20),
(274, 9, 1),
(275, 8, 20),
(275, 9, 1),
(276, 8, 20),
(276, 9, 1),
(277, 8, 20),
(277, 9, 1),
(278, 1, 10),
(278, 8, 280),
(278, 9, 14),
(279, 8, 20),
(279, 9, 1),
(280, 3, 100),
(280, 4, 24),
(280, 8, 20),
(280, 9, 1),
(281, 8, 20),
(281, 9, 1),
(282, 8, 20),
(282, 9, 1),
(283, 3, 100),
(283, 4, 12),
(283, 5, 5),
(283, 6, 1),
(283, 8, 40),
(283, 9, 2),
(284, 3, 50),
(284, 4, 20),
(284, 8, 20),
(284, 9, 1),
(285, 3, 55.56),
(285, 4, 15.56),
(285, 8, 20),
(285, 9, 1),
(286, 3, 40.17),
(286, 4, 3.21),
(286, 8, 20),
(286, 9, 1),
(287, 6, 1),
(287, 8, 40),
(287, 9, 2),
(288, 8, 20),
(288, 9, 1),
(289, 8, 20),
(289, 9, 1),
(290, 8, 20),
(290, 9, 1),
(291, 3, 85.71),
(291, 4, 12),
(291, 8, 20),
(291, 9, 1),
(292, 3, 50),
(292, 4, 23),
(292, 8, 20),
(292, 9, 1),
(293, 3, 41.67),
(293, 4, 17.5),
(293, 8, 20),
(293, 9, 1),
(294, 8, 20),
(294, 9, 1),
(295, 8, 20),
(295, 9, 1),
(296, 8, 20),
(296, 9, 1),
(297, 3, 40.17),
(297, 4, 2.41),
(297, 8, 20),
(297, 9, 1),
(298, 8, 20),
(298, 9, 1),
(299, 8, 20),
(299, 9, 1),
(300, 8, 20),
(300, 9, 1),
(301, 3, 50),
(301, 4, 22),
(301, 8, 20),
(301, 9, 1),
(302, 8, 20),
(302, 9, 1),
(303, 8, 20),
(303, 9, 1),
(304, 3, 100),
(304, 4, 2),
(304, 5, 10),
(304, 6, 2),
(304, 8, 60),
(304, 9, 3),
(305, 3, 83.34),
(305, 4, 19.17),
(305, 5, 4.17),
(305, 6, 1),
(305, 8, 40),
(305, 9, 2),
(306, 3, 40.17),
(306, 4, 2.41),
(306, 8, 20),
(306, 9, 1),
(307, 8, 20),
(307, 9, 1),
(308, 8, 20),
(308, 9, 1),
(310, 3, 62.5),
(310, 4, 8.75),
(310, 8, 20),
(310, 9, 1),
(311, 3, 83.33),
(311, 4, 16.67),
(311, 8, 20),
(311, 9, 1),
(312, 8, 20),
(312, 9, 1),
(313, 8, 20),
(313, 9, 1),
(314, 1, 1),
(314, 8, 20),
(314, 9, 1),
(315, 8, 20),
(315, 9, 1),
(316, 8, 20),
(316, 9, 1),
(317, 8, 20),
(317, 9, 1),
(318, 3, 100),
(318, 4, 22),
(318, 8, 20),
(318, 9, 1),
(319, 8, 20),
(319, 9, 1),
(320, 8, 20),
(320, 9, 1),
(321, 3, 55.56),
(321, 4, 14.44),
(321, 8, 20),
(321, 9, 1),
(322, 3, 80.34),
(323, 8, 20),
(323, 9, 1),
(324, 3, 100),
(324, 4, 37),
(324, 8, 20),
(324, 9, 1),
(325, 3, 50),
(325, 4, 6),
(325, 8, 20),
(325, 9, 1),
(326, 8, 20),
(326, 9, 1),
(327, 8, 20),
(327, 9, 1),
(328, 8, 20),
(328, 9, 1),
(329, 1, 1),
(329, 8, 20),
(329, 9, 1),
(330, 8, 20),
(330, 9, 1),
(331, 3, 833.32),
(331, 4, 16.67),
(331, 8, 20),
(331, 9, 1),
(332, 6, 8),
(332, 8, 171),
(332, 9, 9),
(333, 3, 83.33),
(333, 4, 15),
(333, 8, 20),
(333, 9, 1),
(334, 8, 20),
(334, 9, 1),
(335, 3, 85.71),
(335, 4, 12),
(335, 8, 20),
(335, 9, 1),
(336, 8, 20),
(336, 9, 1),
(337, 3, 80),
(337, 4, 8),
(337, 8, 20),
(337, 9, 1),
(338, 3, 50),
(338, 4, 21),
(338, 8, 20),
(338, 9, 1),
(339, 8, 20),
(339, 9, 1),
(340, 3, 100),
(340, 4, 20),
(340, 8, 20),
(340, 9, 1),
(341, 8, 20),
(341, 9, 1),
(342, 8, 20),
(342, 9, 1),
(343, 8, 20),
(343, 9, 1),
(344, 8, 20),
(344, 9, 1),
(345, 8, 20),
(345, 9, 1),
(346, 8, 20),
(346, 9, 1),
(347, 3, 62.5),
(347, 4, 7.5),
(347, 8, 20),
(347, 9, 1),
(348, 3, 83.33),
(348, 4, 15),
(348, 8, 20),
(348, 9, 1),
(349, 8, 20),
(349, 9, 1),
(350, 8, 20),
(350, 9, 1),
(351, 3, 41.67),
(351, 4, 10),
(351, 8, 20),
(351, 9, 1),
(352, 3, 40.17),
(352, 4, 1.61),
(352, 8, 20),
(352, 9, 1),
(353, 8, 20),
(353, 9, 1),
(354, 8, 20),
(354, 9, 1),
(355, 3, 66.67),
(355, 4, 20),
(355, 8, 20),
(355, 9, 1),
(356, 8, 20),
(356, 9, 1),
(357, 8, 20),
(357, 9, 1),
(358, 8, 20),
(358, 9, 1),
(359, 3, 83.33),
(359, 4, 20),
(359, 8, 20),
(359, 9, 1),
(360, 3, 41.67),
(360, 4, 8.33),
(360, 8, 20),
(360, 9, 1),
(361, 1, 1),
(361, 8, 20),
(361, 9, 1),
(362, 3, 50),
(362, 4, 17),
(362, 8, 20),
(362, 9, 1),
(363, 3, 50),
(363, 4, 6),
(363, 8, 20),
(363, 9, 1),
(364, 1, 1),
(364, 3, 666.68),
(364, 8, 20),
(364, 9, 1),
(365, 8, 20),
(365, 9, 1),
(366, 8, 20),
(366, 9, 1),
(367, 3, 55.56),
(367, 4, 13.33),
(367, 8, 20),
(367, 9, 1),
(368, 8, 20),
(368, 9, 1),
(369, 8, 20),
(369, 9, 1),
(370, 3, 66.67),
(370, 4, 20),
(370, 8, 20),
(370, 9, 1),
(371, 8, 20),
(371, 9, 1),
(372, 3, 50),
(372, 4, 20),
(372, 8, 20),
(372, 9, 1),
(373, 6, 1),
(373, 8, 40),
(373, 9, 2),
(374, 3, 55.56),
(374, 4, 12.22),
(374, 8, 20),
(374, 9, 1),
(375, 8, 20),
(375, 9, 1),
(376, 8, 20),
(376, 9, 1),
(377, 8, 20),
(377, 9, 1),
(378, 3, 62.5),
(378, 4, 6.25),
(378, 8, 20),
(378, 9, 1),
(379, 3, 83.33),
(379, 4, 13.33),
(379, 8, 20),
(379, 9, 1),
(380, 8, 20),
(380, 9, 1),
(381, 3, 41.67),
(381, 4, 9.17),
(381, 8, 20),
(381, 9, 1),
(382, 8, 20),
(382, 9, 1),
(383, 8, 20),
(383, 9, 1),
(384, 3, 40.17),
(384, 4, 0.8),
(384, 8, 20),
(384, 9, 1),
(385, 8, 20),
(385, 9, 1),
(386, 3, 100),
(386, 4, 18),
(386, 8, 20),
(386, 9, 1),
(387, 3, 66.67),
(387, 4, 18.67),
(387, 8, 20),
(387, 9, 1),
(388, 8, 20),
(388, 9, 1),
(389, 8, 20),
(389, 9, 1),
(390, 3, 83.33),
(390, 4, 18.33),
(390, 8, 20),
(390, 9, 1),
(391, 8, 20),
(391, 9, 1),
(392, 3, 41.67),
(392, 4, 7.5),
(392, 8, 20),
(392, 9, 1),
(393, 3, 42.86),
(393, 4, 12),
(393, 8, 20),
(393, 9, 1),
(394, 8, 20),
(394, 9, 1),
(395, 8, 20),
(395, 9, 1),
(396, 8, 20),
(396, 9, 1),
(397, 8, 20),
(397, 9, 1),
(398, 3, 80),
(398, 4, 6.4),
(398, 8, 20),
(398, 9, 1),
(399, 6, 1),
(399, 8, 40),
(399, 9, 2),
(400, 8, 20),
(400, 9, 1),
(401, 3, 50),
(401, 4, 6),
(401, 8, 20),
(401, 9, 1),
(402, 3, 50),
(402, 4, 24),
(402, 8, 20),
(402, 9, 1),
(403, 3, 83.34),
(403, 4, 39.17),
(403, 5, 4.17),
(403, 6, 1),
(403, 8, 40),
(403, 9, 2),
(404, 8, 20),
(404, 9, 1),
(405, 6, 1),
(405, 8, 40),
(405, 9, 2),
(406, 3, 66.66),
(406, 4, 8),
(406, 5, 3.33),
(406, 8, 20),
(406, 9, 1),
(407, 8, 20),
(407, 9, 1),
(408, 3, 1200),
(408, 8, 20),
(408, 9, 1),
(409, 3, 933.33),
(409, 8, 20),
(409, 9, 1),
(410, 3, 80),
(410, 4, 4.8),
(410, 8, 20),
(410, 9, 1),
(411, 8, 20),
(411, 9, 1),
(412, 3, 66.67),
(412, 4, 17.33),
(412, 8, 20),
(412, 9, 1),
(413, 3, 50),
(413, 4, 19),
(413, 8, 20),
(413, 9, 1),
(414, 8, 20),
(414, 9, 1),
(415, 8, 20),
(415, 9, 1),
(416, 3, 250),
(416, 8, 20),
(416, 9, 1),
(417, 3, 583.31),
(417, 8, 20),
(417, 9, 1),
(418, 4, 13),
(418, 8, 20),
(418, 9, 1),
(419, 8, 20),
(419, 9, 1),
(420, 8, 20),
(420, 9, 1),
(421, 3, 33.33),
(421, 4, 4),
(421, 8, 20),
(421, 9, 1),
(422, 8, 20),
(422, 9, 1),
(423, 3, 83.33),
(423, 4, 16.67),
(423, 8, 20),
(423, 9, 1),
(424, 3, 55.56),
(424, 4, 11.11),
(424, 8, 20),
(424, 9, 1),
(425, 8, 20),
(425, 9, 1),
(426, 8, 20),
(426, 9, 1),
(427, 3, 50),
(427, 4, 6),
(427, 8, 20),
(427, 9, 1),
(428, 3, 83.33),
(428, 4, 20),
(428, 8, 20),
(428, 9, 1),
(429, 8, 20),
(429, 9, 1),
(430, 8, 20),
(430, 9, 1),
(431, 3, 41.67),
(431, 4, 6.67),
(431, 8, 20),
(431, 9, 1),
(432, 3, 42.86),
(432, 4, 11.14),
(432, 8, 20),
(432, 9, 1),
(433, 8, 20),
(433, 9, 1),
(434, 3, 100),
(434, 4, 16),
(434, 8, 20),
(434, 9, 1),
(435, 8, 20),
(435, 9, 1),
(436, 3, 41.67),
(436, 4, 8.33),
(436, 8, 20),
(436, 9, 1),
(437, 8, 20),
(437, 9, 1),
(438, 1, 1),
(438, 3, 100),
(439, 1, 1),
(440, 8, 20),
(440, 9, 1),
(441, 8, 20),
(441, 9, 1),
(442, 8, 20),
(442, 9, 1),
(443, 3, 50),
(443, 4, 24),
(444, 3, 41.67),
(444, 4, 18.33),
(444, 8, 20),
(444, 9, 1),
(445, 8, 20),
(445, 9, 1),
(446, 1, 1),
(447, 6, 1),
(447, 8, 20),
(447, 9, 1),
(448, 6, 1),
(448, 8, 20),
(448, 9, 1),
(449, 8, 20),
(449, 9, 1),
(450, 3, 80),
(450, 4, 3.2),
(450, 8, 20),
(450, 9, 1),
(451, 8, 20),
(451, 9, 1),
(452, 8, 20),
(452, 9, 1),
(453, 3, 50),
(453, 4, 18),
(453, 8, 20),
(453, 9, 1),
(454, 8, 20),
(454, 9, 1),
(455, 8, 20),
(455, 9, 1),
(456, 8, 20),
(456, 9, 1),
(457, 3, 166.67),
(457, 4, 40),
(457, 8, 20),
(457, 9, 1),
(458, 8, 20),
(458, 9, 1),
(459, 3, 41.67),
(459, 4, 7.5),
(459, 8, 20),
(459, 9, 1),
(460, 3, 75),
(460, 4, 30),
(460, 8, 20),
(460, 9, 1),
(461, 8, 20),
(461, 9, 1),
(462, 3, 42.86),
(462, 4, 10.29),
(462, 8, 20),
(462, 9, 1),
(463, 3, 41.67),
(463, 4, 5.83),
(463, 8, 20),
(463, 9, 1),
(464, 6, 1),
(464, 8, 40),
(464, 9, 2),
(465, 6, 1),
(465, 8, 40),
(465, 9, 2),
(466, 8, 20),
(466, 9, 1),
(467, 8, 20),
(467, 9, 1),
(468, 3, 55.56),
(468, 4, 10),
(468, 8, 20),
(468, 9, 1),
(469, 8, 20),
(469, 9, 1),
(470, 3, 100),
(470, 4, 14),
(470, 8, 20),
(470, 9, 1),
(471, 3, 50),
(471, 4, 16),
(471, 8, 20),
(471, 9, 1),
(472, 8, 20),
(472, 9, 1),
(473, 8, 20),
(473, 9, 1),
(474, 3, 41.67),
(474, 4, 17.5),
(474, 8, 20),
(474, 9, 1),
(475, 3, 50),
(475, 4, 24),
(476, 8, 20),
(476, 9, 1),
(477, 3, 216.67),
(477, 4, 26),
(478, 3, 61.11),
(478, 4, 22),
(479, 3, 83.33),
(479, 4, 15),
(479, 8, 20),
(479, 9, 1),
(480, 8, 20),
(480, 9, 1),
(481, 8, 20),
(481, 9, 1),
(482, 8, 20),
(482, 9, 1),
(483, 1, 1),
(484, 8, 20),
(484, 9, 1),
(485, 3, 66.67),
(485, 4, 16),
(485, 8, 20),
(485, 9, 1),
(486, 1, 1),
(486, 3, 250.02),
(487, 1, 1),
(488, 1, 1),
(489, 3, 83.33),
(489, 4, 18.33),
(489, 8, 20),
(489, 9, 1),
(490, 4, 7),
(491, 6, 1),
(491, 8, 20),
(491, 9, 1),
(492, 3, 80),
(492, 4, 1.6),
(492, 8, 20),
(492, 9, 1),
(493, 3, 216.67),
(493, 4, 21.67),
(494, 3, 50),
(494, 4, 17),
(494, 8, 20),
(494, 9, 1),
(495, 8, 20),
(495, 9, 1),
(496, 8, 20),
(496, 9, 1),
(497, 8, 20),
(497, 9, 1),
(498, 3, 42.86),
(498, 4, 9.43),
(498, 8, 20),
(498, 9, 1),
(499, 3, 113.33),
(499, 4, 34),
(499, 8, 20),
(499, 9, 1),
(500, 8, 20),
(500, 9, 1),
(501, 3, 100),
(501, 4, 12),
(501, 8, 20),
(501, 9, 1),
(502, 8, 20),
(502, 9, 1),
(503, 8, 20),
(503, 9, 1),
(504, 8, 20),
(504, 9, 1),
(505, 3, 55.56),
(505, 4, 8.89),
(505, 8, 20),
(505, 9, 1),
(506, 8, 20),
(506, 9, 1),
(507, 3, 83.33),
(507, 4, 13.33),
(507, 8, 20),
(507, 9, 1),
(508, 3, 333.36),
(508, 4, 6.67),
(508, 8, 20),
(508, 9, 1),
(509, 8, 20),
(509, 9, 1),
(510, 3, 166.67),
(510, 4, 36.67),
(510, 8, 20),
(510, 9, 1),
(511, 8, 20),
(511, 9, 1),
(512, 8, 20),
(512, 9, 1),
(513, 3, 66.67),
(513, 4, 14.66),
(513, 8, 20),
(513, 9, 1),
(514, 8, 20),
(514, 9, 1),
(515, 3, 41.67),
(515, 4, 16.67),
(515, 8, 20),
(515, 9, 1),
(516, 3, 50),
(516, 4, 24),
(517, 8, 20),
(517, 9, 1),
(518, 3, 50),
(518, 4, 15),
(518, 8, 20),
(518, 9, 1),
(519, 8, 20),
(519, 9, 1),
(520, 3, 75),
(520, 4, 28.5),
(520, 8, 20),
(520, 9, 1),
(521, 3, 54.17),
(521, 4, 26),
(521, 8, 20),
(521, 9, 1),
(522, 8, 20),
(522, 9, 1),
(523, 8, 20),
(523, 9, 1),
(524, 3, 83.33),
(524, 4, 16.67),
(524, 8, 20),
(524, 9, 1),
(525, 3, 66.67),
(525, 4, 20),
(525, 8, 20),
(525, 9, 1),
(526, 8, 20),
(526, 9, 1),
(527, 3, 61.11),
(527, 4, 20.78),
(528, 3, 500);

-- --------------------------------------------------------

--
-- Estructura de tabla para la tabla `Entry_type`
--

CREATE TABLE `Entry_type` (
  `id` int(11) NOT NULL,
  `description` varchar(100) NOT NULL
) ENGINE=InnoDB DEFAULT CHARSET=utf8mb4 COLLATE=utf8mb4_general_ci;

--
-- Volcado de datos para la tabla `Entry_type`
--

INSERT INTO `Entry_type` (`id`, `description`) VALUES
(1, 'Aporte para gastos de Administración'),
(2, 'Fondo desgravamen'),
(3, 'Cuota capital préstamo'),
(4, 'Intereses préstamo'),
(5, 'Intereses mora'),
(6, 'Multas atrasos de aportes'),
(7, 'Multa inasistencias'),
(8, 'Aportes de capital'),
(9, 'Aportes fondo estratégico'),
(10, 'Depósitos a plazo fijo'),
(11, 'Otros ingresos');

-- --------------------------------------------------------

--
-- Estructura de tabla para la tabla `Loan`
--

CREATE TABLE `Loan` (
  `number` int(11) NOT NULL,
  `account` int(11) NOT NULL,
  `date` date NOT NULL,
  `value` float DEFAULT NULL,
  `term` int(11) DEFAULT NULL,
  `rate` float DEFAULT NULL,
  `is_end` tinyint(1) DEFAULT 0,
  `guarantor1_account` int(11) DEFAULT NULL,
  `guarantor2_account` int(11) DEFAULT NULL
) ENGINE=InnoDB DEFAULT CHARSET=utf8mb4 COLLATE=utf8mb4_general_ci;

--
-- Volcado de datos para la tabla `Loan`
--

INSERT INTO `Loan` (`number`, `account`, `date`, `value`, `term`, `rate`, `is_end`, `guarantor1_account`, `guarantor2_account`) VALUES
(1, 20, '2022-07-02', 115, 1, 2, 1, NULL, NULL),
(2, 12, '2022-07-02', 115, 6, 2, 1, NULL, NULL),
(3, 4, '2022-07-02', 115, 2, 2, 1, NULL, NULL),
(4, 0, '2022-07-02', 0, 0, 0, 1, NULL, NULL),
(5, 24, '2022-07-02', 150, 6, 2, 1, NULL, NULL),
(6, 26, '2022-07-02', 100, 2, 2, 1, NULL, NULL),
(7, 28, '2022-08-06', 136, 2, 2, 1, NULL, NULL),
(8, 47, '2022-08-06', 136, 2, 2, 1, NULL, NULL),
(9, 0, '2022-08-06', 0, 0, 0, 1, NULL, NULL),
(10, 1, '2022-08-06', 300, 6, 2, 1, 20, NULL),
(11, 20, '2022-08-06', 300, 6, 2, 1, 13, NULL),
(12, 0, '2022-08-06', 0, 0, 0, 1, NULL, NULL),
(13, 45, '2022-08-06', 92, 5, 2, 1, NULL, NULL),
(14, 46, '2022-08-06', 76, 5, 2, 1, NULL, NULL),
(15, 48, '2022-09-03', 200, 6, 2, 1, 16, NULL),
(16, 21, '2022-10-01', 178, 6, 2, 1, NULL, NULL),
(17, 14, '2022-10-01', 200, 6, 2, 1, 12, NULL),
(18, 28, '2022-10-01', 200, 6, 2, 1, 47, NULL),
(19, 4, '2022-10-01', 300, 3, 2, 1, 16, NULL),
(20, 20, '2022-10-01', 1500, 24, 2, 1, 17, 19),
(21, 13, '2022-10-01', 600, 7, 2, 1, 23, NULL),
(22, 48, '2022-11-12', 340, 8, 2, 1, 16, NULL),
(23, 26, '2022-11-12', 1000, 18, 2, 0, 41, NULL),
(24, 47, '2022-11-12', 500, 5, 2, 1, 26, NULL),
(25, 3, '2022-11-12', 199, 3, 2, 1, NULL, NULL),
(26, 35, '2022-11-12', 200, 1, 2, 1, NULL, NULL),
(27, 31, '2022-11-12', 200, 4, 2, 1, NULL, NULL),
(28, 33, '2022-12-03', 100, 4, 2, 1, NULL, NULL),
(29, 4, '2022-12-03', 1200, 24, 2, 0, 5, NULL),
(30, 2, '2022-12-03', 1000, 24, 2, 1, 20, NULL),
(31, 38, '2023-01-07', 241, 6, 2, 1, NULL, NULL),
(32, 50, '2023-01-07', 241, 6, 2, 1, NULL, NULL),
(33, 1, '2023-01-07', 1000, 12, 2, 1, NULL, NULL),
(34, 48, '2023-02-04', 1000, 12, 2, 1, 46, NULL),
(35, 19, '2023-02-04', 1200, 24, 2, 0, 43, NULL),
(36, 5, '2023-02-04', 300, 6, 2, 1, 4, NULL),
(37, 28, '2023-03-04', 500, 12, 2, 1, 47, NULL),
(38, 14, '2023-03-04', 1200, 12, 2, 1, 12, NULL),
(39, 0, '2023-03-04', 0, 0, 0, 1, NULL, NULL),
(40, 45, '2023-03-04', 500, 8, 2, 1, NULL, NULL),
(41, 46, '2023-05-06', 500, 12, 2, 1, 1, 0),
(42, 21, '2023-05-06', 200, 6, 2, 1, 0, 0),
(43, 50, '2023-05-06', 1000, 15, 2, 0, 0, 0),
(44, 9, '2023-05-06', 1000, 12, 2, 0, 41, 0),
(45, 22, '2023-05-06', 1000, 15, 2, 1, 4, 0),
(46, 13, '2023-05-06', 400, 5, 2, 1, 0, 0),
(47, 20, '2023-05-06', 1000, 24, 2, 0, 2, 0),
(48, 47, '2023-06-03', 600, 14, 2, 0, 28, 0),
(49, 1, '2023-06-03', 1200, 24, 2, 1, 0, 0),
(50, 3, '2023-06-03', 1200, 24, 2, 0, 0, 0),
(51, 35, '2023-07-01', 1000, 12, 2, 0, 0, 0),
(52, 22, '2023-08-05', 1300, 6, 2, 0, 0, 0),
(53, 53, '2023-08-05', 1500, 20, 2, 0, 51, 0),
(54, 21, '2023-08-05', 1100, 18, 2, 0, 4, 0),
(55, 48, '2023-08-05', 2000, 12, 2, 0, 0, 0),
(56, 17, '2023-09-02', 1000, 15, 2, 0, 13, 0),
(57, 2, '2023-09-02', 1300, 24, 2, 0, 40, 0),
(58, 28, '2023-09-02', 1700, 15, 2, 0, 23, 0),
(59, 14, '2023-10-07', 1500, 18, 2, 0, 12, 0),
(60, 1, '2023-10-07', 700, 12, 2, 0, 12, 0);

-- --------------------------------------------------------

--
-- Estructura de tabla para la tabla `Loan_detail`
--

CREATE TABLE `Loan_detail` (
  `id` int(11) NOT NULL,
  `loan_number` int(11) DEFAULT NULL,
  `fee_number` int(11) NOT NULL,
  `payment_date` date NOT NULL,
  `fee_value` float NOT NULL,
  `interest` float NOT NULL,
  `fee_total` float NOT NULL,
  `balance_after_pay` float DEFAULT NULL,
  `is_paid` tinyint(1) DEFAULT 0,
  `entry_number` int(11) DEFAULT NULL
) ENGINE=InnoDB DEFAULT CHARSET=utf8mb4 COLLATE=utf8mb4_general_ci;

--
-- Volcado de datos para la tabla `Loan_detail`
--

INSERT INTO `Loan_detail` (`id`, `loan_number`, `fee_number`, `payment_date`, `fee_value`, `interest`, `fee_total`, `balance_after_pay`, `is_paid`, `entry_number`) VALUES
(1, 1, 1, '2022-08-06', 115, 2.3, 117.3, 0, 1, 24),
(3, 2, 1, '2022-08-06', 19.17, 2.3, 21.47, 95.83, 1, 25),
(4, 2, 2, '2022-09-03', 19.17, 2.3, 21.47, 76.66, 1, 54),
(5, 2, 3, '2022-10-01', 19.17, 2.3, 21.47, 57.49, 1, 77),
(6, 2, 4, '2022-11-05', 19.17, 2.3, 21.47, 38.32, 1, 109),
(7, 2, 5, '2022-12-03', 19.17, 2.3, 21.47, 19.17, 1, 147),
(8, 2, 6, '2023-01-07', 19.17, 2.3, 21.47, 0, 1, 170),
(9, 3, 1, '2022-08-06', 57.5, 2.3, 59.8, 57.5, 1, 27),
(10, 3, 2, '2022-09-03', 57.5, 2.3, 59.8, 0, 1, 53),
(11, 5, 1, '2022-08-06', 25, 3, 28, 125, 1, 34),
(12, 5, 2, '2022-09-03', 25, 3, 28, 100, 1, 116),
(13, 5, 3, '2022-10-01', 25, 3, 28, 75, 1, 116),
(14, 5, 4, '2022-11-05', 25, 3, 28, 50, 1, 116),
(15, 5, 5, '2022-12-03', 25, 3, 28, 25, 1, 186),
(16, 5, 6, '2023-01-07', 25, 3, 28, 0, 1, 215),
(17, 6, 1, '2022-08-06', 50, 2, 52, 50, 1, 31),
(18, 6, 2, '2022-09-03', 50, 2, 52, 0, 1, 58),
(19, 7, 1, '2022-09-03', 68, 2.72, 70.72, 68, 1, 44),
(20, 7, 2, '2022-10-01', 68, 2.72, 70.72, 0, 1, 78),
(21, 8, 1, '2022-09-03', 68, 2.72, 70.72, 68, 1, 80),
(22, 8, 2, '2022-10-01', 68, 2.72, 70.72, 0, 1, 80),
(23, 10, 1, '2022-09-03', 50, 6, 56, 250, 1, 60),
(24, 10, 2, '2022-10-01', 50, 6, 56, 200, 1, 92),
(25, 10, 3, '2022-11-05', 50, 6, 56, 150, 1, 112),
(26, 10, 4, '2022-12-03', 50, 6, 56, 100, 1, 149),
(27, 10, 5, '2023-01-07', 50, 6, 56, 50, 1, 188),
(28, 10, 6, '2023-02-04', 50, 6, 56, 0, 1, 188),
(29, 11, 1, '2022-09-03', 50, 6, 56, 250, 1, 49),
(30, 11, 2, '2022-10-01', 50, 6, 56, 200, 1, 82),
(31, 11, 3, '2022-11-05', 50, 6, 56, 150, 1, -2),
(32, 11, 4, '2022-12-03', 50, 6, 56, 100, 1, -2),
(33, 11, 5, '2023-01-07', 50, 6, 56, 50, 1, -2),
(34, 11, 6, '2023-02-04', 50, 6, 56, 0, 1, -2),
(35, 13, 1, '2022-09-03', 18.4, 1.84, 20.24, 73.6, 1, 52),
(36, 13, 2, '2022-10-01', 18.4, 1.84, 20.24, 55.2, 1, 72),
(37, 13, 3, '2022-11-05', 18.4, 1.84, 20.24, 36.8, 1, 114),
(38, 13, 4, '2022-12-03', 18.4, 1.84, 20.24, 18.4, 1, 134),
(39, 13, 5, '2023-01-07', 18.4, 1.84, 20.24, 0, 1, 166),
(40, 14, 1, '2022-09-03', 15.2, 1.52, 16.72, 60.8, 1, 51),
(41, 14, 2, '2022-10-01', 15.2, 1.52, 16.72, 45.6, 1, 70),
(42, 14, 3, '2022-11-05', 15.2, 1.52, 16.72, 30.4, 1, 105),
(43, 14, 4, '2022-12-03', 15.2, 1.52, 16.72, 15.2, 1, 106),
(44, 14, 5, '2023-01-07', 15.2, 1.52, 16.72, 0, 1, 106),
(45, 15, 1, '2022-10-01', 33.33, 4, 37.33, 166.67, 1, 70),
(46, 15, 2, '2022-11-05', 33.33, 4, 37.33, 133.34, 1, 110),
(47, 15, 3, '2022-12-03', 33.33, 4, 37.33, 100.01, 1, 110),
(48, 15, 4, '2023-01-07', 33.33, 4, 37.33, 66.68, 1, 110),
(49, 15, 5, '2023-02-04', 33.33, 4, 37.33, 33.33, 1, 110),
(50, 15, 6, '2023-03-04', 33.33, 4, 37.33, 0, 1, 124),
(51, 16, 1, '2022-11-05', 29.67, 3.56, 33.23, 148.33, 1, 102),
(52, 16, 2, '2022-12-03', 29.67, 3.56, 33.23, 118.66, 1, 128),
(53, 16, 3, '2023-01-07', 29.67, 3.56, 33.23, 88.99, 1, 161),
(54, 16, 4, '2023-02-04', 29.67, 3.56, 33.23, 59.32, 1, 198),
(55, 16, 5, '2023-03-04', 29.67, 3.56, 33.23, 29.67, 1, 233),
(56, 16, 6, '2023-04-01', 29.67, 3.56, 33.23, -0.02, 1, 272),
(57, 17, 1, '2022-11-05', 33.33, 4, 37.33, 166.67, 1, 113),
(58, 17, 2, '2022-12-03', 33.33, 4, 37.33, 133.34, 1, 148),
(59, 17, 3, '2023-01-07', 33.33, 4, 37.33, 100.01, 1, 169),
(60, 17, 4, '2023-02-04', 33.33, 4, 37.33, 66.68, 1, 208),
(61, 17, 5, '2023-03-04', 33.33, 4, 37.33, 33.33, 1, 254),
(62, 17, 6, '2023-04-01', 33.33, 4, 37.33, 0, 1, 254),
(63, 18, 1, '2022-11-05', 33.33, 4, 37.33, 166.67, 1, 118),
(64, 18, 2, '2022-12-03', 33.33, 4, 37.33, 133.34, 1, 137),
(65, 18, 3, '2023-01-07', 33.33, 4, 37.33, 100.01, 1, 190),
(66, 18, 4, '2023-02-04', 33.33, 4, 37.33, 66.68, 1, 190),
(67, 18, 5, '2023-03-04', 33.33, 4, 37.33, 33.33, 1, 234),
(68, 18, 6, '2023-04-01', 33.33, 4, 37.33, 0, 1, 234),
(69, 19, 1, '2022-11-05', 100, 6, 106, 200, 1, 117),
(70, 19, 2, '2022-12-03', 100, 6, 106, 100, 1, 145),
(71, 19, 3, '2023-01-07', 100, 6, 106, 0, 1, 151),
(72, 20, 1, '2022-11-05', 62.5, 30, 92.5, 1437.5, 1, 120),
(73, 20, 2, '2022-12-03', 62.5, 30, 92.5, 1375, 1, 150),
(74, 20, 3, '2023-01-07', 62.5, 30, 92.5, 0, 1, 152),
(75, 21, 1, '2022-11-05', 85.71, 12, 97.71, 514.29, 1, 122),
(76, 21, 2, '2022-12-03', 85.71, 12, 97.71, 428.58, 1, 143),
(77, 21, 3, '2023-01-07', 85.71, 12, 97.71, 342.87, 1, 157),
(78, 21, 4, '2023-02-04', 85.71, 12, 97.71, 257.16, 1, 226),
(79, 21, 5, '2023-03-04', 85.71, 12, 97.71, 171.45, 1, 257),
(80, 21, 6, '2023-04-01', 85.71, 12, 97.71, 85.71, 1, 291),
(81, 21, 7, '2023-05-06', 85.71, 12, 97.71, 0.03, 1, 335),
(82, 22, 1, '2022-12-03', 42.5, 6.8, 49.3, 297.5, 1, 132),
(83, 22, 2, '2023-01-07', 42.5, 5.95, 48.45, 255, 1, 167),
(84, 22, 3, '2023-02-04', 42.5, 5.1, 47.6, 127.5, 1, 205),
(85, 22, 4, '2023-03-04', 42.5, 4.25, 46.75, 0, 1, 210),
(86, 23, 1, '2022-12-03', 55.56, 20, 75.56, 944.44, 1, 135),
(87, 23, 2, '2023-01-07', 55.56, 18.89, 74.44, 888.88, 1, 158),
(88, 23, 3, '2023-02-04', 55.56, 17.78, 73.33, 833.32, 1, 216),
(89, 23, 4, '2023-03-04', 55.56, 16.67, 72.22, 777.76, 1, 247),
(90, 23, 5, '2023-04-01', 55.56, 15.56, 71.11, 722.2, 1, 285),
(91, 23, 6, '2023-05-06', 55.56, 14.44, 70, 666.64, 1, 321),
(92, 23, 7, '2023-06-03', 55.56, 13.33, 68.89, 611.08, 1, 367),
(93, 23, 8, '2023-07-01', 55.56, 12.22, 67.78, 555.52, 1, 374),
(94, 23, 9, '2023-08-05', 55.56, 11.11, 66.67, 499.96, 1, 424),
(95, 23, 10, '2023-09-02', 55.56, 10, 65.56, 444.4, 1, 468),
(96, 23, 11, '2023-10-07', 55.56, 8.89, 64.44, 388.84, 1, 505),
(97, 23, 12, '2023-11-04', 55.56, 7.78, 63.33, 333.28, 0, NULL),
(98, 23, 13, '2023-12-02', 55.56, 6.67, 62.22, 277.72, 0, NULL),
(99, 23, 14, '2024-01-06', 55.56, 5.56, 61.11, 222.16, 0, NULL),
(100, 23, 15, '2024-02-03', 55.56, 4.44, 60, 166.6, 0, NULL),
(101, 23, 16, '2024-03-02', 55.56, 3.33, 58.89, 111.04, 0, NULL),
(102, 23, 17, '2024-04-06', 55.56, 2.22, 57.78, 55.48, 0, NULL),
(103, 23, 18, '2024-05-04', 55.56, 1.11, 56.67, -0.08, 0, NULL),
(104, 24, 1, '2022-12-03', 100, 10, 110, 400, 1, 168),
(105, 24, 2, '2023-01-07', 100, 8, 108, 300, 1, 168),
(106, 24, 3, '2023-02-04', 100, 6, 106, 200, 1, 217),
(107, 24, 4, '2023-03-04', 100, 4, 104, 100, 1, 235),
(108, 24, 5, '2023-04-01', 100, 2, 102, 0, 1, 304),
(109, 25, 1, '2022-12-03', 66.33, 3.98, 70.31, 132.67, 1, 140),
(110, 25, 2, '2023-01-07', 66.33, 3.98, 70.31, 66.34, 1, 184),
(111, 25, 3, '2023-02-04', 66.33, 3.98, 70.31, 0, 1, 184),
(112, 26, 1, '2022-12-03', 200, 4, 204, 0, 1, 174),
(113, 27, 1, '2022-12-03', 50, 4, 54, 150, 1, 133),
(114, 27, 2, '2023-01-07', 50, 4, 54, 100, 1, 165),
(115, 27, 3, '2023-02-04', 50, 4, 54, 50, 1, 165),
(116, 27, 4, '2023-03-04', 50, 4, 54, 0, 1, 165),
(117, 28, 1, '2023-01-07', 25, 2, 27, 75, 1, 73),
(118, 28, 2, '2023-02-04', 25, 2, 27, 50, 1, 219),
(119, 28, 3, '2023-03-04', 25, 2, 27, 25, 1, 250),
(120, 28, 4, '2023-04-01', 25, 2, 27, 0, 1, 271),
(121, 29, 1, '2023-01-07', 50, 24, 74, 1150, 1, 183),
(122, 29, 2, '2023-02-04', 50, 23, 73, 1100, 1, 197),
(123, 29, 3, '2023-03-04', 50, 22, 72, 1050, 1, 197),
(124, 29, 4, '2023-04-01', 50, 21, 71, 1000, 1, 242),
(125, 29, 5, '2023-05-06', 50, 20, 70, 950, 1, 284),
(126, 29, 6, '2023-06-03', 50, 19, 69, 900, 1, 324),
(127, 29, 7, '2023-07-01', 50, 18, 68, 850, 1, 324),
(128, 29, 8, '2023-08-05', 50, 17, 67, 800, 1, 362),
(129, 29, 9, '2023-09-02', 50, 16, 66, 750, 1, 471),
(130, 29, 10, '2023-10-07', 50, 15, 65, 700, 1, 518),
(131, 29, 11, '2023-11-04', 50, 14, 64, 650, 0, NULL),
(132, 29, 12, '2023-12-02', 50, 13, 63, 600, 0, NULL),
(133, 29, 13, '2024-01-06', 50, 12, 62, 550, 0, NULL),
(134, 29, 14, '2024-02-03', 50, 11, 61, 500, 0, NULL),
(135, 29, 15, '2024-03-02', 50, 10, 60, 450, 0, NULL),
(136, 29, 16, '2024-04-06', 50, 9, 59, 400, 0, NULL),
(137, 29, 17, '2024-05-04', 50, 8, 58, 350, 0, NULL),
(138, 29, 18, '2024-06-01', 50, 7, 57, 300, 0, NULL),
(139, 29, 19, '2024-07-06', 50, 6, 56, 250, 0, NULL),
(140, 29, 20, '2024-08-03', 50, 5, 55, 200, 0, NULL),
(141, 29, 21, '2024-09-07', 50, 4, 54, 150, 0, NULL),
(142, 29, 22, '2024-10-05', 50, 3, 53, 100, 0, NULL),
(143, 29, 23, '2024-11-02', 50, 2, 52, 50, 0, NULL),
(144, 29, 24, '2024-12-07', 50, 1, 51, 0, 0, NULL),
(145, 30, 1, '2023-01-07', 41.67, 20, 60.57, 958.33, 1, 182),
(146, 30, 2, '2023-02-04', 41.67, 19.17, 60.83, 916.66, 1, 224),
(147, 30, 3, '2023-03-04', 41.67, 18.33, 60, 874.99, 1, 227),
(148, 30, 4, '2023-04-01', 41.67, 17.5, 58.17, 833.32, 1, 293),
(149, 30, 5, '2023-05-06', 41.67, 16.67, 58.33, 791.65, 1, 331),
(150, 30, 6, '2023-06-03', 41.67, 15.83, 57.5, 749.98, 1, 331),
(151, 30, 7, '2023-07-01', 41.67, 15, 56.67, 708.31, 1, 331),
(152, 30, 8, '2023-08-05', 41.67, 14.17, 55.83, 666.64, 1, 331),
(153, 30, 9, '2023-09-02', 41.67, 13.33, 55, 624.97, 1, 331),
(154, 30, 10, '2023-10-07', 41.67, 12.5, 54.17, 583.3, 1, 331),
(155, 30, 11, '2023-11-04', 41.67, 11.67, 53.33, 541.63, 1, 331),
(156, 30, 12, '2023-12-02', 41.67, 10.83, 52.5, 499.96, 1, 331),
(157, 30, 13, '2024-01-06', 41.67, 10, 51.67, 458.29, 1, 331),
(158, 30, 14, '2024-02-03', 41.67, 9.17, 50.83, 416.62, 1, 331),
(159, 30, 15, '2024-03-02', 41.67, 8.33, 50, 374.95, 1, 331),
(160, 30, 16, '2024-04-06', 41.67, 7.5, 49.17, 333.28, 1, 331),
(161, 30, 17, '2024-05-04', 41.67, 6.67, 48.33, 291.61, 1, 331),
(162, 30, 18, '2024-06-01', 41.67, 5.83, 47.5, 249.94, 1, 331),
(163, 30, 19, '2024-07-06', 41.67, 5, 46.67, 208.27, 1, 331),
(164, 30, 20, '2024-08-03', 41.67, 4.17, 45.83, 166.6, 1, 331),
(165, 30, 21, '2024-09-07', 41.67, 3.33, 45, 124.93, 1, 331),
(166, 30, 22, '2024-10-05', 41.67, 2.5, 44.17, 83.26, 1, 331),
(167, 30, 23, '2024-11-02', 41.67, 1.67, 43.33, 41.59, 1, 331),
(168, 30, 24, '2024-12-07', 41.67, 0.83, 42.5, -0.08, 1, 331),
(169, 31, 1, '2023-02-04', 40.17, 4.82, 44.99, 200.83, 1, 194),
(170, 31, 2, '2023-03-04', 40.17, 4.02, 44.18, 160.66, 1, 245),
(171, 31, 3, '2023-04-01', 40.17, 3.21, 43.38, 120.49, 1, 263),
(172, 31, 4, '2023-05-06', 40.17, 2.41, 42.58, 80.32, 1, 306),
(173, 31, 5, '2023-06-03', 40.17, 1.61, 41.77, 40.15, 1, 352),
(174, 31, 6, '2023-07-01', 40.17, 0.8, 40.97, -0.02, 1, 384),
(175, 32, 1, '2023-02-04', 40.17, 4.82, 44.99, 200.83, 1, 209),
(176, 32, 2, '2023-03-04', 40.17, 4.02, 44.18, 160.66, 1, 252),
(177, 32, 3, '2023-04-01', 40.17, 3.21, 43.38, 120.49, 1, 286),
(178, 32, 4, '2023-05-06', 40.17, 2.41, 42.58, 80.32, 1, 297),
(179, 32, 5, '2023-06-03', 40.17, 1.61, 41.77, 40.15, 1, 322),
(180, 32, 6, '2023-07-01', 40.17, 0.8, 40.97, -0.02, 1, 322),
(181, 33, 1, '2023-02-04', 83.33, 20, 103.33, 916.67, 1, 214),
(182, 33, 2, '2023-03-04', 83.33, 18.33, 101.67, 833.34, 1, 243),
(183, 33, 3, '2023-04-01', 83.33, 16.67, 100, 750.01, 1, 268),
(184, 33, 4, '2023-05-06', 83.33, 15, 98.33, 666.68, 1, 333),
(185, 33, 5, '2023-06-03', 83.33, 13.33, 96.67, 583.35, 1, 364),
(186, 33, 6, '2023-07-01', 83.33, 11.67, 95, 500.02, 1, 364),
(187, 33, 7, '2023-08-05', 83.33, 10, 93.33, 416.69, 1, 364),
(188, 33, 8, '2023-09-02', 83.33, 8.33, 91.67, 333.36, 1, 364),
(189, 33, 9, '2023-10-07', 83.33, 6.67, 90, 250.03, 1, 364),
(190, 33, 10, '2023-11-04', 83.33, 5, 88.33, 166.7, 1, 364),
(191, 33, 11, '2023-12-02', 83.33, 3.33, 86.67, 83.37, 1, 364),
(192, 33, 12, '2024-01-06', 83.33, 1.67, 85, 0.04, 1, 364),
(193, 34, 1, '2023-03-04', 83.33, 20, 103.33, 916.67, 1, 238),
(194, 34, 2, '2023-04-01', 83.33, 18.33, 101.67, 833.34, 1, 261),
(195, 34, 3, '2023-05-06', 83.33, 16.67, 100, 750.01, 1, 311),
(196, 34, 4, '2023-06-03', 83.33, 15, 98.33, 666.68, 1, 348),
(197, 34, 5, '2023-07-01', 83.33, 13.33, 96.67, 583.35, 1, 379),
(198, 34, 6, '2023-08-05', 83.33, 11.67, 95, 500.02, 1, 417),
(199, 34, 7, '2023-09-02', 83.33, 10, 93.33, 416.69, 1, 417),
(200, 34, 8, '2023-10-07', 83.33, 8.33, 91.67, 333.36, 1, 417),
(201, 34, 9, '2023-11-04', 83.33, 6.67, 90, 250.03, 1, 417),
(202, 34, 10, '2023-12-02', 83.33, 5, 88.33, 166.7, 1, 417),
(203, 34, 11, '2024-01-06', 83.33, 3.33, 86.67, 83.37, 1, 417),
(204, 34, 12, '2024-02-03', 83.33, 1.67, 85, 0.04, 1, 417),
(205, 35, 1, '2023-03-04', 50, 24, 74, 1150, 1, 260),
(206, 35, 2, '2023-04-01', 50, 23, 73, 1100, 1, 292),
(207, 35, 3, '2023-05-06', 50, 22, 72, 1050, 1, 301),
(208, 35, 4, '2023-06-03', 50, 21, 71, 1000, 1, 338),
(209, 35, 5, '2023-07-01', 50, 20, 70, 950, 1, 372),
(210, 35, 6, '2023-08-05', 50, 19, 69, 900, 1, 413),
(211, 35, 7, '2023-09-02', 50, 18, 68, 850, 1, 453),
(212, 35, 8, '2023-10-07', 50, 17, 67, 800, 1, 494),
(213, 35, 9, '2023-11-04', 50, 16, 66, 750, 0, NULL),
(214, 35, 10, '2023-12-02', 50, 15, 65, 700, 0, NULL),
(215, 35, 11, '2024-01-06', 50, 14, 64, 650, 0, NULL),
(216, 35, 12, '2024-02-03', 50, 13, 63, 600, 0, NULL),
(217, 35, 13, '2024-03-02', 50, 12, 62, 550, 0, NULL),
(218, 35, 14, '2024-04-06', 50, 11, 61, 500, 0, NULL),
(219, 35, 15, '2024-05-04', 50, 10, 60, 450, 0, NULL),
(220, 35, 16, '2024-06-01', 50, 9, 59, 400, 0, NULL),
(221, 35, 17, '2024-07-06', 50, 8, 58, 350, 0, NULL),
(222, 35, 18, '2024-08-03', 50, 7, 57, 300, 0, NULL),
(223, 35, 19, '2024-09-07', 50, 6, 56, 250, 0, NULL),
(224, 35, 20, '2024-10-05', 50, 5, 55, 200, 0, NULL),
(225, 35, 21, '2024-11-02', 50, 4, 54, 150, 0, NULL),
(226, 35, 22, '2024-12-07', 50, 3, 53, 100, 0, NULL),
(227, 35, 23, '2025-01-04', 50, 2, 52, 50, 0, NULL),
(228, 35, 24, '2025-02-01', 50, 1, 51, 0, 0, NULL),
(229, 36, 1, '2023-03-04', 50, 6, 56, 250, 1, 283),
(230, 36, 2, '2023-04-01', 50, 6, 56, 200, 1, 283),
(231, 36, 3, '2023-05-06', 50, 6, 56, 150, 1, 325),
(232, 36, 4, '2023-06-03', 50, 6, 56, 100, 1, 363),
(233, 36, 5, '2023-07-01', 50, 6, 56, 50, 1, 401),
(234, 36, 6, '2023-08-05', 50, 6, 56, 0, 1, 427),
(235, 37, 1, '2023-04-01', 41.67, 10, 51.67, 458.33, 1, 305),
(236, 37, 2, '2023-05-06', 41.67, 9.17, 50.84, 416.66, 1, 305),
(237, 37, 3, '2023-06-03', 41.67, 8.33, 50, 374.99, 1, 360),
(238, 37, 4, '2023-07-01', 41.67, 7.5, 49.17, 333.32, 1, 392),
(239, 37, 5, '2023-08-05', 41.67, 6.67, 48.34, 291.65, 1, 431),
(240, 37, 6, '2023-09-02', 41.67, 5.83, 47.5, 249.98, 1, 463),
(241, 37, 7, '2023-10-07', 41.67, 5, 46.67, 208.31, 1, 486),
(242, 37, 8, '2023-11-04', 41.67, 4.17, 45.84, 166.64, 1, 486),
(243, 37, 9, '2023-12-02', 41.67, 3.33, 45, 124.97, 1, 486),
(244, 37, 10, '2024-01-06', 41.67, 2.5, 44.17, 83.3, 1, 486),
(245, 37, 11, '2024-02-03', 41.67, 1.67, 43.34, 41.63, 1, 486),
(246, 37, 12, '2024-03-02', 41.67, 0.83, 42.5, -0.04, 1, 486),
(247, 38, 1, '2023-04-01', 100, 24, 124, 1100, 1, 280),
(248, 38, 2, '2023-05-06', 100, 22, 122, 1000, 1, 318),
(249, 38, 3, '2023-06-03', 100, 20, 120, 900, 1, 340),
(250, 38, 4, '2023-07-01', 100, 18, 118, 800, 1, 386),
(251, 38, 5, '2023-08-05', 100, 16, 116, 700, 1, 434),
(252, 38, 6, '2023-09-02', 100, 14, 114, 600, 1, 470),
(253, 38, 7, '2023-10-07', 100, 12, 112, 500, 1, 501),
(254, 38, 8, '2023-11-04', 100, 10, 110, 400, 1, 528),
(255, 38, 9, '2023-12-02', 100, 8, 108, 300, 1, 528),
(256, 38, 10, '2024-01-06', 100, 6, 106, 200, 1, 528),
(257, 38, 11, '2024-02-03', 100, 4, 104, 100, 1, 528),
(258, 38, 12, '2024-03-02', 100, 2, 102, 0, 1, 528),
(259, 40, 1, '2023-04-01', 62.5, 10, 72.5, 437.5, 1, 264),
(260, 40, 2, '2023-05-06', 62.5, 8.75, 71.25, 375, 1, 310),
(261, 40, 3, '2023-06-03', 62.5, 7.5, 70, 312.5, 1, 347),
(262, 40, 4, '2023-07-01', 62.5, 6.25, 68.75, 250, 1, 378),
(263, 40, 5, '2023-08-05', 62.5, 5, 67.5, 187.5, 1, 416),
(264, 40, 6, '2023-09-02', 62.5, 3.75, 66.25, 125, 1, 416),
(265, 40, 7, '2023-10-07', 62.5, 2.5, 65, 62.5, 1, 416),
(266, 40, 8, '2023-11-04', 62.5, 1.25, 63.75, 0, 1, 416),
(279, 41, 1, '2023-06-03', 41.67, 10, 51.67, 458.33, 1, 351),
(280, 41, 2, '2023-07-01', 41.67, 9.17, 50.84, 416.66, 1, 381),
(281, 41, 3, '2023-08-05', 41.67, 8.33, 50, 374.99, 1, 436),
(282, 41, 4, '2023-09-02', 41.67, 7.5, 49.17, 333.32, 1, 459),
(283, 41, 5, '2023-10-07', 41.67, 6.67, 48.34, 291.65, 1, 508),
(284, 41, 6, '2023-11-04', 41.67, 5.83, 47.5, 249.98, 1, 508),
(285, 41, 7, '2023-12-02', 41.67, 5, 46.67, 208.31, 1, 508),
(286, 41, 8, '2024-01-06', 41.67, 4.17, 45.84, 166.64, 1, 508),
(287, 41, 9, '2024-02-03', 41.67, 3.33, 45, 124.97, 1, 508),
(288, 41, 10, '2024-03-02', 41.67, 2.5, 44.17, 83.3, 1, 508),
(289, 41, 11, '2024-04-06', 41.67, 1.67, 43.34, 41.63, 1, 508),
(290, 41, 12, '2024-05-04', 41.67, 0.83, 42.5, -0.04, 1, 508),
(291, 42, 1, '2023-06-03', 33.33, 4, 37.33, 166.67, 1, 406),
(292, 42, 2, '2023-07-01', 33.33, 4, 37.33, 133.34, 1, 406),
(293, 42, 3, '2023-08-05', 33.33, 4, 37.33, 100.01, 1, 421),
(294, 42, 4, '2023-09-02', 33.33, 4, 37.33, 66.68, 1, 438),
(295, 42, 5, '2023-10-07', 33.33, 4, 37.33, 33.35, 1, 438),
(296, 42, 6, '2023-11-04', 33.33, 4, 37.33, 0.02, 1, 438),
(297, 43, 1, '2023-06-03', 66.67, 20, 86.67, 933.33, 1, 370),
(298, 43, 2, '2023-07-01', 66.67, 18.67, 85.34, 866.66, 1, 387),
(299, 43, 3, '2023-08-05', 66.67, 17.33, 84, 799.99, 1, 412),
(300, 43, 4, '2023-09-02', 66.67, 16, 82.67, 733.32, 1, 485),
(301, 43, 5, '2023-10-07', 66.67, 14.67, 81.34, 666.65, 1, 513),
(302, 43, 6, '2023-11-04', 66.67, 13.33, 80, 599.98, 0, NULL),
(303, 43, 7, '2023-12-02', 66.67, 12, 78.67, 533.31, 0, NULL),
(304, 43, 8, '2024-01-06', 66.67, 10.67, 77.34, 466.64, 0, NULL),
(305, 43, 9, '2024-02-03', 66.67, 9.33, 76, 399.97, 0, NULL),
(306, 43, 10, '2024-03-02', 66.67, 8, 74.67, 333.3, 0, NULL),
(307, 43, 11, '2024-04-06', 66.67, 6.67, 73.34, 266.63, 0, NULL),
(308, 43, 12, '2024-05-04', 66.67, 5.33, 72, 199.96, 0, NULL),
(309, 43, 13, '2024-06-01', 66.67, 4, 70.67, 133.29, 0, NULL),
(310, 43, 14, '2024-07-06', 66.67, 2.67, 69.34, 66.62, 0, NULL),
(311, 43, 15, '2024-08-03', 66.67, 1.33, 68, -0.05, 0, NULL),
(312, 44, 1, '2023-06-03', 83.33, 20, 103.33, 916.67, 1, 359),
(313, 44, 2, '2023-07-01', 83.33, 18.33, 101.66, 833.34, 1, 390),
(314, 44, 3, '2023-08-05', 83.33, 16.67, 100, 750.01, 1, 423),
(315, 44, 4, '2023-09-02', 83.33, 15, 98.33, 666.68, 1, 479),
(316, 44, 5, '2023-10-07', 83.33, 13.33, 96.66, 583.35, 1, 507),
(317, 44, 6, '2023-11-04', 83.33, 11.67, 95, 500.02, 0, NULL),
(318, 44, 7, '2023-12-02', 83.33, 10, 93.33, 416.69, 0, NULL),
(319, 44, 8, '2024-01-06', 83.33, 8.33, 91.66, 333.36, 0, NULL),
(320, 44, 9, '2024-02-03', 83.33, 6.67, 90, 250.03, 0, NULL),
(321, 44, 10, '2024-03-02', 83.33, 5, 88.33, 166.7, 0, NULL),
(322, 44, 11, '2024-04-06', 83.33, 3.33, 86.66, 83.37, 0, NULL),
(323, 44, 12, '2024-05-04', 83.33, 1.67, 85, 0.04, 0, NULL),
(324, 45, 1, '2023-06-03', 66.67, 20, 86.67, 933.33, 1, 355),
(325, 45, 2, '2023-07-01', 66.67, 18.67, 85.34, 866.66, 1, 409),
(326, 45, 3, '2023-08-05', 66.67, 17.33, 84, 799.99, 1, 409),
(327, 45, 4, '2023-09-02', 66.67, 16, 82.67, 733.32, 1, 409),
(328, 45, 5, '2023-10-07', 66.67, 14.67, 81.34, 666.65, 1, 409),
(329, 45, 6, '2023-11-04', 66.67, 13.33, 80, 599.98, 1, 409),
(330, 45, 7, '2023-12-02', 66.67, 12, 78.67, 533.31, 1, 409),
(331, 45, 8, '2024-01-06', 66.67, 10.67, 77.34, 466.64, 1, 409),
(332, 45, 9, '2024-02-03', 66.67, 9.33, 76, 399.97, 1, 409),
(333, 45, 10, '2024-03-02', 66.67, 8, 74.67, 333.3, 1, 409),
(334, 45, 11, '2024-04-06', 66.67, 6.67, 73.34, 266.63, 1, 409),
(335, 45, 12, '2024-05-04', 66.67, 5.33, 72, 199.96, 1, 409),
(336, 45, 13, '2024-06-01', 66.67, 4, 70.67, 133.29, 1, 409),
(337, 45, 14, '2024-07-06', 66.67, 2.67, 69.34, 66.62, 1, 409),
(338, 45, 15, '2024-08-03', 66.67, 1.33, 68, -0.05, 1, 409),
(339, 46, 1, '2023-06-03', 80, 8, 88, 320, 1, 337),
(340, 46, 2, '2023-07-01', 80, 6.4, 86.4, 240, 1, 398),
(341, 46, 3, '2023-08-05', 80, 4.8, 84.8, 160, 1, 410),
(342, 46, 4, '2023-09-02', 80, 3.2, 83.2, 80, 1, 450),
(343, 46, 5, '2023-10-07', 80, 1.6, 81.6, 0, 1, 492),
(344, 47, 1, '2023-06-03', 41.67, 20, 61.67, 958.33, 1, 403),
(345, 47, 2, '2023-07-01', 41.67, 19.17, 60.84, 916.66, 1, 403),
(346, 47, 3, '2023-08-05', 41.67, 18.33, 60, 874.99, 1, 444),
(347, 47, 4, '2023-09-02', 41.67, 17.5, 59.17, 833.32, 1, 474),
(348, 47, 5, '2023-10-07', 41.67, 16.67, 58.34, 791.65, 1, 515),
(349, 47, 6, '2023-11-04', 41.67, 15.83, 57.5, 749.98, 0, NULL),
(350, 47, 7, '2023-12-02', 41.67, 15, 56.67, 708.31, 0, NULL),
(351, 47, 8, '2024-01-06', 41.67, 14.17, 55.84, 666.64, 0, NULL),
(352, 47, 9, '2024-02-03', 41.67, 13.33, 55, 624.97, 0, NULL),
(353, 47, 10, '2024-03-02', 41.67, 12.5, 54.17, 583.3, 0, NULL),
(354, 47, 11, '2024-04-06', 41.67, 11.67, 53.34, 541.63, 0, NULL),
(355, 47, 12, '2024-05-04', 41.67, 10.83, 52.5, 499.96, 0, NULL),
(356, 47, 13, '2024-06-01', 41.67, 10, 51.67, 458.29, 0, NULL),
(357, 47, 14, '2024-07-06', 41.67, 9.17, 50.84, 416.62, 0, NULL),
(358, 47, 15, '2024-08-03', 41.67, 8.33, 50, 374.95, 0, NULL),
(359, 47, 16, '2024-09-07', 41.67, 7.5, 49.17, 333.28, 0, NULL),
(360, 47, 17, '2024-10-05', 41.67, 6.67, 48.34, 291.61, 0, NULL),
(361, 47, 18, '2024-11-02', 41.67, 5.83, 47.5, 249.94, 0, NULL),
(362, 47, 19, '2024-12-07', 41.67, 5, 46.67, 208.27, 0, NULL),
(363, 47, 20, '2025-01-04', 41.67, 4.17, 45.84, 166.6, 0, NULL),
(364, 47, 21, '2025-02-01', 41.67, 3.33, 45, 124.93, 0, NULL),
(365, 47, 22, '2025-03-01', 41.67, 2.5, 44.17, 83.26, 0, NULL),
(366, 47, 23, '2025-04-05', 41.67, 1.67, 43.34, 41.59, 0, NULL),
(367, 47, 24, '2025-05-03', 41.67, 0.83, 42.5, -0.08, 0, NULL),
(368, 48, 1, '2023-07-01', 42.86, 12, 54.86, 557.14, 1, 393),
(369, 48, 2, '2023-08-05', 42.86, 11.14, 54, 514.28, 1, 432),
(370, 48, 3, '2023-09-02', 42.86, 10.29, 53.15, 471.42, 1, 462),
(371, 48, 4, '2023-10-07', 42.86, 9.43, 52.29, 428.56, 1, 498),
(372, 48, 5, '2023-11-04', 42.86, 8.57, 51.43, 385.7, 0, NULL),
(373, 48, 6, '2023-12-02', 42.86, 7.71, 50.57, 342.84, 0, NULL),
(374, 48, 7, '2024-01-06', 42.86, 6.86, 49.72, 299.98, 0, NULL),
(375, 48, 8, '2024-02-03', 42.86, 6, 48.86, 257.12, 0, NULL),
(376, 48, 9, '2024-03-02', 42.86, 5.14, 48, 214.26, 0, NULL),
(377, 48, 10, '2024-04-06', 42.86, 4.29, 47.15, 171.4, 0, NULL),
(378, 48, 11, '2024-05-04', 42.86, 3.43, 46.29, 128.54, 0, NULL),
(379, 48, 12, '2024-06-01', 42.86, 2.57, 45.43, 85.68, 0, NULL),
(380, 48, 13, '2024-07-06', 42.86, 1.71, 44.57, 42.82, 0, NULL),
(381, 48, 14, '2024-08-03', 42.86, 0.86, 43.72, -0.04, 0, NULL),
(382, 49, 1, '2023-07-01', 50, 24, 74, 1150, 1, 408),
(383, 49, 2, '2023-08-05', 50, 23, 73, 1100, 1, 408),
(384, 49, 3, '2023-09-02', 50, 22, 72, 1050, 1, 408),
(385, 49, 4, '2023-10-07', 50, 21, 71, 1000, 1, 408),
(386, 49, 5, '2023-11-04', 50, 20, 70, 950, 1, 408),
(387, 49, 6, '2023-12-02', 50, 19, 69, 900, 1, 408),
(388, 49, 7, '2024-01-06', 50, 18, 68, 850, 1, 408),
(389, 49, 8, '2024-02-03', 50, 17, 67, 800, 1, 408),
(390, 49, 9, '2024-03-02', 50, 16, 66, 750, 1, 408),
(391, 49, 10, '2024-04-06', 50, 15, 65, 700, 1, 408),
(392, 49, 11, '2024-05-04', 50, 14, 64, 650, 1, 408),
(393, 49, 12, '2024-06-01', 50, 13, 63, 600, 1, 408),
(394, 49, 13, '2024-07-06', 50, 12, 62, 550, 1, 408),
(395, 49, 14, '2024-08-03', 50, 11, 61, 500, 1, 408),
(396, 49, 15, '2024-09-07', 50, 10, 60, 450, 1, 408),
(397, 49, 16, '2024-10-05', 50, 9, 59, 400, 1, 408),
(398, 49, 17, '2024-11-02', 50, 8, 58, 350, 1, 408),
(399, 49, 18, '2024-12-07', 50, 7, 57, 300, 1, 408),
(400, 49, 19, '2025-01-04', 50, 6, 56, 250, 1, 408),
(401, 49, 20, '2025-02-01', 50, 5, 55, 200, 1, 408),
(402, 49, 21, '2025-03-01', 50, 4, 54, 150, 1, 408),
(403, 49, 22, '2025-04-05', 50, 3, 53, 100, 1, 408),
(404, 49, 23, '2025-05-03', 50, 2, 52, 50, 1, 408),
(405, 49, 24, '2025-06-07', 50, 1, 51, 0, 1, 408),
(406, 50, 1, '2023-07-01', 50, 24, 74, 1150, 1, 402),
(407, 50, 2, '2023-08-05', 50, 24, 74, 1100, 1, 443),
(408, 50, 3, '2023-09-02', 50, 24, 74, 1050, 1, 475),
(409, 50, 4, '2023-10-07', 50, 24, 74, 1000, 1, 516),
(410, 50, 5, '2023-11-04', 50, 24, 74, 950, 0, NULL),
(411, 50, 6, '2023-12-02', 50, 24, 74, 900, 0, NULL),
(412, 50, 7, '2024-01-06', 50, 24, 74, 850, 0, NULL),
(413, 50, 8, '2024-02-03', 50, 24, 74, 800, 0, NULL),
(414, 50, 9, '2024-03-02', 50, 24, 74, 750, 0, NULL),
(415, 50, 10, '2024-04-06', 50, 24, 74, 700, 0, NULL),
(416, 50, 11, '2024-05-04', 50, 24, 74, 650, 0, NULL),
(417, 50, 12, '2024-06-01', 50, 24, 74, 600, 0, NULL),
(418, 50, 13, '2024-07-06', 50, 24, 74, 550, 0, NULL),
(419, 50, 14, '2024-08-03', 50, 24, 74, 500, 0, NULL),
(420, 50, 15, '2024-09-07', 50, 24, 74, 450, 0, NULL),
(421, 50, 16, '2024-10-05', 50, 24, 74, 400, 0, NULL),
(422, 50, 17, '2024-11-02', 50, 24, 74, 350, 0, NULL),
(423, 50, 18, '2024-12-07', 50, 24, 74, 300, 0, NULL),
(424, 50, 19, '2025-01-04', 50, 24, 74, 250, 0, NULL),
(425, 50, 20, '2025-02-01', 50, 24, 74, 200, 0, NULL),
(426, 50, 21, '2025-03-01', 50, 24, 74, 150, 0, NULL),
(427, 50, 22, '2025-04-05', 50, 24, 74, 100, 0, NULL),
(428, 50, 23, '2025-05-03', 50, 24, 74, 50, 0, NULL),
(429, 50, 24, '2025-06-07', 50, 24, 74, 0, 0, NULL),
(430, 51, 1, '2023-08-05', 83.33, 20, 103.33, 916.67, 1, 428),
(431, 51, 2, '2023-09-02', 83.33, 18.33, 101.66, 833.34, 1, 489),
(432, 51, 3, '2023-10-07', 83.33, 16.67, 100, 750.01, 1, 524),
(433, 51, 4, '2023-11-04', 83.33, 15, 98.33, 666.68, 0, NULL),
(434, 51, 5, '2023-12-02', 83.33, 13.33, 96.66, 583.35, 0, NULL),
(435, 51, 6, '2024-01-06', 83.33, 11.67, 95, 500.02, 0, NULL),
(436, 51, 7, '2024-02-03', 83.33, 10, 93.33, 416.69, 0, NULL),
(437, 51, 8, '2024-03-02', 83.33, 8.33, 91.66, 333.36, 0, NULL),
(438, 51, 9, '2024-04-06', 83.33, 6.67, 90, 250.03, 0, NULL),
(439, 51, 10, '2024-05-04', 83.33, 5, 88.33, 166.7, 0, NULL),
(440, 51, 11, '2024-06-01', 83.33, 3.33, 86.66, 83.37, 0, NULL),
(441, 51, 12, '2024-07-06', 83.33, 1.67, 85, 0.04, 0, NULL),
(562, 52, 1, '2023-09-02', 216.67, 26, 242.67, 1083.33, 1, 477),
(563, 52, 2, '2023-10-07', 216.67, 21.67, 238.34, 866.66, 1, 493),
(564, 52, 3, '2023-11-04', 216.67, 17.33, 234, 649.99, 0, NULL),
(565, 52, 4, '2023-12-02', 216.67, 13, 229.67, 433.32, 0, NULL),
(566, 52, 5, '2024-01-06', 216.67, 8.67, 225.34, 216.65, 0, NULL),
(567, 52, 6, '2024-02-03', 216.67, 4.33, 221, -0.02, 0, NULL),
(568, 53, 1, '2023-09-02', 75, 30, 105, 1425, 1, NULL),
(569, 53, 2, '2023-10-07', 75, 28.5, 103.5, 1350, 1, NULL),
(570, 53, 3, '2023-11-04', 75, 27, 102, 1275, 0, NULL),
(571, 53, 4, '2023-12-02', 75, 25.5, 100.5, 1200, 0, NULL),
(572, 53, 5, '2024-01-06', 75, 24, 99, 1125, 0, NULL),
(573, 53, 6, '2024-02-03', 75, 22.5, 97.5, 1050, 0, NULL),
(574, 53, 7, '2024-03-02', 75, 21, 96, 975, 0, NULL),
(575, 53, 8, '2024-04-06', 75, 19.5, 94.5, 900, 0, NULL),
(576, 53, 9, '2024-05-04', 75, 18, 93, 825, 0, NULL),
(577, 53, 10, '2024-06-01', 75, 16.5, 91.5, 750, 0, NULL),
(578, 53, 11, '2024-07-06', 75, 15, 90, 675, 0, NULL),
(579, 53, 12, '2024-08-03', 75, 13.5, 88.5, 600, 0, NULL),
(580, 53, 13, '2024-09-07', 75, 12, 87, 525, 0, NULL),
(581, 53, 14, '2024-10-05', 75, 10.5, 85.5, 450, 0, NULL),
(582, 53, 15, '2024-11-02', 75, 9, 84, 375, 0, NULL),
(583, 53, 16, '2024-12-07', 75, 7.5, 82.5, 300, 0, NULL),
(584, 53, 17, '2025-01-04', 75, 6, 81, 225, 0, NULL),
(585, 53, 18, '2025-02-01', 75, 4.5, 79.5, 150, 0, NULL),
(586, 53, 19, '2025-03-01', 75, 3, 78, 75, 0, NULL),
(587, 53, 20, '2025-04-05', 75, 1.5, 76.5, 0, 0, NULL),
(588, 54, 1, '2023-09-02', 61.11, 22, 83.11, 1038.89, 1, 478),
(589, 54, 2, '2023-10-07', 61.11, 20.78, 81.89, 977.78, 1, 527),
(590, 54, 3, '2023-11-04', 61.11, 19.56, 80.67, 916.67, 0, NULL),
(591, 54, 4, '2023-12-02', 61.11, 18.33, 79.44, 855.56, 0, NULL),
(592, 54, 5, '2024-01-06', 61.11, 17.11, 78.22, 794.45, 0, NULL),
(593, 54, 6, '2024-02-03', 61.11, 15.89, 77, 733.34, 0, NULL),
(594, 54, 7, '2024-03-02', 61.11, 14.67, 75.78, 672.23, 0, NULL),
(595, 54, 8, '2024-04-06', 61.11, 13.44, 74.55, 611.12, 0, NULL),
(596, 54, 9, '2024-05-04', 61.11, 12.22, 73.33, 550.01, 0, NULL),
(597, 54, 10, '2024-06-01', 61.11, 11, 72.11, 488.9, 0, NULL),
(598, 54, 11, '2024-07-06', 61.11, 9.78, 70.89, 427.79, 0, NULL),
(599, 54, 12, '2024-08-03', 61.11, 8.56, 69.67, 366.68, 0, NULL),
(600, 54, 13, '2024-09-07', 61.11, 7.33, 68.44, 305.57, 0, NULL),
(601, 54, 14, '2024-10-05', 61.11, 6.11, 67.22, 244.46, 0, NULL),
(602, 54, 15, '2024-11-02', 61.11, 4.89, 66, 183.35, 0, NULL),
(603, 54, 16, '2024-12-07', 61.11, 3.67, 64.78, 122.24, 0, NULL),
(604, 54, 17, '2025-01-04', 61.11, 2.44, 63.55, 61.13, 0, NULL),
(605, 54, 18, '2025-02-01', 61.11, 1.22, 62.33, 0.02, 0, NULL),
(606, 55, 1, '2023-09-02', 166.67, 40, 206.67, 1833.33, 1, 457),
(607, 55, 2, '2023-10-07', 166.67, 36.67, 203.34, 1666.66, 1, 510),
(608, 55, 3, '2023-11-04', 166.67, 33.33, 200, 1499.99, 0, NULL),
(609, 55, 4, '2023-12-02', 166.67, 30, 196.67, 1333.32, 0, NULL),
(610, 55, 5, '2024-01-06', 166.67, 26.67, 193.34, 1166.65, 0, NULL),
(611, 55, 6, '2024-02-03', 166.67, 23.33, 190, 999.98, 0, NULL),
(612, 55, 7, '2024-03-02', 166.67, 20, 186.67, 833.31, 0, NULL),
(613, 55, 8, '2024-04-06', 166.67, 16.67, 183.34, 666.64, 0, NULL),
(614, 55, 9, '2024-05-04', 166.67, 13.33, 180, 499.97, 0, NULL),
(615, 55, 10, '2024-06-01', 166.67, 10, 176.67, 333.3, 0, NULL),
(616, 55, 11, '2024-07-06', 166.67, 6.67, 173.34, 166.63, 0, NULL),
(617, 55, 12, '2024-08-03', 166.67, 3.33, 170, -0.04, 0, NULL),
(618, 56, 1, '2023-10-07', 66.67, 20, 86.67, 933.33, 1, 525),
(619, 56, 2, '2023-11-04', 66.67, 18.67, 85.34, 866.66, 0, NULL),
(620, 56, 3, '2023-12-02', 66.67, 17.33, 84, 799.99, 0, NULL),
(621, 56, 4, '2024-01-06', 66.67, 16, 82.67, 733.32, 0, NULL),
(622, 56, 5, '2024-02-03', 66.67, 14.67, 81.34, 666.65, 0, NULL),
(623, 56, 6, '2024-03-02', 66.67, 13.33, 80, 599.98, 0, NULL),
(624, 56, 7, '2024-04-06', 66.67, 12, 78.67, 533.31, 0, NULL),
(625, 56, 8, '2024-05-04', 66.67, 10.67, 77.34, 466.64, 0, NULL),
(626, 56, 9, '2024-06-01', 66.67, 9.33, 76, 399.97, 0, NULL),
(627, 56, 10, '2024-07-06', 66.67, 8, 74.67, 333.3, 0, NULL),
(628, 56, 11, '2024-08-03', 66.67, 6.67, 73.34, 266.63, 0, NULL),
(629, 56, 12, '2024-09-07', 66.67, 5.33, 72, 199.96, 0, NULL),
(630, 56, 13, '2024-10-05', 66.67, 4, 70.67, 133.29, 0, NULL),
(631, 56, 14, '2024-11-02', 66.67, 2.67, 69.34, 66.62, 0, NULL),
(632, 56, 15, '2024-12-07', 66.67, 1.33, 68, -0.05, 0, NULL),
(633, 57, 1, '2023-10-07', 54.17, 26, 80.17, 1245.83, 1, 521),
(634, 57, 2, '2023-11-04', 54.17, 24.92, 79.09, 1191.66, 0, NULL),
(635, 57, 3, '2023-12-02', 54.17, 23.83, 78, 1137.49, 0, NULL),
(636, 57, 4, '2024-01-06', 54.17, 22.75, 76.92, 1083.32, 0, NULL),
(637, 57, 5, '2024-02-03', 54.17, 21.67, 75.84, 1029.15, 0, NULL),
(638, 57, 6, '2024-03-02', 54.17, 20.58, 74.75, 974.98, 0, NULL),
(639, 57, 7, '2024-04-06', 54.17, 19.5, 73.67, 920.81, 0, NULL),
(640, 57, 8, '2024-05-04', 54.17, 18.42, 72.59, 866.64, 0, NULL),
(641, 57, 9, '2024-06-01', 54.17, 17.33, 71.5, 812.47, 0, NULL),
(642, 57, 10, '2024-07-06', 54.17, 16.25, 70.42, 758.3, 0, NULL),
(643, 57, 11, '2024-08-03', 54.17, 15.17, 69.34, 704.13, 0, NULL),
(644, 57, 12, '2024-09-07', 54.17, 14.08, 68.25, 649.96, 0, NULL),
(645, 57, 13, '2024-10-05', 54.17, 13, 67.17, 595.79, 0, NULL),
(646, 57, 14, '2024-11-02', 54.17, 11.92, 66.09, 541.62, 0, NULL),
(647, 57, 15, '2024-12-07', 54.17, 10.83, 65, 487.45, 0, NULL),
(648, 57, 16, '2025-01-04', 54.17, 9.75, 63.92, 433.28, 0, NULL),
(649, 57, 17, '2025-02-01', 54.17, 8.67, 62.84, 379.11, 0, NULL),
(650, 57, 18, '2025-03-01', 54.17, 7.58, 61.75, 324.94, 0, NULL),
(651, 57, 19, '2025-04-05', 54.17, 6.5, 60.67, 270.77, 0, NULL),
(652, 57, 20, '2025-05-03', 54.17, 5.42, 59.59, 216.6, 0, NULL),
(653, 57, 21, '2025-06-07', 54.17, 4.33, 58.5, 162.43, 0, NULL),
(654, 57, 22, '2025-07-05', 54.17, 3.25, 57.42, 108.26, 0, NULL),
(655, 57, 23, '2025-08-02', 54.17, 2.17, 56.34, 54.09, 0, NULL),
(656, 57, 24, '2025-09-06', 54.17, 1.08, 55.25, -0.08, 0, NULL),
(657, 58, 1, '2023-10-07', 113.33, 34, 147.33, 1586.67, 1, 499),
(658, 58, 2, '2023-11-04', 113.33, 31.73, 145.06, 1473.34, 0, NULL),
(659, 58, 3, '2023-12-02', 113.33, 29.47, 142.8, 1360.01, 0, NULL),
(660, 58, 4, '2024-01-06', 113.33, 27.2, 140.53, 1246.68, 0, NULL),
(661, 58, 5, '2024-02-03', 113.33, 24.93, 138.26, 1133.35, 0, NULL),
(662, 58, 6, '2024-03-02', 113.33, 22.67, 136, 1020.02, 0, NULL),
(663, 58, 7, '2024-04-06', 113.33, 20.4, 133.73, 906.69, 0, NULL),
(664, 58, 8, '2024-05-04', 113.33, 18.13, 131.46, 793.36, 0, NULL),
(665, 58, 9, '2024-06-01', 113.33, 15.87, 129.2, 680.03, 0, NULL),
(666, 58, 10, '2024-07-06', 113.33, 13.6, 126.93, 566.7, 0, NULL),
(667, 58, 11, '2024-08-03', 113.33, 11.33, 124.66, 453.37, 0, NULL),
(668, 58, 12, '2024-09-07', 113.33, 9.07, 122.4, 340.04, 0, NULL),
(669, 58, 13, '2024-10-05', 113.33, 6.8, 120.13, 226.71, 0, NULL),
(670, 58, 14, '2024-11-02', 113.33, 4.53, 117.86, 113.38, 0, NULL),
(671, 58, 15, '2024-12-07', 113.33, 2.27, 115.6, 0.05, 0, NULL),
(672, 59, 1, '2023-11-04', 83.33, 30, 113.33, 1416.67, 0, NULL),
(673, 59, 2, '2023-12-02', 83.33, 28.33, 111.66, 1333.34, 0, NULL),
(674, 59, 3, '2024-01-06', 83.33, 26.67, 110, 1250.01, 0, NULL),
(675, 59, 4, '2024-02-03', 83.33, 25, 108.33, 1166.68, 0, NULL),
(676, 59, 5, '2024-03-02', 83.33, 23.33, 106.66, 1083.35, 0, NULL),
(677, 59, 6, '2024-04-06', 83.33, 21.67, 105, 1000.02, 0, NULL),
(678, 59, 7, '2024-05-04', 83.33, 20, 103.33, 916.69, 0, NULL),
(679, 59, 8, '2024-06-01', 83.33, 18.33, 101.66, 833.36, 0, NULL),
(680, 59, 9, '2024-07-06', 83.33, 16.67, 100, 750.03, 0, NULL),
(681, 59, 10, '2024-08-03', 83.33, 15, 98.33, 666.7, 0, NULL),
(682, 59, 11, '2024-09-07', 83.33, 13.33, 96.66, 583.37, 0, NULL),
(683, 59, 12, '2024-10-05', 83.33, 11.67, 95, 500.04, 0, NULL),
(684, 59, 13, '2024-11-02', 83.33, 10, 93.33, 416.71, 0, NULL),
(685, 59, 14, '2024-12-07', 83.33, 8.33, 91.66, 333.38, 0, NULL),
(686, 59, 15, '2025-01-04', 83.33, 6.67, 90, 250.05, 0, NULL),
(687, 59, 16, '2025-02-01', 83.33, 5, 88.33, 166.72, 0, NULL),
(688, 59, 17, '2025-03-01', 83.33, 3.33, 86.66, 83.39, 0, NULL),
(689, 59, 18, '2025-04-05', 83.33, 1.67, 85, 0.06, 0, NULL),
(690, 60, 1, '2023-11-04', 58.33, 14, 72.33, 641.67, 0, NULL),
(691, 60, 2, '2023-12-02', 58.33, 12.83, 71.16, 583.34, 0, NULL),
(692, 60, 3, '2024-01-06', 58.33, 11.67, 70, 525.01, 0, NULL),
(693, 60, 4, '2024-02-03', 58.33, 10.5, 68.83, 466.68, 0, NULL),
(694, 60, 5, '2024-03-02', 58.33, 9.33, 67.66, 408.35, 0, NULL),
(695, 60, 6, '2024-04-06', 58.33, 8.17, 66.5, 350.02, 0, NULL),
(696, 60, 7, '2024-05-04', 58.33, 7, 65.33, 291.69, 0, NULL),
(697, 60, 8, '2024-06-01', 58.33, 5.83, 64.16, 233.36, 0, NULL),
(698, 60, 9, '2024-07-06', 58.33, 4.67, 63, 175.03, 0, NULL),
(699, 60, 10, '2024-08-03', 58.33, 3.5, 61.83, 116.7, 0, NULL),
(700, 60, 11, '2024-09-07', 58.33, 2.33, 60.66, 58.37, 0, NULL),
(701, 60, 12, '2024-10-05', 58.33, 1.17, 59.5, 0.04, 0, NULL);

-- --------------------------------------------------------

--
-- Estructura de tabla para la tabla `Person`
--

CREATE TABLE `Person` (
  `dni` varchar(10) NOT NULL,
  `names` varchar(50) NOT NULL,
  `surnames` varchar(50) NOT NULL,
  `birth_day` date NOT NULL,
  `address` varchar(100) NOT NULL,
  `phone` varchar(10) NOT NULL DEFAULT '999999999',
  `is_dni_copy` tinyint(1) DEFAULT 0
) ENGINE=InnoDB DEFAULT CHARSET=utf8mb4 COLLATE=utf8mb4_general_ci;

--
-- Volcado de datos para la tabla `Person`
--

INSERT INTO `Person` (`dni`, `names`, `surnames`, `birth_day`, `address`, `phone`, `is_dni_copy`) VALUES
('0000000000', '-----', '-----', '0001-01-01', '-----', '0000000000', 0),
('0103005567', 'LAURA ANGELA', 'FERNANDEZ RUMIPULLA', '1968-01-03', '-----', '0993862673', 1),
('0401123609', 'MARIA ESTEFANIA', 'CHAPUESGAL NAZAMUES', '1960-12-04', '-----', '0985263231', 1),
('0703368118', 'MARIUXI ESPERANZA', 'CELI CULQUI', '1975-01-24', '-----', '0000000000', 0),
('0803130632', 'ELBA CECILIA', 'SANCHEZ VASCO', '1986-12-25', '-----', '0959539380', 0),
('0804528958', 'CARLOS DANIEL', 'CELI SANCHEZ', '2005-09-05', '-----', '0000000000', 0),
('1703253326', 'MARIA SOLEDAD', 'VASCO TUPIZA', '0001-01-01', '-----', '0000000000', 1),
('1703277978', 'LUIS ENRIQUE', 'VASCO TUPIZA', '1951-02-13', '-----', '0982860859', 0),
('1703919538', 'MARIA DEL CARMEN', 'ESPIN DIAZ', '1956-01-10', '-----', '0994780033', 0),
('1706360177', 'VICTOR MANUEL', 'VASCO TUPIZA', '1955-12-18', '-----', '0000000000', 0),
('1706772884', 'EDWIN AMILCAR RAUL', 'VARGAS ALCOCER', '1964-01-20', '-----', '0994538251', 1),
('1707949101', 'AMPARO DEL PILAR', 'PILLAJO GUERRA', '1965-07-19', '-----', '0984052800', 1),
('1707953327', 'MARTHA CECILIA', 'VASCO PACHACAMA', '1964-09-16', '-----', '0962559902', 0),
('1708049141', 'JAVIER PATRICIO', 'VARGAS GUALPA', '1976-06-30', '-----', '0991431060', 1),
('1708550197', 'LUIS ANIBAL', 'ESPIN VASCO', '1972-04-23', '-----', '0000000000', 1),
('1709878704', 'ANA MARIA', 'CAMACHO SOSA', '0001-01-01', '-----', '0000000000', 0),
('1709972655', 'BERTHA UBALDINA', 'ESPIN VASCO', '1976-09-22', 'Antonio tandazo y via al IASA', '0997834327', 0),
('1711651347', 'MARIA SUSANA', 'CUEVA RAIMUNDO', '1975-11-14', '-----', '0000000000', 0),
('1712646221', 'YOLANDA DEL PILAR', 'ESPIN VASCO', '1973-09-11', '-----', '0000000000', 0),
('1713072856', 'MIGUEL ANGEL', 'GUTIERREZ GUTIERREZ', '1973-09-05', '-----', '0985263231', 1),
('1713328449', 'SANDRA JANETH', 'SANCHEZ VASCO', '1976-02-28', '-----', '0983789879', 1),
('1713829677', 'MARIA JACQUELINE', 'ÑACATO TIPAN', '1978-08-14', '-----', '0987164585', 1),
('1713848875', 'MARIA MAGDALENA', 'CULQUI PILLAJO', '1979-07-06', '-----', '0998946761', 1),
('1714681986', 'DARIO GERARDO', 'PACHACAMA VALVERDE', '1987-09-03', '-----', '0000000000', 1),
('1714728027', 'MARIANA DE JESUS', 'ALOMOTO TUPIZA', '1981-06-08', '-----', '0991062253', 1),
('1714932025', 'LADIS MARLENE', 'ARCOS MORALES', '1968-05-05', '-----', '0000000000', 1),
('1715406227', 'MAYRA HAYDE', 'SANCHEZ VASCO', '1980-11-03', '-----', '0989096053', 1),
('1720896222', 'EDISON PAUL', 'LOGACHO TUPIZA', '1992-09-14', '-----', '0000000000', 0),
('1722815907', 'PAOLA MARISOL', 'PACHACAMA ESPIN', '1994-10-04', 'Av. Antonio Tandazo y Via IASA', '0993270530', 1),
('1723610976', 'RICARDO ALEXANDER', 'GUAMAN ÑACATO', '0001-01-01', '-----', '0000000000', 0),
('1725264194', 'LIZETH', 'VASCO CAMACHO', '1996-03-01', '-----', '0995243107', 0),
('1725975658', 'KAREN LIZETH', 'LUGMAÑA ESPIN', '1999-04-30', '-----', '0984795590', 0),
('1727196279', 'NAYELI VANESSA', 'ARTEAGA CHICANGO', '1998-06-18', '-----', '0000000000', 0),
('1727625434', 'LENIN JAVIER', 'CULQUI VELASTEGUI', '2011-01-19', '-----', '2083344', 1),
('1751905850', 'MAYRA ELIZABETH', 'CORNEJO FERNANDEZ', '2005-10-17', '-----', '0986037412', 1),
('1752387504', 'LUIS SANTIAGO', 'CUASCOTA CHICAIZA', '1996-12-17', 'Rancho los Pinos', '0995497436', 1),
('1754218806', 'SAMANTHA LIZETH', 'PACHACAMA ESPIN', '0001-01-01', '-----', '0000000000', 0),
('1755007893', 'JOSUE ISMAEL', 'SILVA CULQUI', '2008-12-15', '-----', '022083304', 1),
('1755176342', 'MICHAEL MOISES', 'CULQUI SANCHEZ', '2009-01-25', '-----', '2083513', 1),
('1756525109', 'VICENTE ROMANELLY', 'GALLEGOS CHUQUIMARCA', '2014-04-04', '-----', '0984795590', 0),
('1760203248', 'GABRIEL SALOMON', 'CULQUI BETANCURT', '2020-04-20', '-----', '0000000000', 0);

--
-- Índices para tablas volcadas
--

--
-- Indices de la tabla `Account`
--
ALTER TABLE `Account`
  ADD PRIMARY KEY (`number`),
  ADD KEY `Account_Person_dni_fk` (`dni`);

--
-- Indices de la tabla `Discharge`
--
ALTER TABLE `Discharge`
  ADD PRIMARY KEY (`number`);

--
-- Indices de la tabla `Discharge_detail`
--
ALTER TABLE `Discharge_detail`
  ADD KEY `Discharge_detail_Discharge_number_fk` (`discharge_number`);

--
-- Indices de la tabla `Entry`
--
ALTER TABLE `Entry`
  ADD PRIMARY KEY (`number`),
  ADD KEY `Entry_Account_number_fk` (`account_number`);

--
-- Indices de la tabla `Entry_detail`
--
ALTER TABLE `Entry_detail`
  ADD KEY `Entry_detail_Entry_number_fk` (`entry_number`),
  ADD KEY `Entry_detail_Entry_type_id_fk` (`type_id`);

--
-- Indices de la tabla `Entry_type`
--
ALTER TABLE `Entry_type`
  ADD PRIMARY KEY (`id`);

--
-- Indices de la tabla `Loan`
--
ALTER TABLE `Loan`
  ADD PRIMARY KEY (`number`),
  ADD KEY `Loan_Account_number_fk` (`account`),
  ADD KEY `Loan_Account_number_fk2` (`guarantor1_account`),
  ADD KEY `Loan_Account_number_fk3` (`guarantor2_account`);

--
-- Indices de la tabla `Loan_detail`
--
ALTER TABLE `Loan_detail`
  ADD PRIMARY KEY (`id`),
  ADD KEY `Loan_detail_Entry_number_fk` (`entry_number`),
  ADD KEY `Loan_detail_Loan_number_fk` (`loan_number`);

--
-- Indices de la tabla `Person`
--
ALTER TABLE `Person`
  ADD PRIMARY KEY (`dni`);

--
-- AUTO_INCREMENT de las tablas volcadas
--

--
-- AUTO_INCREMENT de la tabla `Account`
--
ALTER TABLE `Account`
  MODIFY `number` int(11) NOT NULL AUTO_INCREMENT, AUTO_INCREMENT=54;

--
-- AUTO_INCREMENT de la tabla `Discharge`
--
ALTER TABLE `Discharge`
  MODIFY `number` int(11) NOT NULL AUTO_INCREMENT, AUTO_INCREMENT=79;

--
-- AUTO_INCREMENT de la tabla `Entry`
--
ALTER TABLE `Entry`
  MODIFY `number` int(11) NOT NULL AUTO_INCREMENT, AUTO_INCREMENT=533;

--
-- AUTO_INCREMENT de la tabla `Entry_type`
--
ALTER TABLE `Entry_type`
  MODIFY `id` int(11) NOT NULL AUTO_INCREMENT, AUTO_INCREMENT=12;

--
-- AUTO_INCREMENT de la tabla `Loan`
--
ALTER TABLE `Loan`
  MODIFY `number` int(11) NOT NULL AUTO_INCREMENT, AUTO_INCREMENT=61;

--
-- AUTO_INCREMENT de la tabla `Loan_detail`
--
ALTER TABLE `Loan_detail`
  MODIFY `id` int(11) NOT NULL AUTO_INCREMENT, AUTO_INCREMENT=702;

--
-- Restricciones para tablas volcadas
--

--
-- Filtros para la tabla `Account`
--
ALTER TABLE `Account`
  ADD CONSTRAINT `Account_Person_dni_fk` FOREIGN KEY (`dni`) REFERENCES `Person` (`dni`);

--
-- Filtros para la tabla `Discharge_detail`
--
ALTER TABLE `Discharge_detail`
  ADD CONSTRAINT `Discharge_detail_Discharge_number_fk` FOREIGN KEY (`discharge_number`) REFERENCES `Discharge` (`number`);

--
-- Filtros para la tabla `Entry`
--
ALTER TABLE `Entry`
  ADD CONSTRAINT `Entry_Account_number_fk` FOREIGN KEY (`account_number`) REFERENCES `Account` (`number`);

--
-- Filtros para la tabla `Entry_detail`
--
ALTER TABLE `Entry_detail`
  ADD CONSTRAINT `Entry_detail_Entry_number_fk` FOREIGN KEY (`entry_number`) REFERENCES `Entry` (`number`),
  ADD CONSTRAINT `Entry_detail_Entry_type_id_fk` FOREIGN KEY (`type_id`) REFERENCES `Entry_type` (`id`);

--
-- Filtros para la tabla `Loan`
--
ALTER TABLE `Loan`
  ADD CONSTRAINT `Loan_Account_number_fk` FOREIGN KEY (`account`) REFERENCES `Account` (`number`),
  ADD CONSTRAINT `Loan_Account_number_fk2` FOREIGN KEY (`guarantor1_account`) REFERENCES `Account` (`number`),
  ADD CONSTRAINT `Loan_Account_number_fk3` FOREIGN KEY (`guarantor2_account`) REFERENCES `Account` (`number`);

--
-- Filtros para la tabla `Loan_detail`
--
ALTER TABLE `Loan_detail`
  ADD CONSTRAINT `Loan_detail_Entry_number_fk` FOREIGN KEY (`entry_number`) REFERENCES `Entry` (`number`),
  ADD CONSTRAINT `Loan_detail_Loan_number_fk` FOREIGN KEY (`loan_number`) REFERENCES `Loan` (`number`);
COMMIT;

/*!40101 SET CHARACTER_SET_CLIENT=@OLD_CHARACTER_SET_CLIENT */;
/*!40101 SET CHARACTER_SET_RESULTS=@OLD_CHARACTER_SET_RESULTS */;
/*!40101 SET COLLATION_CONNECTION=@OLD_COLLATION_CONNECTION */;
